request_id,variant,layer,attention_device,query_tokens,elapsed_s,energy_J,attention_service_s,common_GPU_s,selector_V_transfer_s,KV_stored_private_tokens
Fugue-asplos-request-01,F1,0,GPU,3420,0.01040354026133572,0.8144207491737601,0.004364628265272844,0.006038911996062875,0.0,0
Fugue-asplos-request-01,F1,1,GPU,595,0.0030497176541455593,0.28532491249792,0.000759343221589866,0.0021985694192223583,9.180501333333333e-05,0
Fugue-asplos-request-01,F1,2,GPU,595,0.0020028724767096624,0.15517377325184,0.0009136258882565327,0.0010892465884531277,0.0,0
Fugue-asplos-request-01,F1,3,GPU,595,0.0020028724767096537,0.15517377325184,0.0009136258882565327,0.0010892465884531277,0.0,0
Fugue-asplos-request-01,F1,4,GPU,595,0.0020028724767096537,0.15517377325184,0.0009136258882565327,0.0010892465884531277,0.0,0
Fugue-asplos-request-01,F1,5,GPU,595,0.0020028724767096537,0.15517377325184,0.0009136258882565327,0.0010892465884531277,0.0,0
Fugue-asplos-request-01,F1,6,GPU,595,0.0020028724767096537,0.15517377325184,0.0009136258882565327,0.0010892465884531277,0.0,0
Fugue-asplos-request-01,F1,7,GPU,595,0.0020028724767096537,0.15517377325184,0.0009136258882565327,0.0010892465884531277,0.0,0
Fugue-asplos-request-01,F1,8,GPU,595,0.0020028724767096537,0.15517377325184,0.0009136258882565327,0.0010892465884531277,0.0,0
Fugue-asplos-request-01,F1,9,GPU,595,0.0020028724767096537,0.15517377325184,0.0009136258882565327,0.0010892465884531277,0.0,0
Fugue-asplos-request-01,F1,10,GPU,595,0.002002872476709657,0.15517377325184,0.0009136258882565327,0.0010892465884531277,0.0,0
Fugue-asplos-request-01,F1,11,GPU,595,0.0020028724767096537,0.15517377325184,0.0009136258882565327,0.0010892465884531277,0.0,0
Fugue-asplos-request-01,F1,12,GPU,595,0.0020028724767096537,0.15517377325184,0.0009136258882565327,0.0010892465884531277,0.0,0
Fugue-asplos-request-01,F1,13,GPU,595,0.0020028724767096537,0.15517377325184,0.0009136258882565327,0.0010892465884531277,0.0,0
Fugue-asplos-request-01,F1,14,GPU,595,0.0020028724767096537,0.15517377325184,0.0009136258882565327,0.0010892465884531277,0.0,0
Fugue-asplos-request-01,F1,15,GPU,595,0.0020028724767096537,0.15517377325184,0.0009136258882565327,0.0010892465884531277,0.0,0
Fugue-asplos-request-01,F1,16,GPU,595,0.0020028724767096537,0.15517377325184,0.0009136258882565327,0.0010892465884531277,0.0,0
Fugue-asplos-request-01,F1,17,GPU,595,0.0020028724767096537,0.15517377325184,0.0009136258882565327,0.0010892465884531277,0.0,0
Fugue-asplos-request-01,F1,18,GPU,595,0.0020028724767096537,0.15517377325184,0.0009136258882565327,0.0010892465884531277,0.0,0
Fugue-asplos-request-01,F1,19,GPU,595,0.0020028724767096537,0.15517377325184,0.0009136258882565327,0.0010892465884531277,0.0,0
Fugue-asplos-request-01,F1,20,GPU,595,0.0020028724767096537,0.15517377325184,0.0009136258882565327,0.0010892465884531277,0.0,0
Fugue-asplos-request-01,F1,21,GPU,595,0.0020028724767096537,0.15517377325184,0.0009136258882565327,0.0010892465884531277,0.0,0
Fugue-asplos-request-01,F1,22,GPU,595,0.0020028724767096537,0.15517377325184,0.0009136258882565327,0.0010892465884531277,0.0,0
Fugue-asplos-request-01,F1,23,GPU,595,0.0020028724767096537,0.15517377325184,0.0009136258882565327,0.0010892465884531277,0.0,0
Fugue-asplos-request-01,F1,24,GPU,595,0.0020028724767096537,0.15517377325184,0.0009136258882565327,0.0010892465884531277,0.0,0
Fugue-asplos-request-01,F1,25,GPU,595,0.0020028724767096537,0.15517377325184,0.0009136258882565327,0.0010892465884531277,0.0,0
Fugue-asplos-request-01,F1,26,GPU,595,0.0020028724767096537,0.15517377325184,0.0009136258882565327,0.0010892465884531277,0.0,0
Fugue-asplos-request-01,F1,27,GPU,595,0.0020028724767096606,0.15517377325184,0.0009136258882565327,0.0010892465884531277,0.0,0
Fugue-asplos-request-01,F1,28,GPU,595,0.0020028724767096606,0.15517377325184,0.0009136258882565327,0.0010892465884531277,0.0,0
Fugue-asplos-request-01,F1,29,GPU,595,0.0020028724767096606,0.15517377325184,0.0009136258882565327,0.0010892465884531277,0.0,0
Fugue-asplos-request-01,F1,30,GPU,595,0.0020028724767096606,0.15517377325184,0.0009136258882565327,0.0010892465884531277,0.0,0
Fugue-asplos-request-01,F1,31,GPU,595,0.0020028724767096606,0.15517377325184,0.0009136258882565327,0.0010892465884531277,0.0,0
Fugue-asplos-request-01,F2,0,GPU,3420,0.01059031786133572,0.8150034952857601,0.004551405865272844,0.006038911996062875,0.0,3420
Fugue-asplos-request-01,F2,1,GPU,595,0.0032364952541455595,0.28590765860992007,0.000946120821589866,0.0021985694192223583,9.180501333333333e-05,3420
Fugue-asplos-request-01,F2,2,GPU,595,0.002189650076709659,0.15575651936384,0.0011004034882565327,0.0010892465884531277,0.0,3420
Fugue-asplos-request-01,F2,3,GPU,595,0.002189650076709654,0.15575651936384,0.0011004034882565327,0.0010892465884531277,0.0,3420
Fugue-asplos-request-01,F2,4,GPU,595,0.002189650076709654,0.15575651936384,0.0011004034882565327,0.0010892465884531277,0.0,3420
Fugue-asplos-request-01,F2,5,GPU,595,0.002189650076709654,0.15575651936384,0.0011004034882565327,0.0010892465884531277,0.0,3420
Fugue-asplos-request-01,F2,6,GPU,595,0.002189650076709654,0.15575651936384,0.0011004034882565327,0.0010892465884531277,0.0,3420
Fugue-asplos-request-01,F2,7,GPU,595,0.002189650076709654,0.15575651936384,0.0011004034882565327,0.0010892465884531277,0.0,3420
Fugue-asplos-request-01,F2,8,GPU,595,0.002189650076709654,0.15575651936384,0.0011004034882565327,0.0010892465884531277,0.0,3420
Fugue-asplos-request-01,F2,9,GPU,595,0.0021896500767096608,0.15575651936384,0.0011004034882565327,0.0010892465884531277,0.0,3420
Fugue-asplos-request-01,F2,10,GPU,595,0.002189650076709654,0.15575651936384,0.0011004034882565327,0.0010892465884531277,0.0,3420
Fugue-asplos-request-01,F2,11,GPU,595,0.002189650076709654,0.15575651936384,0.0011004034882565327,0.0010892465884531277,0.0,3420
Fugue-asplos-request-01,F2,12,GPU,595,0.002189650076709654,0.15575651936384,0.0011004034882565327,0.0010892465884531277,0.0,3420
Fugue-asplos-request-01,F2,13,GPU,595,0.002189650076709654,0.15575651936384,0.0011004034882565327,0.0010892465884531277,0.0,3420
Fugue-asplos-request-01,F2,14,GPU,595,0.002189650076709654,0.15575651936384,0.0011004034882565327,0.0010892465884531277,0.0,3420
Fugue-asplos-request-01,F2,15,GPU,595,0.002189650076709654,0.15575651936384,0.0011004034882565327,0.0010892465884531277,0.0,3420
Fugue-asplos-request-01,F2,16,GPU,595,0.002189650076709654,0.15575651936384,0.0011004034882565327,0.0010892465884531277,0.0,3420
Fugue-asplos-request-01,F2,17,GPU,595,0.002189650076709654,0.15575651936384,0.0011004034882565327,0.0010892465884531277,0.0,3420
Fugue-asplos-request-01,F2,18,GPU,595,0.002189650076709654,0.15575651936384,0.0011004034882565327,0.0010892465884531277,0.0,3420
Fugue-asplos-request-01,F2,19,GPU,595,0.002189650076709654,0.15575651936384,0.0011004034882565327,0.0010892465884531277,0.0,3420
Fugue-asplos-request-01,F2,20,GPU,595,0.002189650076709654,0.15575651936384,0.0011004034882565327,0.0010892465884531277,0.0,3420
Fugue-asplos-request-01,F2,21,GPU,595,0.002189650076709654,0.15575651936384,0.0011004034882565327,0.0010892465884531277,0.0,3420
Fugue-asplos-request-01,F2,22,GPU,595,0.002189650076709654,0.15575651936384,0.0011004034882565327,0.0010892465884531277,0.0,3420
Fugue-asplos-request-01,F2,23,GPU,595,0.002189650076709654,0.15575651936384,0.0011004034882565327,0.0010892465884531277,0.0,3420
Fugue-asplos-request-01,F2,24,GPU,595,0.002189650076709647,0.15575651936384,0.0011004034882565327,0.0010892465884531277,0.0,3420
Fugue-asplos-request-01,F2,25,GPU,595,0.002189650076709654,0.15575651936384,0.0011004034882565327,0.0010892465884531277,0.0,3420
Fugue-asplos-request-01,F2,26,GPU,595,0.002189650076709654,0.15575651936384,0.0011004034882565327,0.0010892465884531277,0.0,3420
Fugue-asplos-request-01,F2,27,GPU,595,0.002189650076709654,0.15575651936384,0.0011004034882565327,0.0010892465884531277,0.0,3420
Fugue-asplos-request-01,F2,28,GPU,595,0.002189650076709654,0.15575651936384,0.0011004034882565327,0.0010892465884531277,0.0,3420
Fugue-asplos-request-01,F2,29,GPU,595,0.002189650076709654,0.15575651936384,0.0011004034882565327,0.0010892465884531277,0.0,3420
Fugue-asplos-request-01,F2,30,GPU,595,0.002189650076709654,0.15575651936384,0.0011004034882565327,0.0010892465884531277,0.0,3420
Fugue-asplos-request-01,F2,31,GPU,595,0.002189650076709654,0.15575651936384,0.0011004034882565327,0.0010892465884531277,0.0,3420
Fugue-asplos-request-01,F3,0,GPU,3420,0.01040354026133572,0.8150034952857601,0.004364628265272844,0.006038911996062875,0.0,3420
Fugue-asplos-request-01,F3,1,GPU,595,0.0030497176541455593,0.28590765860992007,0.000759343221589866,0.0021985694192223583,9.180501333333333e-05,3420
Fugue-asplos-request-01,F3,2,GPU,595,0.0020028724767096624,0.15527515744384,0.0009136258882565327,0.0010892465884531277,0.0,595
Fugue-asplos-request-01,F3,3,GPU,595,0.0020028724767096537,0.15527515744384,0.0009136258882565327,0.0010892465884531277,0.0,595
Fugue-asplos-request-01,F3,4,GPU,595,0.0020028724767096537,0.15527515744384,0.0009136258882565327,0.0010892465884531277,0.0,595
Fugue-asplos-request-01,F3,5,GPU,595,0.0020028724767096537,0.15527515744384,0.0009136258882565327,0.0010892465884531277,0.0,595
Fugue-asplos-request-01,F3,6,GPU,595,0.0020028724767096537,0.15527515744384,0.0009136258882565327,0.0010892465884531277,0.0,595
Fugue-asplos-request-01,F3,7,GPU,595,0.0020028724767096537,0.15527515744384,0.0009136258882565327,0.0010892465884531277,0.0,595
Fugue-asplos-request-01,F3,8,GPU,595,0.0020028724767096537,0.15527515744384,0.0009136258882565327,0.0010892465884531277,0.0,595
Fugue-asplos-request-01,F3,9,GPU,595,0.0020028724767096537,0.15527515744384,0.0009136258882565327,0.0010892465884531277,0.0,595
Fugue-asplos-request-01,F3,10,GPU,595,0.002002872476709657,0.15527515744384,0.0009136258882565327,0.0010892465884531277,0.0,595
Fugue-asplos-request-01,F3,11,GPU,595,0.0020028724767096537,0.15527515744384,0.0009136258882565327,0.0010892465884531277,0.0,595
Fugue-asplos-request-01,F3,12,GPU,595,0.0020028724767096537,0.15527515744384,0.0009136258882565327,0.0010892465884531277,0.0,595
Fugue-asplos-request-01,F3,13,GPU,595,0.0020028724767096537,0.15527515744384,0.0009136258882565327,0.0010892465884531277,0.0,595
Fugue-asplos-request-01,F3,14,GPU,595,0.0020028724767096537,0.15527515744384,0.0009136258882565327,0.0010892465884531277,0.0,595
Fugue-asplos-request-01,F3,15,GPU,595,0.0020028724767096537,0.15527515744384,0.0009136258882565327,0.0010892465884531277,0.0,595
Fugue-asplos-request-01,F3,16,GPU,595,0.0020028724767096537,0.15527515744384,0.0009136258882565327,0.0010892465884531277,0.0,595
Fugue-asplos-request-01,F3,17,GPU,595,0.0020028724767096537,0.15527515744384,0.0009136258882565327,0.0010892465884531277,0.0,595
Fugue-asplos-request-01,F3,18,GPU,595,0.0020028724767096537,0.15527515744384,0.0009136258882565327,0.0010892465884531277,0.0,595
Fugue-asplos-request-01,F3,19,GPU,595,0.0020028724767096537,0.15527515744384,0.0009136258882565327,0.0010892465884531277,0.0,595
Fugue-asplos-request-01,F3,20,GPU,595,0.0020028724767096537,0.15527515744384,0.0009136258882565327,0.0010892465884531277,0.0,595
Fugue-asplos-request-01,F3,21,GPU,595,0.0020028724767096537,0.15527515744384,0.0009136258882565327,0.0010892465884531277,0.0,595
Fugue-asplos-request-01,F3,22,GPU,595,0.0020028724767096537,0.15527515744384,0.0009136258882565327,0.0010892465884531277,0.0,595
Fugue-asplos-request-01,F3,23,GPU,595,0.0020028724767096537,0.15527515744384,0.0009136258882565327,0.0010892465884531277,0.0,595
Fugue-asplos-request-01,F3,24,GPU,595,0.0020028724767096537,0.15527515744384,0.0009136258882565327,0.0010892465884531277,0.0,595
Fugue-asplos-request-01,F3,25,GPU,595,0.0020028724767096537,0.15527515744384,0.0009136258882565327,0.0010892465884531277,0.0,595
Fugue-asplos-request-01,F3,26,GPU,595,0.0020028724767096537,0.15527515744384,0.0009136258882565327,0.0010892465884531277,0.0,595
Fugue-asplos-request-01,F3,27,GPU,595,0.0020028724767096606,0.15527515744384,0.0009136258882565327,0.0010892465884531277,0.0,595
Fugue-asplos-request-01,F3,28,GPU,595,0.0020028724767096606,0.15527515744384,0.0009136258882565327,0.0010892465884531277,0.0,595
Fugue-asplos-request-01,F3,29,GPU,595,0.0020028724767096606,0.15527515744384,0.0009136258882565327,0.0010892465884531277,0.0,595
Fugue-asplos-request-01,F3,30,GPU,595,0.0020028724767096606,0.15527515744384,0.0009136258882565327,0.0010892465884531277,0.0,595
Fugue-asplos-request-01,F3,31,GPU,595,0.0020028724767096606,0.15527515744384,0.0009136258882565327,0.0010892465884531277,0.0,595
Fugue-asplos-request-01,F4,0,GPU,3420,0.01040354026133572,0.8150034952857601,0.004364628265272844,0.006038911996062875,0.0,3420
Fugue-asplos-request-01,F4,1,GPU,595,0.0030497176541455593,0.28590765860992007,0.000759343221589866,0.0021985694192223583,9.180501333333333e-05,3420
Fugue-asplos-request-01,F4,2,PIM,595,0.0019216450380362647,0.14831591387392,0.0008323984495831352,0.0010892465884531277,0.0,595
Fugue-asplos-request-01,F4,3,PIM,595,0.001921645038036256,0.14831591387392,0.0008323984495831352,0.0010892465884531277,0.0,595
Fugue-asplos-request-01,F4,4,PIM,595,0.0019216450380362578,0.14831591387392,0.0008323984495831352,0.0010892465884531277,0.0,595
Fugue-asplos-request-01,F4,5,PIM,595,0.0019216450380362578,0.14831591387392,0.0008323984495831352,0.0010892465884531277,0.0,595
Fugue-asplos-request-01,F4,6,PIM,595,0.0019216450380362578,0.14831591387392,0.0008323984495831352,0.0010892465884531277,0.0,595
Fugue-asplos-request-01,F4,7,PIM,595,0.0019216450380362578,0.14831591387392,0.0008323984495831352,0.0010892465884531277,0.0,595
Fugue-asplos-request-01,F4,8,PIM,595,0.0019216450380362578,0.14831591387392,0.0008323984495831352,0.0010892465884531277,0.0,595
Fugue-asplos-request-01,F4,9,PIM,595,0.0019216450380362578,0.14831591387392,0.0008323984495831352,0.0010892465884531277,0.0,595
Fugue-asplos-request-01,F4,10,PIM,595,0.0019216450380362578,0.14831591387392,0.0008323984495831352,0.0010892465884531277,0.0,595
Fugue-asplos-request-01,F4,11,PIM,595,0.0019216450380362578,0.14831591387392,0.0008323984495831352,0.0010892465884531277,0.0,595
Fugue-asplos-request-01,F4,12,PIM,595,0.0019216450380362543,0.14831591387392,0.0008323984495831352,0.0010892465884531277,0.0,595
Fugue-asplos-request-01,F4,13,PIM,595,0.0019216450380362543,0.14831591387392,0.0008323984495831352,0.0010892465884531277,0.0,595
Fugue-asplos-request-01,F4,14,PIM,595,0.0019216450380362543,0.14831591387392,0.0008323984495831352,0.0010892465884531277,0.0,595
Fugue-asplos-request-01,F4,15,PIM,595,0.0019216450380362543,0.14831591387392,0.0008323984495831352,0.0010892465884531277,0.0,595
Fugue-asplos-request-01,F4,16,PIM,595,0.0019216450380362543,0.14831591387392,0.0008323984495831352,0.0010892465884531277,0.0,595
Fugue-asplos-request-01,F4,17,PIM,595,0.0019216450380362543,0.14831591387392,0.0008323984495831352,0.0010892465884531277,0.0,595
Fugue-asplos-request-01,F4,18,PIM,595,0.0019216450380362543,0.14831591387392,0.0008323984495831352,0.0010892465884531277,0.0,595
Fugue-asplos-request-01,F4,19,PIM,595,0.0019216450380362543,0.14831591387392,0.0008323984495831352,0.0010892465884531277,0.0,595
Fugue-asplos-request-01,F4,20,PIM,595,0.0019216450380362543,0.14831591387392,0.0008323984495831352,0.0010892465884531277,0.0,595
Fugue-asplos-request-01,F4,21,PIM,595,0.0019216450380362543,0.14831591387392,0.0008323984495831352,0.0010892465884531277,0.0,595
Fugue-asplos-request-01,F4,22,PIM,595,0.0019216450380362543,0.14831591387392,0.0008323984495831352,0.0010892465884531277,0.0,595
Fugue-asplos-request-01,F4,23,PIM,595,0.0019216450380362543,0.14831591387392,0.0008323984495831352,0.0010892465884531277,0.0,595
Fugue-asplos-request-01,F4,24,PIM,595,0.0019216450380362543,0.14831591387392,0.0008323984495831352,0.0010892465884531277,0.0,595
Fugue-asplos-request-01,F4,25,PIM,595,0.0019216450380362543,0.14831591387392,0.0008323984495831352,0.0010892465884531277,0.0,595
Fugue-asplos-request-01,F4,26,PIM,595,0.0019216450380362543,0.14831591387392,0.0008323984495831352,0.0010892465884531277,0.0,595
Fugue-asplos-request-01,F4,27,PIM,595,0.0019216450380362474,0.14831591387392,0.0008323984495831352,0.0010892465884531277,0.0,595
Fugue-asplos-request-01,F4,28,PIM,595,0.0019216450380362543,0.14831591387392,0.0008323984495831352,0.0010892465884531277,0.0,595
Fugue-asplos-request-01,F4,29,PIM,595,0.0019216450380362543,0.14831591387392,0.0008323984495831352,0.0010892465884531277,0.0,595
Fugue-asplos-request-01,F4,30,PIM,595,0.0019216450380362543,0.14831591387392,0.0008323984495831352,0.0010892465884531277,0.0,595
Fugue-asplos-request-01,F4,31,PIM,595,0.0019216450380362543,0.14831591387392,0.0008323984495831352,0.0010892465884531277,0.0,595
Fugue-asplos-request-02,F1,0,GPU,3458,0.01048512833456996,0.82563530229376,0.004462158847496842,0.006022969487073118,0.0,0
Fugue-asplos-request-02,F1,1,GPU,604,0.003115666706450488,0.28802796448512,0.0007793938530619122,0.0022435121067219082,9.276074666666667e-05,0
Fugue-asplos-request-02,F1,2,GPU,604,0.002040775061732539,0.15726865902336,0.0009352603063952456,0.0011055147553372924,0.0,0
Fugue-asplos-request-02,F1,3,GPU,604,0.002040775061732541,0.15726865902336,0.0009352603063952456,0.0011055147553372924,0.0,0
Fugue-asplos-request-02,F1,4,GPU,604,0.002040775061732541,0.15726865902336,0.0009352603063952456,0.0011055147553372924,0.0,0
Fugue-asplos-request-02,F1,5,GPU,604,0.002040775061732541,0.15726865902336,0.0009352603063952456,0.0011055147553372924,0.0,0
Fugue-asplos-request-02,F1,6,GPU,604,0.002040775061732541,0.15726865902336,0.0009352603063952456,0.0011055147553372924,0.0,0
Fugue-asplos-request-02,F1,7,GPU,604,0.002040775061732541,0.15726865902336,0.0009352603063952456,0.0011055147553372924,0.0,0
Fugue-asplos-request-02,F1,8,GPU,604,0.002040775061732541,0.15726865902336,0.0009352603063952456,0.0011055147553372924,0.0,0
Fugue-asplos-request-02,F1,9,GPU,604,0.002040775061732541,0.15726865902336,0.0009352603063952456,0.0011055147553372924,0.0,0
Fugue-asplos-request-02,F1,10,GPU,604,0.002040775061732541,0.15726865902336,0.0009352603063952456,0.0011055147553372924,0.0,0
Fugue-asplos-request-02,F1,11,GPU,604,0.0020407750617325443,0.15726865902336,0.0009352603063952456,0.0011055147553372924,0.0,0
Fugue-asplos-request-02,F1,12,GPU,604,0.0020407750617325443,0.15726865902336,0.0009352603063952456,0.0011055147553372924,0.0,0
Fugue-asplos-request-02,F1,13,GPU,604,0.0020407750617325443,0.15726865902336,0.0009352603063952456,0.0011055147553372924,0.0,0
Fugue-asplos-request-02,F1,14,GPU,604,0.0020407750617325443,0.15726865902336,0.0009352603063952456,0.0011055147553372924,0.0,0
Fugue-asplos-request-02,F1,15,GPU,604,0.0020407750617325443,0.15726865902336,0.0009352603063952456,0.0011055147553372924,0.0,0
Fugue-asplos-request-02,F1,16,GPU,604,0.0020407750617325443,0.15726865902336,0.0009352603063952456,0.0011055147553372924,0.0,0
Fugue-asplos-request-02,F1,17,GPU,604,0.0020407750617325443,0.15726865902336,0.0009352603063952456,0.0011055147553372924,0.0,0
Fugue-asplos-request-02,F1,18,GPU,604,0.0020407750617325443,0.15726865902336,0.0009352603063952456,0.0011055147553372924,0.0,0
Fugue-asplos-request-02,F1,19,GPU,604,0.0020407750617325443,0.15726865902336,0.0009352603063952456,0.0011055147553372924,0.0,0
Fugue-asplos-request-02,F1,20,GPU,604,0.0020407750617325443,0.15726865902336,0.0009352603063952456,0.0011055147553372924,0.0,0
Fugue-asplos-request-02,F1,21,GPU,604,0.0020407750617325443,0.15726865902336,0.0009352603063952456,0.0011055147553372924,0.0,0
Fugue-asplos-request-02,F1,22,GPU,604,0.0020407750617325443,0.15726865902336,0.0009352603063952456,0.0011055147553372924,0.0,0
Fugue-asplos-request-02,F1,23,GPU,604,0.0020407750617325443,0.15726865902336,0.0009352603063952456,0.0011055147553372924,0.0,0
Fugue-asplos-request-02,F1,24,GPU,604,0.0020407750617325443,0.15726865902336,0.0009352603063952456,0.0011055147553372924,0.0,0
Fugue-asplos-request-02,F1,25,GPU,604,0.0020407750617325374,0.15726865902336,0.0009352603063952456,0.0011055147553372924,0.0,0
Fugue-asplos-request-02,F1,26,GPU,604,0.0020407750617325304,0.15726865902336,0.0009352603063952456,0.0011055147553372924,0.0,0
Fugue-asplos-request-02,F1,27,GPU,604,0.0020407750617325304,0.15726865902336,0.0009352603063952456,0.0011055147553372924,0.0,0
Fugue-asplos-request-02,F1,28,GPU,604,0.0020407750617325304,0.15726865902336,0.0009352603063952456,0.0011055147553372924,0.0,0
Fugue-asplos-request-02,F1,29,GPU,604,0.0020407750617325304,0.15726865902336,0.0009352603063952456,0.0011055147553372924,0.0,0
Fugue-asplos-request-02,F1,30,GPU,604,0.0020407750617325304,0.15726865902336,0.0009352603063952456,0.0011055147553372924,0.0,0
Fugue-asplos-request-02,F1,31,GPU,604,0.0020407750617325304,0.15726865902336,0.0009352603063952456,0.0011055147553372924,0.0,0
Fugue-asplos-request-02,F2,0,GPU,3458,0.010673981241236627,0.82622452336256,0.004651011754163509,0.006022969487073118,0.0,3458
Fugue-asplos-request-02,F2,1,GPU,604,0.003304519613117155,0.28861718555392,0.0009682467597285788,0.0022435121067219082,9.276074666666667e-05,3458
Fugue-asplos-request-02,F2,2,GPU,604,0.0022296279683992077,0.15785788009216,0.0011241132130619122,0.0011055147553372924,0.0,3458
Fugue-asplos-request-02,F2,3,GPU,604,0.002229627968399206,0.15785788009216,0.0011241132130619122,0.0011055147553372924,0.0,3458
Fugue-asplos-request-02,F2,4,GPU,604,0.002229627968399206,0.15785788009216,0.0011241132130619122,0.0011055147553372924,0.0,3458
Fugue-asplos-request-02,F2,5,GPU,604,0.002229627968399206,0.15785788009216,0.0011241132130619122,0.0011055147553372924,0.0,3458
Fugue-asplos-request-02,F2,6,GPU,604,0.002229627968399206,0.15785788009216,0.0011241132130619122,0.0011055147553372924,0.0,3458
Fugue-asplos-request-02,F2,7,GPU,604,0.002229627968399206,0.15785788009216,0.0011241132130619122,0.0011055147553372924,0.0,3458
Fugue-asplos-request-02,F2,8,GPU,604,0.002229627968399206,0.15785788009216,0.0011241132130619122,0.0011055147553372924,0.0,3458
Fugue-asplos-request-02,F2,9,GPU,604,0.0022296279683992164,0.15785788009216,0.0011241132130619122,0.0011055147553372924,0.0,3458
Fugue-asplos-request-02,F2,10,GPU,604,0.00222962796839922,0.15785788009216,0.0011241132130619122,0.0011055147553372924,0.0,3458
Fugue-asplos-request-02,F2,11,GPU,604,0.00222962796839922,0.15785788009216,0.0011241132130619122,0.0011055147553372924,0.0,3458
Fugue-asplos-request-02,F2,12,GPU,604,0.00222962796839922,0.15785788009216,0.0011241132130619122,0.0011055147553372924,0.0,3458
Fugue-asplos-request-02,F2,13,GPU,604,0.00222962796839922,0.15785788009216,0.0011241132130619122,0.0011055147553372924,0.0,3458
Fugue-asplos-request-02,F2,14,GPU,604,0.00222962796839922,0.15785788009216,0.0011241132130619122,0.0011055147553372924,0.0,3458
Fugue-asplos-request-02,F2,15,GPU,604,0.00222962796839922,0.15785788009216,0.0011241132130619122,0.0011055147553372924,0.0,3458
Fugue-asplos-request-02,F2,16,GPU,604,0.00222962796839922,0.15785788009216,0.0011241132130619122,0.0011055147553372924,0.0,3458
Fugue-asplos-request-02,F2,17,GPU,604,0.00222962796839922,0.15785788009216,0.0011241132130619122,0.0011055147553372924,0.0,3458
Fugue-asplos-request-02,F2,18,GPU,604,0.00222962796839922,0.15785788009216,0.0011241132130619122,0.0011055147553372924,0.0,3458
Fugue-asplos-request-02,F2,19,GPU,604,0.00222962796839922,0.15785788009216,0.0011241132130619122,0.0011055147553372924,0.0,3458
Fugue-asplos-request-02,F2,20,GPU,604,0.00222962796839922,0.15785788009216,0.0011241132130619122,0.0011055147553372924,0.0,3458
Fugue-asplos-request-02,F2,21,GPU,604,0.00222962796839922,0.15785788009216,0.0011241132130619122,0.0011055147553372924,0.0,3458
Fugue-asplos-request-02,F2,22,GPU,604,0.00222962796839922,0.15785788009216,0.0011241132130619122,0.0011055147553372924,0.0,3458
Fugue-asplos-request-02,F2,23,GPU,604,0.002229627968399199,0.15785788009216,0.0011241132130619122,0.0011055147553372924,0.0,3458
Fugue-asplos-request-02,F2,24,GPU,604,0.002229627968399192,0.15785788009216,0.0011241132130619122,0.0011055147553372924,0.0,3458
Fugue-asplos-request-02,F2,25,GPU,604,0.002229627968399192,0.15785788009216,0.0011241132130619122,0.0011055147553372924,0.0,3458
Fugue-asplos-request-02,F2,26,GPU,604,0.002229627968399192,0.15785788009216,0.0011241132130619122,0.0011055147553372924,0.0,3458
Fugue-asplos-request-02,F2,27,GPU,604,0.002229627968399192,0.15785788009216,0.0011241132130619122,0.0011055147553372924,0.0,3458
Fugue-asplos-request-02,F2,28,GPU,604,0.002229627968399192,0.15785788009216,0.0011241132130619122,0.0011055147553372924,0.0,3458
Fugue-asplos-request-02,F2,29,GPU,604,0.002229627968399192,0.15785788009216,0.0011241132130619122,0.0011055147553372924,0.0,3458
Fugue-asplos-request-02,F2,30,GPU,604,0.002229627968399192,0.15785788009216,0.0011241132130619122,0.0011055147553372924,0.0,3458
Fugue-asplos-request-02,F2,31,GPU,604,0.002229627968399192,0.15785788009216,0.0011241132130619122,0.0011055147553372924,0.0,3458
Fugue-asplos-request-02,F3,0,GPU,3458,0.01048512833456996,0.82622452336256,0.004462158847496842,0.006022969487073118,0.0,3458
Fugue-asplos-request-02,F3,1,GPU,604,0.003115666706450488,0.28861718555392,0.0007793938530619122,0.0022435121067219082,9.276074666666667e-05,3458
Fugue-asplos-request-02,F3,2,GPU,604,0.002040775061732539,0.15737157675776,0.0009352603063952456,0.0011055147553372924,0.0,604
Fugue-asplos-request-02,F3,3,GPU,604,0.002040775061732541,0.15737157675776,0.0009352603063952456,0.0011055147553372924,0.0,604
Fugue-asplos-request-02,F3,4,GPU,604,0.002040775061732541,0.15737157675776,0.0009352603063952456,0.0011055147553372924,0.0,604
Fugue-asplos-request-02,F3,5,GPU,604,0.002040775061732541,0.15737157675776,0.0009352603063952456,0.0011055147553372924,0.0,604
Fugue-asplos-request-02,F3,6,GPU,604,0.002040775061732541,0.15737157675776,0.0009352603063952456,0.0011055147553372924,0.0,604
Fugue-asplos-request-02,F3,7,GPU,604,0.002040775061732541,0.15737157675776,0.0009352603063952456,0.0011055147553372924,0.0,604
Fugue-asplos-request-02,F3,8,GPU,604,0.002040775061732541,0.15737157675776,0.0009352603063952456,0.0011055147553372924,0.0,604
Fugue-asplos-request-02,F3,9,GPU,604,0.002040775061732541,0.15737157675776,0.0009352603063952456,0.0011055147553372924,0.0,604
Fugue-asplos-request-02,F3,10,GPU,604,0.002040775061732541,0.15737157675776,0.0009352603063952456,0.0011055147553372924,0.0,604
Fugue-asplos-request-02,F3,11,GPU,604,0.0020407750617325443,0.15737157675776,0.0009352603063952456,0.0011055147553372924,0.0,604
Fugue-asplos-request-02,F3,12,GPU,604,0.0020407750617325443,0.15737157675776,0.0009352603063952456,0.0011055147553372924,0.0,604
Fugue-asplos-request-02,F3,13,GPU,604,0.0020407750617325443,0.15737157675776,0.0009352603063952456,0.0011055147553372924,0.0,604
Fugue-asplos-request-02,F3,14,GPU,604,0.0020407750617325443,0.15737157675776,0.0009352603063952456,0.0011055147553372924,0.0,604
Fugue-asplos-request-02,F3,15,GPU,604,0.0020407750617325443,0.15737157675776,0.0009352603063952456,0.0011055147553372924,0.0,604
Fugue-asplos-request-02,F3,16,GPU,604,0.0020407750617325443,0.15737157675776,0.0009352603063952456,0.0011055147553372924,0.0,604
Fugue-asplos-request-02,F3,17,GPU,604,0.0020407750617325443,0.15737157675776,0.0009352603063952456,0.0011055147553372924,0.0,604
Fugue-asplos-request-02,F3,18,GPU,604,0.0020407750617325443,0.15737157675776,0.0009352603063952456,0.0011055147553372924,0.0,604
Fugue-asplos-request-02,F3,19,GPU,604,0.0020407750617325443,0.15737157675776,0.0009352603063952456,0.0011055147553372924,0.0,604
Fugue-asplos-request-02,F3,20,GPU,604,0.0020407750617325443,0.15737157675776,0.0009352603063952456,0.0011055147553372924,0.0,604
Fugue-asplos-request-02,F3,21,GPU,604,0.0020407750617325443,0.15737157675776,0.0009352603063952456,0.0011055147553372924,0.0,604
Fugue-asplos-request-02,F3,22,GPU,604,0.0020407750617325443,0.15737157675776,0.0009352603063952456,0.0011055147553372924,0.0,604
Fugue-asplos-request-02,F3,23,GPU,604,0.0020407750617325443,0.15737157675776,0.0009352603063952456,0.0011055147553372924,0.0,604
Fugue-asplos-request-02,F3,24,GPU,604,0.0020407750617325443,0.15737157675776,0.0009352603063952456,0.0011055147553372924,0.0,604
Fugue-asplos-request-02,F3,25,GPU,604,0.0020407750617325374,0.15737157675776,0.0009352603063952456,0.0011055147553372924,0.0,604
Fugue-asplos-request-02,F3,26,GPU,604,0.0020407750617325304,0.15737157675776,0.0009352603063952456,0.0011055147553372924,0.0,604
Fugue-asplos-request-02,F3,27,GPU,604,0.0020407750617325304,0.15737157675776,0.0009352603063952456,0.0011055147553372924,0.0,604
Fugue-asplos-request-02,F3,28,GPU,604,0.0020407750617325304,0.15737157675776,0.0009352603063952456,0.0011055147553372924,0.0,604
Fugue-asplos-request-02,F3,29,GPU,604,0.0020407750617325304,0.15737157675776,0.0009352603063952456,0.0011055147553372924,0.0,604
Fugue-asplos-request-02,F3,30,GPU,604,0.0020407750617325304,0.15737157675776,0.0009352603063952456,0.0011055147553372924,0.0,604
Fugue-asplos-request-02,F3,31,GPU,604,0.0020407750617325304,0.15737157675776,0.0009352603063952456,0.0011055147553372924,0.0,604
Fugue-asplos-request-02,F4,0,GPU,3458,0.01048512833456996,0.82622452336256,0.004462158847496842,0.006022969487073118,0.0,3458
Fugue-asplos-request-02,F4,1,GPU,604,0.003115666706450488,0.28861718555392,0.0007793938530619122,0.0022435121067219082,9.276074666666667e-05,3458
Fugue-asplos-request-02,F4,2,PIM,604,0.0019563019491901177,0.1503133570545664,0.0008507871938528248,0.0011055147553372924,0.0,604
Fugue-asplos-request-02,F4,3,PIM,604,0.0019563019491901194,0.1503133570545664,0.0008507871938528248,0.0011055147553372924,0.0,604
Fugue-asplos-request-02,F4,4,PIM,604,0.0019563019491901194,0.1503133570545664,0.0008507871938528248,0.0011055147553372924,0.0,604
Fugue-asplos-request-02,F4,5,PIM,604,0.0019563019491901194,0.1503133570545664,0.0008507871938528248,0.0011055147553372924,0.0,604
Fugue-asplos-request-02,F4,6,PIM,604,0.0019563019491901194,0.1503133570545664,0.0008507871938528248,0.0011055147553372924,0.0,604
Fugue-asplos-request-02,F4,7,PIM,604,0.0019563019491901194,0.1503133570545664,0.0008507871938528248,0.0011055147553372924,0.0,604
Fugue-asplos-request-02,F4,8,PIM,604,0.0019563019491901194,0.1503133570545664,0.0008507871938528248,0.0011055147553372924,0.0,604
Fugue-asplos-request-02,F4,9,PIM,604,0.0019563019491901194,0.1503133570545664,0.0008507871938528248,0.0011055147553372924,0.0,604
Fugue-asplos-request-02,F4,10,PIM,604,0.0019563019491901194,0.1503133570545664,0.0008507871938528248,0.0011055147553372924,0.0,604
Fugue-asplos-request-02,F4,11,PIM,604,0.0019563019491901368,0.1503133570545664,0.0008507871938528248,0.0011055147553372924,0.0,604
Fugue-asplos-request-02,F4,12,PIM,604,0.0019563019491901368,0.1503133570545664,0.0008507871938528248,0.0011055147553372924,0.0,604
Fugue-asplos-request-02,F4,13,PIM,604,0.0019563019491901368,0.1503133570545664,0.0008507871938528248,0.0011055147553372924,0.0,604
Fugue-asplos-request-02,F4,14,PIM,604,0.0019563019491901368,0.1503133570545664,0.0008507871938528248,0.0011055147553372924,0.0,604
Fugue-asplos-request-02,F4,15,PIM,604,0.0019563019491901368,0.1503133570545664,0.0008507871938528248,0.0011055147553372924,0.0,604
Fugue-asplos-request-02,F4,16,PIM,604,0.0019563019491901368,0.1503133570545664,0.0008507871938528248,0.0011055147553372924,0.0,604
Fugue-asplos-request-02,F4,17,PIM,604,0.0019563019491901368,0.1503133570545664,0.0008507871938528248,0.0011055147553372924,0.0,604
Fugue-asplos-request-02,F4,18,PIM,604,0.0019563019491901368,0.1503133570545664,0.0008507871938528248,0.0011055147553372924,0.0,604
Fugue-asplos-request-02,F4,19,PIM,604,0.0019563019491901368,0.1503133570545664,0.0008507871938528248,0.0011055147553372924,0.0,604
Fugue-asplos-request-02,F4,20,PIM,604,0.0019563019491901368,0.1503133570545664,0.0008507871938528248,0.0011055147553372924,0.0,604
Fugue-asplos-request-02,F4,21,PIM,604,0.0019563019491901368,0.1503133570545664,0.0008507871938528248,0.0011055147553372924,0.0,604
Fugue-asplos-request-02,F4,22,PIM,604,0.0019563019491901368,0.1503133570545664,0.0008507871938528248,0.0011055147553372924,0.0,604
Fugue-asplos-request-02,F4,23,PIM,604,0.0019563019491901368,0.1503133570545664,0.0008507871938528248,0.0011055147553372924,0.0,604
Fugue-asplos-request-02,F4,24,PIM,604,0.0019563019491901368,0.1503133570545664,0.0008507871938528248,0.0011055147553372924,0.0,604
Fugue-asplos-request-02,F4,25,PIM,604,0.0019563019491901368,0.1503133570545664,0.0008507871938528248,0.0011055147553372924,0.0,604
Fugue-asplos-request-02,F4,26,PIM,604,0.00195630194919013,0.1503133570545664,0.0008507871938528248,0.0011055147553372924,0.0,604
Fugue-asplos-request-02,F4,27,PIM,604,0.001956301949190109,0.1503133570545664,0.0008507871938528248,0.0011055147553372924,0.0,604
Fugue-asplos-request-02,F4,28,PIM,604,0.001956301949190109,0.1503133570545664,0.0008507871938528248,0.0011055147553372924,0.0,604
Fugue-asplos-request-02,F4,29,PIM,604,0.001956301949190109,0.1503133570545664,0.0008507871938528248,0.0011055147553372924,0.0,604
Fugue-asplos-request-02,F4,30,PIM,604,0.001956301949190109,0.1503133570545664,0.0008507871938528248,0.0011055147553372924,0.0,604
Fugue-asplos-request-02,F4,31,PIM,604,0.001956301949190109,0.1503133570545664,0.0008507871938528248,0.0011055147553372924,0.0,604
