model,config,rung,makespan_s,energy_nj,kv_mapping,pim_prefill_mode,link_bytes,event_count
GPT-13B,C-hi_k8,A5,11.235850783797318,2315869455529.8813,master-diff,pim,27662774784,11341232
GPT-13B,C-hi_k8,A6,11.235850783797318,2315869455529.8813,master-diff,dynamic,27662774784,11341232
GPT-175B,C-hi_k8,A5,42.58154712982143,19544972916859.617,master-diff,pim,39834382848,26434016
GPT-175B,C-hi_k8,A6,42.58154712982143,19544972916859.617,master-diff,dynamic,39834382848,26434016
LLAMA-33B,C-hi_k8,A5,25.47846269849713,5514729180398.337,master-diff,pim,53942383104,18056312
LLAMA-65B,C-hi_k8,A5,23.79774996245985,7682046319602.224,master-diff,pim,22130225664,21458752
LLAMA-7B,C-hi_k8,A5,20.503951559533878,1918756003454.6382,master-diff,pim,35408343552,10026336
LLAMA3-8B,C-hi_k8,A5,21.127263283961632,1973447217951.9292,master-diff,pim,35408343552,15246016
LLAMA3-8B,C-hi_k8,A6,18.70527949137319,1463078473168.1765,master-diff,dynamic,230269415936,9223104
GPT-13B,C-lo_k8,A5,8.025545592367578,1575592480459.8228,master-diff,pim,20951872000,10665392
GPT-13B,C-lo_k8,A6,8.025545592367578,1575592480459.8228,master-diff,dynamic,20951872000,10665392
GPT-175B,C-lo_k8,A5,34.467216897595016,16412265540521.363,master-diff,pim,30170690048,24812000
GPT-175B,C-lo_k8,A6,34.467216897595016,16412265540521.363,master-diff,dynamic,30170690048,24812000
LLAMA-33B,C-lo_k8,A5,19.024253727120858,3830531515129.8364,master-diff,pim,40856138240,17042552
LLAMA-33B,C-lo_k8,A6,19.024253727120858,3830531515129.8364,master-diff,dynamic,40856138240,17042552
LLAMA-65B,C-lo_k8,A5,18.713479513879438,6300574767671.767,master-diff,pim,16761500160,20107072
LLAMA-65B,C-lo_k8,A6,18.713479513879438,6300574767671.767,master-diff,dynamic,16761500160,20107072
LLAMA-7B,C-lo_k8,A5,11.530270077839642,1121590050094.9197,master-diff,pim,26818392576,9485664
LLAMA3-8B,C-lo_k8,A5,12.232672604809022,1223211521402.6157,master-diff,pim,26818392576,13869760
LLAMA3-8B,C-lo_k8,A6,11.492830708035871,1068349521842.1047,master-diff,dynamic,91756704256,9223104
GPT-13B,D-hi_k8,A5,17.73658973487248,3901965499421.2183,master-diff,pim,49407641088,24217536
LLAMA-33B,D-hi_k8,A5,41.661535213545875,9375127911602.45,master-diff,pim,96344851968,37434096
LLAMA-33B,D-hi_k8,A6,41.661535213545875,9375127911602.45,master-diff,dynamic,96344851968,37434096
LLAMA-65B,D-hi_k8,A5,39.29802009011224,13675078898290.525,master-diff,pim,39526123008,47295776
LLAMA3-8B,D-hi_k8,A5,31.61105093704499,3280129384407.1167,master-diff,pim,63241766400,31099904
GPT-13B,D-lo_k8,A5,4.104839634378325,691247414687.5753,master-diff,pim,9240576000,4142760
GPT-13B,D-lo_k8,A6,4.104839634378325,691247414687.5753,master-diff,dynamic,9240576000,4142760
GPT-175B,D-lo_k8,A5,17.53215279244114,8137002336569.402,master-diff,pim,13306429440,9157728
GPT-175B,D-lo_k8,A6,17.53215279244114,8137002336569.402,master-diff,dynamic,13306429440,9157728
LLAMA-33B,D-lo_k8,A5,9.557072497636138,1695187093621.698,master-diff,pim,18019123200,7226940
LLAMA-33B,D-lo_k8,A6,9.557072497636138,1695187093621.698,master-diff,dynamic,18019123200,7226940
LLAMA-65B,D-lo_k8,A5,9.6992090212636,3103314985129.128,master-diff,pim,7392460800,7019600
LLAMA-65B,D-lo_k8,A6,9.6992090212636,3103314985129.128,master-diff,dynamic,7392460800,7019600
LLAMA-7B,D-lo_k8,A5,5.007722213935334,429057529342.75946,master-diff,pim,11827937280,4250656
LLAMA3-8B,D-lo_k8,A5,5.524362231789697,485524102871.6087,master-diff,pim,11827937280,5770784
LLAMA3-8B,D-lo_k8,A6,5.408822037933027,451547864605.5373,master-diff,dynamic,45046824960,4543904
GPT-13B,N-lo_k8,A5,3.9556463961013058,663318098948.9574,master-diff,pim,6763317888,2933928
GPT-13B,N-lo_k8,A6,3.9556463961013058,663318098948.9574,master-diff,dynamic,6763317888,2933928
GPT-175B,N-lo_k8,A5,17.13607422786048,7681895956076.106,master-diff,pim,9739176576,6845192
GPT-175B,N-lo_k8,A6,17.13607422786048,7681895956076.106,master-diff,dynamic,9739176576,6845192
LLAMA-33B,N-lo_k8,A5,9.37004780006613,1627797498579.6826,master-diff,pim,13188467328,4677368
LLAMA-33B,N-lo_k8,A6,9.37004780006613,1627797498579.6826,master-diff,dynamic,13188467328,4677368
LLAMA-65B,N-lo_k8,A5,9.421235989823046,2917578968236.6865,master-diff,pim,5410654848,5499848
LLAMA-65B,N-lo_k8,A6,9.421235989823046,2917578968236.6865,master-diff,dynamic,5410654848,5499848
LLAMA-7B,N-lo_k8,A5,4.712001269937971,422323083730.6836,master-diff,pim,8657046144,2593672
LLAMA3-8B,N-lo_k8,A5,5.172505301242083,453241225290.8032,master-diff,pim,8657046144,3536040
LLAMA3-8B,N-lo_k8,A6,5.012902155571897,416548943626.64044,master-diff,dynamic,25054677632,2412200
GPT-13B,broadcast_k8,A5,5.682012156687403,948991234392.0786,master-diff,pim,9818121216,5414352
GPT-13B,broadcast_k8,A6,5.682012156687403,948991234392.0786,master-diff,dynamic,9818121216,5414352
GPT-175B,broadcast_k8,A5,24.591447424430413,11204195966200.994,master-diff,pim,14138090496,11816288
GPT-175B,broadcast_k8,A6,24.591447424430413,11204195966200.994,master-diff,dynamic,14138090496,11816288
LLAMA-33B,broadcast_k8,A5,13.300249823762195,2337288768884.0513,master-diff,pim,19145327616,8906852
LLAMA-33B,broadcast_k8,A6,13.300249823762195,2337288768884.0513,master-diff,dynamic,19145327616,8906852
LLAMA-65B,broadcast_k8,A5,13.639691326984323,4255037458529.578,master-diff,pim,7854498816,8927952
LLAMA-65B,broadcast_k8,A6,13.639691326984323,4255037458529.578,master-diff,dynamic,7854498816,8927952
LLAMA-7B,broadcast_k8,A5,6.751762504617504,592061890293.974,master-diff,pim,12567192576,4751872
LLAMA3-8B,broadcast_k8,A5,7.378753073575655,653561258342.9907,master-diff,pim,12567192576,6400000
GPT-13B,k-hi_k32,A5,10.121053622146443,2071806976243.8296,master-diff,pim,30041719296,12327272
GPT-13B,k-hi_k32,A6,10.121053622146443,2071806976243.8296,master-diff,dynamic,30041719296,12327272
GPT-175B,k-hi_k32,A5,39.666689643589464,18917212572186.004,master-diff,pim,43260068352,28800512
LLAMA-33B,k-hi_k32,A5,23.79727336671079,4982180954428.526,master-diff,pim,58581336576,19535372
LLAMA-33B,k-hi_k32,A6,23.79727336671079,4982180954428.526,master-diff,dynamic,58581336576,19535372
LLAMA-65B,k-hi_k32,A5,21.32693307567012,7347155456056.041,master-diff,pim,24033378816,23430832
LLAMA-7B,k-hi_k32,A5,20.355781730813668,1642225671475.7178,master-diff,pim,38453395968,10815168
LLAMA3-8B,k-hi_k32,A5,20.797068105548934,1721447543663.0273,master-diff,pim,38453395968,17253952
GPT-13B,k-lo_k2,A5,8.401686159065578,1662009574372.5547,master-diff,pim,20776567296,10465712
GPT-13B,k-lo_k2,A6,8.401686159065578,1662009574372.5547,master-diff,dynamic,20776567296,10465712
GPT-175B,k-lo_k2,A5,35.27970056706693,16696147032015.705,master-diff,pim,29918249472,24332768
GPT-175B,k-lo_k2,A6,35.27970056706693,16696147032015.705,master-diff,dynamic,29918249472,24332768
LLAMA-33B,k-lo_k2,A5,19.714491694160888,4024393640100.16,master-diff,pim,40514290176,16743032
LLAMA-33B,k-lo_k2,A6,19.714491694160888,4024393640100.16,master-diff,dynamic,40514290176,16743032
LLAMA-65B,k-lo_k2,A5,19.261120808864842,6435610432567.536,master-diff,pim,16621257216,19707712
LLAMA-7B,k-lo_k2,A5,12.558428272223846,1218557570369.913,master-diff,pim,26594001408,9325920
LLAMA3-8B,k-lo_k2,A5,13.380451442464645,1311489875117.0764,master-diff,pim,26594001408,13453792
GPT-13B,pipeline_k8,A5,6.7188879580728695,1013282044399.9332,master-diff,pim,3588097728,1699646
GPT-13B,pipeline_k8,A6,6.7188879580728695,1013282044399.9332,master-diff,dynamic,3588097728,1699646
GPT-175B,pipeline_k8,A5,29.867098787934694,12850602063530.732,master-diff,pim,5166859968,4079142
GPT-175B,pipeline_k8,A6,29.867098787934694,12850602063530.732,master-diff,dynamic,5166859968,4079142
LLAMA-33B,pipeline_k8,A5,15.66835964751268,2535153409143.0444,master-diff,pim,6996788928,2611146
LLAMA-33B,pipeline_k8,A6,15.66835964751268,2535153409143.0444,master-diff,dynamic,6996788928,2611146
LLAMA-65B,pipeline_k8,A5,16.748841056026794,4797649300092.807,master-diff,pim,2870478528,3481526
LLAMA-65B,pipeline_k8,A6,16.748841056026794,4797649300092.807,master-diff,dynamic,2870478528,3481526
LLAMA-7B,pipeline_k8,A5,6.838965287984565,587901758400.6697,master-diff,pim,4592764608,1392614
LLAMA3-8B,pipeline_k8,A5,7.475774786879281,610790545125.8834,master-diff,pim,4592764608,1554182
GPT-13B,reduce_k8,A5,6.057013302559125,1066544666871.7664,master-diff,pim,12970394656,5240962
GPT-13B,reduce_k8,A6,6.057013302559125,1066544666871.7664,master-diff,dynamic,12970394656,5240962
GPT-175B,reduce_k8,A5,25.794453042819818,11932767162345.46,master-diff,pim,18677367840,11793410
GPT-175B,reduce_k8,A6,25.794453042819818,11932767162345.46,master-diff,dynamic,18677367840,11793410
LLAMA-33B,reduce_k8,A5,14.152026165125934,2612961264275.6777,master-diff,pim,25292268576,8889662
LLAMA-33B,reduce_k8,A6,14.152026165125934,2612961264275.6777,master-diff,dynamic,25292268576,8889662
LLAMA-65B,reduce_k8,A5,14.18481385875978,4543194630345.928,master-diff,pim,10376315936,9236562
LLAMA-65B,reduce_k8,A6,14.18481385875978,4543194630345.928,master-diff,dynamic,10376315936,9236562
LLAMA-7B,reduce_k8,A5,7.892501809564851,707745705406.1147,master-diff,pim,16602104864,5137442
LLAMA3-8B,reduce_k8,A5,8.536132882141644,751067238797.1918,master-diff,pim,16602104864,7520898
GPT-13B,supervisor_k8,A5,11.301813855342477,2015059607844.2346,master-diff,pim,21215661088,12051786
GPT-13B,supervisor_k8,A6,11.301813855342477,2015059607844.2346,master-diff,dynamic,21215661088,12051786
GPT-175B,supervisor_k8,A5,48.785824554005316,22471148353059.926,master-diff,pim,30550543392,27741474
GPT-175B,supervisor_k8,A6,48.785824554005316,22471148353059.926,master-diff,dynamic,30550543392,27741474
LLAMA-33B,supervisor_k8,A5,26.52229356885336,4939940288847.611,master-diff,pim,41370520608,18910086
LLAMA-65B,supervisor_k8,A5,26.851491720605523,8555683488974.489,master-diff,pim,16972532768,20624626
LLAMA-7B,supervisor_k8,A5,14.696677970083998,1344641764044.5964,master-diff,pim,27156040736,10086946
LLAMA3-8B,supervisor_k8,A5,15.767142782931906,1440821934633.4722,master-diff,pim,27156040736,14246530
