sample,frequency_ghz,effective_query_MAC_per_ns,compute_query_MAC_per_ns,power_query_MAC_per_ns
0,0.3250975292587776,0.3250975292587776,0.3250975292587776,1.3003901170351104
1,0.3288903337667967,0.3250975292587776,0.3250975292587776,1.3003901170351104
2,0.33268313827481577,0.3250975292587776,0.3250975292587776,1.3003901170351104
3,0.3355845463316414,0.3355845463316414,0.3355845463316414,1.3003901170351104
4,0.3364759427828348,0.3355845463316414,0.3355845463316414,1.3003901170351104
5,0.34026874729085393,0.3355845463316414,0.3355845463316414,1.3003901170351104
6,0.344061551798873,0.3355845463316414,0.3355845463316414,1.3003901170351104
7,0.3467706978760295,0.3467706978760295,0.3467706978760295,1.3003901170351104
8,0.34785435630689204,0.3467706978760295,0.3467706978760295,1.3003901170351104
9,0.35164716081491115,0.3467706978760295,0.3467706978760295,1.3003901170351104
10,0.3554399653229302,0.3467706978760295,0.3467706978760295,1.3003901170351104
11,0.3587283081476167,0.3587283081476167,0.3587283081476167,1.3003901170351104
12,0.35923276983094926,0.3587283081476167,0.3587283081476167,1.3003901170351104
13,0.36302557433896837,0.3587283081476167,0.3587283081476167,1.3003901170351104
14,0.3668183788469874,0.3587283081476167,0.3587283081476167,1.3003901170351104
15,0.3706111833550065,0.3587283081476167,0.3587283081476167,1.3003901170351104
16,0.37154003343860303,0.37154003343860303,0.37154003343860303,1.3003901170351104
17,0.3744039878630256,0.37154003343860303,0.37154003343860303,1.3003901170351104
18,0.37819679237104464,0.37154003343860303,0.37154003343860303,1.3003901170351104
19,0.3819895968790637,0.37154003343860303,0.37154003343860303,1.3003901170351104
20,0.38530077541781055,0.38530077541781055,0.3853007754178105,1.3003901170351104
21,0.3857824013870828,0.38530077541781055,0.3853007754178105,1.3003901170351104
22,0.38957520589510186,0.38530077541781055,0.3853007754178105,1.3003901170351104
23,0.3933680104031209,0.38530077541781055,0.3853007754178105,1.3003901170351104
24,0.39716081491114,0.38530077541781055,0.3853007754178105,1.3003901170351104
25,0.40012003601080326,0.40012003601080326,0.40012003601080326,1.3003901170351104
26,0.4009536194191591,0.40012003601080326,0.40012003601080326,1.3003901170351104
27,0.40474642392717813,0.40012003601080326,0.40012003601080326,1.3003901170351104
28,0.40853922843519724,0.40012003601080326,0.40012003601080326,1.3003901170351104
29,0.4123320329432163,0.40012003601080326,0.40012003601080326,1.3003901170351104
30,0.41612483745123535,0.41612483745123535,0.41612483745123535,1.3003901170351104
31,0.41991764195925446,0.41612483745123535,0.41612483745123535,1.3003901170351104
32,0.4237104464672735,0.41612483745123535,0.41612483745123535,1.3003901170351104
33,0.42750325097529257,0.41612483745123535,0.41612483745123535,1.3003901170351104
34,0.4312960554833117,0.41612483745123535,0.41612483745123535,1.3003901170351104
35,0.43346337234503685,0.43346337234503685,0.43346337234503685,1.3003901170351104
36,0.43508885999133073,0.43346337234503685,0.43346337234503685,1.3003901170351104
37,0.4388816644993498,0.43346337234503685,0.43346337234503685,1.3003901170351104
38,0.4426744690073689,0.43346337234503685,0.43346337234503685,1.3003901170351104
39,0.44646727351538795,0.43346337234503685,0.43346337234503685,1.3003901170351104
40,0.450260078023407,0.43346337234503685,0.43346337234503685,1.3003901170351104
41,0.4523096059252558,0.4523096059252558,0.4523096059252558,1.3003901170351104
42,0.4540528825314261,0.4523096059252558,0.4523096059252558,1.3003901170351104
43,0.45784568703944517,0.4523096059252558,0.4523096059252558,1.3003901170351104
44,0.4616384915474642,0.4523096059252558,0.4523096059252558,1.3003901170351104
45,0.46543129605548333,0.4523096059252558,0.4523096059252558,1.3003901170351104
46,0.4692241005635024,0.4523096059252558,0.4523096059252558,1.3003901170351104
47,0.4728691334673129,0.4728691334673129,0.47286913346731296,1.3003901170351104
48,0.47301690507152144,0.4728691334673129,0.47286913346731296,1.3003901170351104
49,0.47680970957954055,0.4728691334673129,0.47286913346731296,1.3003901170351104
50,0.4806025140875596,0.4728691334673129,0.47286913346731296,1.3003901170351104
51,0.48439531859557866,0.4728691334673129,0.47286913346731296,1.3003901170351104
52,0.48818812310359777,0.4728691334673129,0.47286913346731296,1.3003901170351104
53,0.4919809276116168,0.4728691334673129,0.47286913346731296,1.3003901170351104
54,0.49538671125147066,0.49538671125147066,0.49538671125147066,1.3003901170351104
55,0.4957737321196359,0.49538671125147066,0.49538671125147066,1.3003901170351104
56,0.499566536627655,0.49538671125147066,0.49538671125147066,1.3003901170351104
57,0.503359341135674,0.49538671125147066,0.49538671125147066,1.3003901170351104
58,0.5071521456436932,0.49538671125147066,0.49538671125147066,1.3003901170351104
59,0.5109449501517122,0.49538671125147066,0.49538671125147066,1.3003901170351104
60,0.5147377546597313,0.49538671125147066,0.49538671125147066,1.3003901170351104
61,0.5185305591677504,0.49538671125147066,0.49538671125147066,1.3003901170351104
62,0.5201560468140443,0.5201560468140443,0.5201560468140441,1.3003901170351104
63,0.5223233636757694,0.5201560468140443,0.5201560468140441,1.3003901170351104
64,0.5261161681837885,0.5201560468140443,0.5201560468140441,1.3003901170351104
65,0.5299089726918076,0.5201560468140443,0.5201560468140441,1.3003901170351104
66,0.5337017771998266,0.5201560468140443,0.5201560468140441,1.3003901170351104
67,0.5374945817078457,0.5201560468140443,0.5201560468140441,1.3003901170351104
68,0.5412873862158648,0.5201560468140443,0.5201560468140441,1.3003901170351104
69,0.5450801907238838,0.5201560468140443,0.5201560468140441,1.3003901170351104
70,0.5475326808568887,0.5475326808568887,0.5475326808568887,1.3003901170351104
71,0.5488729952319029,0.5475326808568887,0.5475326808568887,1.3003901170351104
72,0.552665799739922,0.5475326808568887,0.5475326808568887,1.3003901170351104
73,0.556458604247941,0.5475326808568887,0.5475326808568887,1.3003901170351104
74,0.5602514087559601,0.5475326808568887,0.5475326808568887,1.3003901170351104
75,0.5640442132639792,0.5475326808568887,0.5475326808568887,1.3003901170351104
76,0.5678370177719982,0.5475326808568887,0.5475326808568887,1.3003901170351104
77,0.5716298222800174,0.5475326808568887,0.5475326808568887,1.3003901170351104
78,0.5754226267880365,0.5475326808568887,0.5475326808568887,1.3003901170351104
79,0.5779511631267158,0.5779511631267158,0.5779511631267158,1.3003901170351104
80,0.5792154312960555,0.5779511631267158,0.5779511631267158,1.3003901170351104
81,0.5830082358040746,0.5779511631267158,0.5779511631267158,1.3003901170351104
82,0.5868010403120937,0.5779511631267158,0.5779511631267158,1.3003901170351104
83,0.5905938448201127,0.5779511631267158,0.5779511631267158,1.3003901170351104
84,0.5943866493281318,0.5779511631267158,0.5779511631267158,1.3003901170351104
85,0.5981794538361509,0.5779511631267158,0.5779511631267158,1.3003901170351104
86,0.6019722583441699,0.5779511631267158,0.5779511631267158,1.3003901170351104
87,0.605765062852189,0.5779511631267158,0.5779511631267158,1.3003901170351104
88,0.6095578673602081,0.5779511631267158,0.5779511631267158,1.3003901170351104
89,0.6119482903694637,0.6119482903694637,0.6119482903694637,1.3003901170351104
90,0.6133506718682271,0.6119482903694637,0.6119482903694637,1.3003901170351104
91,0.6171434763762462,0.6119482903694637,0.6119482903694637,1.3003901170351104
92,0.6209362808842653,0.6119482903694637,0.6119482903694637,1.3003901170351104
93,0.6247290853922843,0.6119482903694637,0.6119482903694637,1.3003901170351104
94,0.6285218899003034,0.6119482903694637,0.6119482903694637,1.3003901170351104
95,0.6323146944083224,0.6119482903694637,0.6119482903694637,1.3003901170351104
96,0.6361074989163416,0.6119482903694637,0.6119482903694637,1.3003901170351104
97,0.6399003034243607,0.6119482903694637,0.6119482903694637,1.3003901170351104
98,0.6436931079323797,0.6119482903694637,0.6119482903694637,1.3003901170351104
99,0.6474859124403988,0.6119482903694637,0.6119482903694637,1.3003901170351104
100,0.6501950585175552,0.6501950585175552,0.6501950585175552,1.3003901170351104
101,0.6512787169484179,0.6501950585175552,0.6501950585175552,1.3003901170351104
102,0.6550715214564369,0.6501950585175552,0.6501950585175552,1.3003901170351104
103,0.658864325964456,0.6501950585175552,0.6501950585175552,1.3003901170351104
104,0.6626571304724751,0.6501950585175552,0.6501950585175552,1.3003901170351104
105,0.6664499349804941,0.6501950585175552,0.6501950585175552,1.3003901170351104
106,0.6702427394885132,0.6501950585175552,0.6501950585175552,1.3003901170351104
107,0.6740355439965323,0.6501950585175552,0.6501950585175552,1.3003901170351104
108,0.6778283485045513,0.6501950585175552,0.6501950585175552,1.3003901170351104
109,0.6816211530125704,0.6501950585175552,0.6501950585175552,1.3003901170351104
110,0.6854139575205895,0.6501950585175552,0.6501950585175552,1.3003901170351104
111,0.6892067620286085,0.6501950585175552,0.6501950585175552,1.3003901170351104
112,0.6929995665366276,0.6501950585175552,0.6501950585175552,1.3003901170351104
113,0.693541395752059,0.693541395752059,0.693541395752059,1.3003901170351104
114,0.6967923710446468,0.693541395752059,0.693541395752059,1.3003901170351104
115,0.7005851755526658,0.693541395752059,0.693541395752059,1.3003901170351104
116,0.7043779800606849,0.693541395752059,0.693541395752059,1.3003901170351104
117,0.708170784568704,0.693541395752059,0.693541395752059,1.3003901170351104
118,0.711963589076723,0.693541395752059,0.693541395752059,1.3003901170351104
119,0.7157563935847421,0.693541395752059,0.693541395752059,1.3003901170351104
120,0.7195491980927612,0.693541395752059,0.693541395752059,1.3003901170351104
121,0.7233420026007802,0.693541395752059,0.693541395752059,1.3003901170351104
122,0.7271348071087993,0.693541395752059,0.693541395752059,1.3003901170351104
123,0.7309276116168184,0.693541395752059,0.693541395752059,1.3003901170351104
124,0.7347204161248374,0.693541395752059,0.693541395752059,1.3003901170351104
125,0.7385132206328565,0.693541395752059,0.693541395752059,1.3003901170351104
126,0.7423060251408756,0.693541395752059,0.693541395752059,1.3003901170351104
127,0.7430800668772061,0.7430800668772061,0.7430800668772061,1.3003901170351104
128,0.7460988296488946,0.7430800668772061,0.7430800668772061,1.3003901170351104
129,0.7498916341569137,0.7430800668772061,0.7430800668772061,1.3003901170351104
130,0.7536844386649328,0.7430800668772061,0.7430800668772061,1.3003901170351104
131,0.7574772431729518,0.7430800668772061,0.7430800668772061,1.3003901170351104
132,0.761270047680971,0.7430800668772061,0.7430800668772061,1.3003901170351104
133,0.7650628521889901,0.7430800668772061,0.7430800668772061,1.3003901170351104
134,0.7688556566970091,0.7430800668772061,0.7430800668772061,1.3003901170351104
135,0.7726484612050282,0.7430800668772061,0.7430800668772061,1.3003901170351104
136,0.7764412657130473,0.7430800668772061,0.7430800668772061,1.3003901170351104
137,0.7802340702210663,0.7430800668772061,0.7430800668772061,1.3003901170351104
138,0.7840268747290854,0.7430800668772061,0.7430800668772061,1.3003901170351104
139,0.7878196792371045,0.7430800668772061,0.7430800668772061,1.3003901170351104
140,0.7916124837451235,0.7430800668772061,0.7430800668772061,1.3003901170351104
141,0.7954052882531426,0.7430800668772061,0.7430800668772061,1.3003901170351104
142,0.7991980927611617,0.7430800668772061,0.7430800668772061,1.3003901170351104
143,0.8002400720216065,0.8002400720216065,0.8002400720216065,1.3003901170351104
144,0.8029908972691807,0.8002400720216065,0.8002400720216065,1.3003901170351104
145,0.8067837017771998,0.8002400720216065,0.8002400720216065,1.3003901170351104
146,0.8105765062852189,0.8002400720216065,0.8002400720216065,1.3003901170351104
147,0.8143693107932379,0.8002400720216065,0.8002400720216065,1.3003901170351104
148,0.818162115301257,0.8002400720216065,0.8002400720216065,1.3003901170351104
149,0.8219549198092762,0.8002400720216065,0.8002400720216065,1.3003901170351104
150,0.8257477243172952,0.8002400720216065,0.8002400720216065,1.3003901170351104
151,0.8295405288253143,0.8002400720216065,0.8002400720216065,1.3003901170351104
152,0.8333333333333334,0.8002400720216065,0.8002400720216065,1.3003901170351104
153,0.8371261378413524,0.8002400720216065,0.8002400720216065,1.3003901170351104
154,0.8409189423493715,0.8002400720216065,0.8002400720216065,1.3003901170351104
155,0.8447117468573906,0.8002400720216065,0.8002400720216065,1.3003901170351104
156,0.8485045513654096,0.8002400720216065,0.8002400720216065,1.3003901170351104
157,0.8522973558734287,0.8002400720216065,0.8002400720216065,1.3003901170351104
158,0.8560901603814478,0.8002400720216065,0.8002400720216065,1.3003901170351104
159,0.8598829648894668,0.8002400720216065,0.8002400720216065,1.3003901170351104
160,0.8636757693974859,0.8002400720216065,0.8002400720216065,1.3003901170351104
161,0.8669267446900737,0.8669267446900737,0.8669267446900737,1.3003901170351104
162,0.867468573905505,0.8669267446900737,0.8669267446900737,1.3003901170351104
163,0.871261378413524,0.8669267446900737,0.8669267446900737,1.3003901170351104
164,0.8750541829215431,0.8669267446900737,0.8669267446900737,1.3003901170351104
165,0.8788469874295622,0.8669267446900737,0.8669267446900737,1.3003901170351104
166,0.8826397919375812,0.8669267446900737,0.8669267446900737,1.3003901170351104
167,0.8864325964456004,0.8669267446900737,0.8669267446900737,1.3003901170351104
168,0.8902254009536195,0.8669267446900737,0.8669267446900737,1.3003901170351104
169,0.8940182054616385,0.8669267446900737,0.8669267446900737,1.3003901170351104
170,0.8978110099696576,0.8669267446900737,0.8669267446900737,1.3003901170351104
171,0.9016038144776767,0.8669267446900737,0.8669267446900737,1.3003901170351104
172,0.9053966189856957,0.8669267446900737,0.8669267446900737,1.3003901170351104
173,0.9091894234937148,0.8669267446900737,0.8669267446900737,1.3003901170351104
174,0.9129822280017339,0.8669267446900737,0.8669267446900737,1.3003901170351104
175,0.9167750325097529,0.8669267446900737,0.8669267446900737,1.3003901170351104
176,0.920567837017772,0.8669267446900737,0.8669267446900737,1.3003901170351104
177,0.9243606415257911,0.8669267446900737,0.8669267446900737,1.3003901170351104
178,0.9281534460338101,0.8669267446900737,0.8669267446900737,1.3003901170351104
179,0.9319462505418292,0.8669267446900737,0.8669267446900737,1.3003901170351104
180,0.9357390550498483,0.8669267446900737,0.8669267446900737,1.3003901170351104
181,0.9395318595578673,0.8669267446900737,0.8669267446900737,1.3003901170351104
182,0.9433246640658864,0.8669267446900737,0.8669267446900737,1.3003901170351104
183,0.9457382669346258,0.9457382669346258,0.9457382669346259,1.3003901170351104
184,0.9471174685739056,0.9457382669346258,0.9457382669346259,1.3003901170351104
185,0.9509102730819246,0.9457382669346258,0.9457382669346259,1.3003901170351104
186,0.9547030775899437,0.9457382669346258,0.9457382669346259,1.3003901170351104
187,0.9584958820979628,0.9457382669346258,0.9457382669346259,1.3003901170351104
188,0.9622886866059818,0.9457382669346258,0.9457382669346259,1.3003901170351104
189,0.9660814911140009,0.9457382669346258,0.9457382669346259,1.3003901170351104
190,0.96987429562202,0.9457382669346258,0.9457382669346259,1.3003901170351104
191,0.973667100130039,0.9457382669346258,0.9457382669346259,1.3003901170351104
192,0.9774599046380581,0.9457382669346258,0.9457382669346259,1.3003901170351104
193,0.9812527091460772,0.9457382669346258,0.9457382669346259,1.3003901170351104
194,0.9850455136540962,0.9457382669346258,0.9457382669346259,1.3003901170351104
195,0.9888383181621153,0.9457382669346258,0.9457382669346259,1.3003901170351104
196,0.9926311226701344,0.9457382669346258,0.9457382669346259,1.3003901170351104
197,0.9964239271781534,0.9457382669346258,0.9457382669346259,1.3003901170351104
198,1.0002167316861725,0.9457382669346258,0.9457382669346259,1.3003901170351104
199,1.0040095361941916,0.9457382669346258,0.9457382669346259,1.3003901170351104
200,1.0078023407022108,0.9457382669346258,0.9457382669346259,1.3003901170351104
201,1.0115951452102296,0.9457382669346258,0.9457382669346259,1.3003901170351104
202,1.0153879497182488,0.9457382669346258,0.9457382669346259,1.3003901170351104
203,1.0191807542262679,0.9457382669346258,0.9457382669346259,1.3003901170351104
204,1.022973558734287,0.9457382669346258,0.9457382669346259,1.3003901170351104
205,1.026766363242306,0.9457382669346258,0.9457382669346259,1.3003901170351104
206,1.0305591677503252,0.9457382669346258,0.9457382669346259,1.3003901170351104
207,1.034351972258344,0.9457382669346258,0.9457382669346259,1.3003901170351104
208,1.0381447767663632,0.9457382669346258,0.9457382669346259,1.3003901170351104
209,1.0403120936280885,1.0403120936280885,1.0403120936280883,1.3003901170351104
210,1.0419375812743823,1.0403120936280885,1.0403120936280883,1.3003901170351104
211,1.0457303857824014,1.0403120936280885,1.0403120936280883,1.3003901170351104
212,1.0495231902904205,1.0403120936280885,1.0403120936280883,1.3003901170351104
213,1.0533159947984396,1.0403120936280885,1.0403120936280883,1.3003901170351104
214,1.0571087993064585,1.0403120936280885,1.0403120936280883,1.3003901170351104
215,1.0609016038144776,1.0403120936280885,1.0403120936280883,1.3003901170351104
216,1.0646944083224967,1.0403120936280885,1.0403120936280883,1.3003901170351104
217,1.0684872128305158,1.0403120936280885,1.0403120936280883,1.3003901170351104
218,1.072280017338535,1.0403120936280885,1.0403120936280883,1.3003901170351104
219,1.076072821846554,1.0403120936280885,1.0403120936280883,1.3003901170351104
220,1.079865626354573,1.0403120936280885,1.0403120936280883,1.3003901170351104
221,1.083658430862592,1.0403120936280885,1.0403120936280883,1.3003901170351104
222,1.0874512353706112,1.0403120936280885,1.0403120936280883,1.3003901170351104
223,1.0912440398786303,1.0403120936280885,1.0403120936280883,1.3003901170351104
224,1.0950368443866494,1.0403120936280885,1.0403120936280883,1.3003901170351104
225,1.0988296488946685,1.0403120936280885,1.0403120936280883,1.3003901170351104
226,1.1026224534026874,1.0403120936280885,1.0403120936280883,1.3003901170351104
227,1.1064152579107065,1.0403120936280885,1.0403120936280883,1.3003901170351104
228,1.1102080624187256,1.0403120936280885,1.0403120936280883,1.3003901170351104
229,1.1140008669267447,1.0403120936280885,1.0403120936280883,1.3003901170351104
230,1.1177936714347638,1.0403120936280885,1.0403120936280883,1.3003901170351104
231,1.121586475942783,1.0403120936280885,1.0403120936280883,1.3003901170351104
232,1.1253792804508018,1.0403120936280885,1.0403120936280883,1.3003901170351104
233,1.129172084958821,1.0403120936280885,1.0403120936280883,1.3003901170351104
234,1.13296488946684,1.0403120936280885,1.0403120936280883,1.3003901170351104
235,1.1367576939748592,1.0403120936280885,1.0403120936280883,1.3003901170351104
236,1.1405504984828783,1.0403120936280885,1.0403120936280883,1.3003901170351104
237,1.1443433029908974,1.0403120936280885,1.0403120936280883,1.3003901170351104
238,1.1481361074989163,1.0403120936280885,1.0403120936280883,1.3003901170351104
239,1.1519289120069354,1.0403120936280885,1.0403120936280883,1.3003901170351104
240,1.1557217165149545,1.0403120936280885,1.0403120936280883,1.3003901170351104
241,1.1559023262534316,1.1559023262534316,1.1559023262534316,1.3003901170351104
242,1.1595145210229736,1.1559023262534316,1.1559023262534316,1.3003901170351104
243,1.1633073255309927,1.1559023262534316,1.1559023262534316,1.3003901170351104
244,1.1671001300390118,1.1559023262534316,1.1559023262534316,1.3003901170351104
245,1.1708929345470307,1.1559023262534316,1.1559023262534316,1.3003901170351104
246,1.1746857390550498,1.1559023262534316,1.1559023262534316,1.3003901170351104
247,1.178478543563069,1.1559023262534316,1.1559023262534316,1.3003901170351104
248,1.182271348071088,1.1559023262534316,1.1559023262534316,1.3003901170351104
249,1.1860641525791071,1.1559023262534316,1.1559023262534316,1.3003901170351104
250,1.1898569570871262,1.1559023262534316,1.1559023262534316,1.3003901170351104
251,1.1936497615951451,1.1559023262534316,1.1559023262534316,1.3003901170351104
252,1.1974425661031642,1.1559023262534316,1.1559023262534316,1.3003901170351104
253,1.2012353706111834,1.1559023262534316,1.1559023262534316,1.3003901170351104
254,1.2050281751192025,1.1559023262534316,1.1559023262534316,1.3003901170351104
255,1.2088209796272216,1.1559023262534316,1.1559023262534316,1.3003901170351104
256,1.2126137841352407,1.1559023262534316,1.1559023262534316,1.3003901170351104
257,1.2164065886432596,1.1559023262534316,1.1559023262534316,1.3003901170351104
258,1.2201993931512787,1.1559023262534316,1.1559023262534316,1.3003901170351104
259,1.2239921976592978,1.1559023262534316,1.1559023262534316,1.3003901170351104
260,1.227785002167317,1.1559023262534316,1.1559023262534316,1.3003901170351104
261,1.231577806675336,1.1559023262534316,1.1559023262534316,1.3003901170351104
262,1.2353706111833551,1.1559023262534316,1.1559023262534316,1.3003901170351104
263,1.239163415691374,1.1559023262534316,1.1559023262534316,1.3003901170351104
264,1.2429562201993931,1.1559023262534316,1.1559023262534316,1.3003901170351104
265,1.2467490247074122,1.1559023262534316,1.1559023262534316,1.3003901170351104
266,1.2505418292154313,1.1559023262534316,1.1559023262534316,1.3003901170351104
267,1.2543346337234504,1.1559023262534316,1.1559023262534316,1.3003901170351104
268,1.2581274382314693,1.1559023262534316,1.1559023262534316,1.3003901170351104
269,1.2619202427394884,1.1559023262534316,1.1559023262534316,1.3003901170351104
270,1.2657130472475075,1.1559023262534316,1.1559023262534316,1.3003901170351104
271,1.2695058517555267,1.1559023262534316,1.1559023262534316,1.3003901170351104
272,1.2732986562635458,1.1559023262534316,1.1559023262534316,1.3003901170351104
273,1.2770914607715649,1.1559023262534316,1.1559023262534316,1.3003901170351104
274,1.2808842652795838,1.1559023262534316,1.1559023262534316,1.3003901170351104
275,1.2846770697876029,1.1559023262534316,1.1559023262534316,1.3003901170351104
276,1.288469874295622,1.1559023262534316,1.1559023262534316,1.3003901170351104
277,1.292262678803641,1.1559023262534316,1.1559023262534316,1.3003901170351104
278,1.2960554833116602,1.1559023262534316,1.1559023262534316,1.3003901170351104
279,1.2998482878196793,1.1559023262534316,1.1559023262534316,1.3003901170351104
280,1.3003901170351104,1.3003901170351104,1.3003901170351104,1.3003901170351104
281,1.3036410923276982,1.3003901170351104,1.3003901170351104,1.3003901170351104
282,1.3074338968357173,1.3003901170351104,1.3003901170351104,1.3003901170351104
283,1.3112267013437364,1.3003901170351104,1.3003901170351104,1.3003901170351104
284,1.3150195058517555,1.3003901170351104,1.3003901170351104,1.3003901170351104
285,1.3188123103597746,1.3003901170351104,1.3003901170351104,1.3003901170351104
286,1.3226051148677938,1.3003901170351104,1.3003901170351104,1.3003901170351104
287,1.3263979193758126,1.3003901170351104,1.3003901170351104,1.3003901170351104
288,1.3301907238838317,1.3003901170351104,1.3003901170351104,1.3003901170351104
289,1.3339835283918509,1.3003901170351104,1.3003901170351104,1.3003901170351104
290,1.33777633289987,1.3003901170351104,1.3003901170351104,1.3003901170351104
291,1.341569137407889,1.3003901170351104,1.3003901170351104,1.3003901170351104
292,1.3453619419159082,1.3003901170351104,1.3003901170351104,1.3003901170351104
293,1.349154746423927,1.3003901170351104,1.3003901170351104,1.3003901170351104
294,1.3529475509319462,1.3003901170351104,1.3003901170351104,1.3003901170351104
295,1.3567403554399653,1.3003901170351104,1.3003901170351104,1.3003901170351104
296,1.3605331599479844,1.3003901170351104,1.3003901170351104,1.3003901170351104
297,1.3643259644560035,1.3003901170351104,1.3003901170351104,1.3003901170351104
298,1.3681187689640226,1.3003901170351104,1.3003901170351104,1.3003901170351104
299,1.3719115734720415,1.3003901170351104,1.3003901170351104,1.3003901170351104
300,1.3757043779800606,1.3003901170351104,1.3003901170351104,1.3003901170351104
301,1.3794971824880797,1.3003901170351104,1.3003901170351104,1.3003901170351104
302,1.3832899869960988,1.3003901170351104,1.3003901170351104,1.3003901170351104
303,1.387082791504118,1.3003901170351104,1.3003901170351104,1.3003901170351104
304,1.390875596012137,1.3003901170351104,1.3003901170351104,1.3003901170351104
305,1.394668400520156,1.3003901170351104,1.3003901170351104,1.3003901170351104
306,1.398461205028175,1.3003901170351104,1.3003901170351104,1.3003901170351104
307,1.4022540095361942,1.3003901170351104,1.3003901170351104,1.3003901170351104
308,1.4060468140442133,1.3003901170351104,1.3003901170351104,1.3003901170351104
309,1.4098396185522324,1.3003901170351104,1.3003901170351104,1.3003901170351104
310,1.4136324230602515,1.3003901170351104,1.3003901170351104,1.3003901170351104
311,1.4174252275682704,1.3003901170351104,1.3003901170351104,1.3003901170351104
312,1.4212180320762895,1.3003901170351104,1.3003901170351104,1.3003901170351104
313,1.4250108365843086,1.3003901170351104,1.3003901170351104,1.3003901170351104
314,1.4288036410923277,1.3003901170351104,1.3003901170351104,1.3003901170351104
315,1.4325964456003468,1.3003901170351104,1.3003901170351104,1.3003901170351104
316,1.436389250108366,1.3003901170351104,1.3003901170351104,1.3003901170351104
317,1.4401820546163848,1.3003901170351104,1.3003901170351104,1.3003901170351104
318,1.443974859124404,1.3003901170351104,1.3003901170351104,1.3003901170351104
319,1.447767663632423,1.3003901170351104,1.3003901170351104,1.3003901170351104
320,1.4515604681404422,1.3003901170351104,1.3003901170351104,1.3003901170351104
321,1.4553532726484613,1.3003901170351104,1.3003901170351104,1.3003901170351104
322,1.4591460771564804,1.3003901170351104,1.3003901170351104,1.3003901170351104
323,1.4629388816644993,1.3003901170351104,1.3003901170351104,1.3003901170351104
324,1.4667316861725184,1.3003901170351104,1.3003901170351104,1.3003901170351104
325,1.4705244906805375,1.3003901170351104,1.3003901170351104,1.3003901170351104
326,1.4743172951885566,1.3003901170351104,1.3003901170351104,1.3003901170351104
327,1.4781100996965757,1.3003901170351104,1.3003901170351104,1.3003901170351104
328,1.4819029042045948,1.3003901170351104,1.3003901170351104,1.3003901170351104
329,1.4856957087126137,1.3003901170351104,1.3003901170351104,1.3003901170351104
330,1.4861601337544121,1.3003901170351104,1.4861601337544121,1.3003901170351104
331,1.4894885132206328,1.3003901170351104,1.4861601337544121,1.3003901170351104
332,1.493281317728652,1.3003901170351104,1.4861601337544121,1.3003901170351104
333,1.497074122236671,1.3003901170351104,1.4861601337544121,1.3003901170351104
334,1.5008669267446901,1.3003901170351104,1.4861601337544121,1.3003901170351104
335,1.5046597312527092,1.3003901170351104,1.4861601337544121,1.3003901170351104
336,1.5084525357607281,1.3003901170351104,1.4861601337544121,1.3003901170351104
337,1.5122453402687472,1.3003901170351104,1.4861601337544121,1.3003901170351104
338,1.5160381447767663,1.3003901170351104,1.4861601337544121,1.3003901170351104
339,1.5198309492847855,1.3003901170351104,1.4861601337544121,1.3003901170351104
340,1.5236237537928046,1.3003901170351104,1.4861601337544121,1.3003901170351104
341,1.5274165583008237,1.3003901170351104,1.4861601337544121,1.3003901170351104
342,1.5312093628088426,1.3003901170351104,1.4861601337544121,1.3003901170351104
343,1.5350021673168617,1.3003901170351104,1.4861601337544121,1.3003901170351104
344,1.5387949718248808,1.3003901170351104,1.4861601337544121,1.3003901170351104
345,1.5425877763329,1.3003901170351104,1.4861601337544121,1.3003901170351104
346,1.546380580840919,1.3003901170351104,1.4861601337544121,1.3003901170351104
347,1.5501733853489381,1.3003901170351104,1.4861601337544121,1.3003901170351104
348,1.553966189856957,1.3003901170351104,1.4861601337544121,1.3003901170351104
349,1.5577589943649761,1.3003901170351104,1.4861601337544121,1.3003901170351104
350,1.5615517988729952,1.3003901170351104,1.4861601337544121,1.3003901170351104
351,1.5653446033810143,1.3003901170351104,1.4861601337544121,1.3003901170351104
352,1.5691374078890334,1.3003901170351104,1.4861601337544121,1.3003901170351104
353,1.5729302123970526,1.3003901170351104,1.4861601337544121,1.3003901170351104
354,1.5767230169050714,1.3003901170351104,1.4861601337544121,1.3003901170351104
355,1.5805158214130905,1.3003901170351104,1.4861601337544121,1.3003901170351104
356,1.5843086259211097,1.3003901170351104,1.4861601337544121,1.3003901170351104
357,1.5881014304291288,1.3003901170351104,1.4861601337544121,1.3003901170351104
358,1.5918942349371479,1.3003901170351104,1.4861601337544121,1.3003901170351104
359,1.595687039445167,1.3003901170351104,1.4861601337544121,1.3003901170351104
360,1.5994798439531859,1.3003901170351104,1.4861601337544121,1.3003901170351104
361,1.603272648461205,1.3003901170351104,1.4861601337544121,1.3003901170351104
362,1.607065452969224,1.3003901170351104,1.4861601337544121,1.3003901170351104
363,1.6108582574772432,1.3003901170351104,1.4861601337544121,1.3003901170351104
364,1.6146510619852623,1.3003901170351104,1.4861601337544121,1.3003901170351104
365,1.6184438664932814,1.3003901170351104,1.4861601337544121,1.3003901170351104
366,1.6222366710013003,1.3003901170351104,1.4861601337544121,1.3003901170351104
367,1.6260294755093194,1.3003901170351104,1.4861601337544121,1.3003901170351104
368,1.6298222800173385,1.3003901170351104,1.4861601337544121,1.3003901170351104
369,1.6336150845253576,1.3003901170351104,1.4861601337544121,1.3003901170351104
370,1.6374078890333768,1.3003901170351104,1.4861601337544121,1.3003901170351104
371,1.6412006935413959,1.3003901170351104,1.4861601337544121,1.3003901170351104
372,1.6449934980494147,1.3003901170351104,1.4861601337544121,1.3003901170351104
373,1.6487863025574339,1.3003901170351104,1.4861601337544121,1.3003901170351104
374,1.652579107065453,1.3003901170351104,1.4861601337544121,1.3003901170351104
375,1.656371911573472,1.3003901170351104,1.4861601337544121,1.3003901170351104
376,1.6601647160814912,1.3003901170351104,1.4861601337544121,1.3003901170351104
377,1.6639575205895103,1.3003901170351104,1.4861601337544121,1.3003901170351104
378,1.6677503250975292,1.3003901170351104,1.4861601337544121,1.3003901170351104
379,1.6715431296055483,1.3003901170351104,1.4861601337544121,1.3003901170351104
380,1.6753359341135674,1.3003901170351104,1.4861601337544121,1.3003901170351104
381,1.6791287386215865,1.3003901170351104,1.4861601337544121,1.3003901170351104
382,1.6829215431296056,1.3003901170351104,1.4861601337544121,1.3003901170351104
383,1.6867143476376245,1.3003901170351104,1.4861601337544121,1.3003901170351104
384,1.6905071521456436,1.3003901170351104,1.4861601337544121,1.3003901170351104
385,1.6942999566536627,1.3003901170351104,1.4861601337544121,1.3003901170351104
386,1.6980927611616818,1.3003901170351104,1.4861601337544121,1.3003901170351104
387,1.701885565669701,1.3003901170351104,1.4861601337544121,1.3003901170351104
388,1.70567837017772,1.3003901170351104,1.4861601337544121,1.3003901170351104
389,1.709471174685739,1.3003901170351104,1.4861601337544121,1.3003901170351104
390,1.713263979193758,1.3003901170351104,1.4861601337544121,1.3003901170351104
391,1.7170567837017772,1.3003901170351104,1.4861601337544121,1.3003901170351104
392,1.7208495882097963,1.3003901170351104,1.4861601337544121,1.3003901170351104
393,1.7246423927178154,1.3003901170351104,1.4861601337544121,1.3003901170351104
394,1.7284351972258345,1.3003901170351104,1.4861601337544121,1.3003901170351104
395,1.7322280017338534,1.3003901170351104,1.4861601337544121,1.3003901170351104
396,1.7338534893801474,1.3003901170351104,1.7338534893801474,1.3003901170351104
397,1.7360208062418725,1.3003901170351104,1.7338534893801474,1.3003901170351104
398,1.7398136107498916,1.3003901170351104,1.7338534893801474,1.3003901170351104
399,1.7436064152579107,1.3003901170351104,1.7338534893801474,1.3003901170351104
400,1.7473992197659298,1.3003901170351104,1.7338534893801474,1.3003901170351104
401,1.751192024273949,1.3003901170351104,1.7338534893801474,1.3003901170351104
402,1.7549848287819678,1.3003901170351104,1.7338534893801474,1.3003901170351104
403,1.758777633289987,1.3003901170351104,1.7338534893801474,1.3003901170351104
404,1.762570437798006,1.3003901170351104,1.7338534893801474,1.3003901170351104
405,1.7663632423060251,1.3003901170351104,1.7338534893801474,1.3003901170351104
406,1.7701560468140443,1.3003901170351104,1.7338534893801474,1.3003901170351104
407,1.7739488513220634,1.3003901170351104,1.7338534893801474,1.3003901170351104
408,1.7777416558300823,1.3003901170351104,1.7338534893801474,1.3003901170351104
409,1.7815344603381014,1.3003901170351104,1.7338534893801474,1.3003901170351104
410,1.7853272648461205,1.3003901170351104,1.7338534893801474,1.3003901170351104
411,1.7891200693541396,1.3003901170351104,1.7338534893801474,1.3003901170351104
412,1.7929128738621587,1.3003901170351104,1.7338534893801474,1.3003901170351104
413,1.7967056783701778,1.3003901170351104,1.7338534893801474,1.3003901170351104
414,1.8004984828781967,1.3003901170351104,1.7338534893801474,1.3003901170351104
415,1.8042912873862158,1.3003901170351104,1.7338534893801474,1.3003901170351104
416,1.808084091894235,1.3003901170351104,1.7338534893801474,1.3003901170351104
417,1.811876896402254,1.3003901170351104,1.7338534893801474,1.3003901170351104
418,1.8156697009102731,1.3003901170351104,1.7338534893801474,1.3003901170351104
419,1.8194625054182922,1.3003901170351104,1.7338534893801474,1.3003901170351104
420,1.8232553099263111,1.3003901170351104,1.7338534893801474,1.3003901170351104
421,1.8270481144343302,1.3003901170351104,1.7338534893801474,1.3003901170351104
422,1.8308409189423493,1.3003901170351104,1.7338534893801474,1.3003901170351104
423,1.8346337234503685,1.3003901170351104,1.7338534893801474,1.3003901170351104
424,1.8384265279583876,1.3003901170351104,1.7338534893801474,1.3003901170351104
425,1.8422193324664067,1.3003901170351104,1.7338534893801474,1.3003901170351104
426,1.8460121369744256,1.3003901170351104,1.7338534893801474,1.3003901170351104
427,1.8498049414824447,1.3003901170351104,1.7338534893801474,1.3003901170351104
428,1.8535977459904638,1.3003901170351104,1.7338534893801474,1.3003901170351104
429,1.857390550498483,1.3003901170351104,1.7338534893801474,1.3003901170351104
430,1.861183355006502,1.3003901170351104,1.7338534893801474,1.3003901170351104
431,1.8649761595145211,1.3003901170351104,1.7338534893801474,1.3003901170351104
432,1.86876896402254,1.3003901170351104,1.7338534893801474,1.3003901170351104
433,1.8725617685305591,1.3003901170351104,1.7338534893801474,1.3003901170351104
434,1.8763545730385782,1.3003901170351104,1.7338534893801474,1.3003901170351104
435,1.8801473775465973,1.3003901170351104,1.7338534893801474,1.3003901170351104
436,1.8839401820546164,1.3003901170351104,1.7338534893801474,1.3003901170351104
437,1.8877329865626356,1.3003901170351104,1.7338534893801474,1.3003901170351104
438,1.8915257910706544,1.3003901170351104,1.7338534893801474,1.3003901170351104
439,1.8953185955786735,1.3003901170351104,1.7338534893801474,1.3003901170351104
440,1.8991114000866927,1.3003901170351104,1.7338534893801474,1.3003901170351104
441,1.9029042045947118,1.3003901170351104,1.7338534893801474,1.3003901170351104
442,1.9066970091027309,1.3003901170351104,1.7338534893801474,1.3003901170351104
443,1.91048981361075,1.3003901170351104,1.7338534893801474,1.3003901170351104
444,1.9142826181187689,1.3003901170351104,1.7338534893801474,1.3003901170351104
445,1.918075422626788,1.3003901170351104,1.7338534893801474,1.3003901170351104
446,1.921868227134807,1.3003901170351104,1.7338534893801474,1.3003901170351104
447,1.9256610316428262,1.3003901170351104,1.7338534893801474,1.3003901170351104
448,1.9294538361508453,1.3003901170351104,1.7338534893801474,1.3003901170351104
449,1.9332466406588644,1.3003901170351104,1.7338534893801474,1.3003901170351104
450,1.9370394451668833,1.3003901170351104,1.7338534893801474,1.3003901170351104
451,1.9408322496749024,1.3003901170351104,1.7338534893801474,1.3003901170351104
452,1.9446250541829215,1.3003901170351104,1.7338534893801474,1.3003901170351104
453,1.9484178586909406,1.3003901170351104,1.7338534893801474,1.3003901170351104
454,1.9522106631989598,1.3003901170351104,1.7338534893801474,1.3003901170351104
455,1.9560034677069789,1.3003901170351104,1.7338534893801474,1.3003901170351104
456,1.9597962722149977,1.3003901170351104,1.7338534893801474,1.3003901170351104
457,1.9635890767230169,1.3003901170351104,1.7338534893801474,1.3003901170351104
458,1.967381881231036,1.3003901170351104,1.7338534893801474,1.3003901170351104
459,1.971174685739055,1.3003901170351104,1.7338534893801474,1.3003901170351104
460,1.9749674902470742,1.3003901170351104,1.7338534893801474,1.3003901170351104
461,1.9787602947550933,1.3003901170351104,1.7338534893801474,1.3003901170351104
462,1.9825530992631122,1.3003901170351104,1.7338534893801474,1.3003901170351104
463,1.9863459037711313,1.3003901170351104,1.7338534893801474,1.3003901170351104
464,1.9901387082791504,1.3003901170351104,1.7338534893801474,1.3003901170351104
465,1.9939315127871695,1.3003901170351104,1.7338534893801474,1.3003901170351104
466,1.9977243172951886,1.3003901170351104,1.7338534893801474,1.3003901170351104
467,2.0015171218032077,1.3003901170351104,1.7338534893801474,1.3003901170351104
468,2.005309926311227,1.3003901170351104,1.7338534893801474,1.3003901170351104
469,2.009102730819246,1.3003901170351104,1.7338534893801474,1.3003901170351104
470,2.012895535327265,1.3003901170351104,1.7338534893801474,1.3003901170351104
471,2.0166883398352837,1.3003901170351104,1.7338534893801474,1.3003901170351104
472,2.020481144343303,1.3003901170351104,1.7338534893801474,1.3003901170351104
473,2.024273948851322,1.3003901170351104,1.7338534893801474,1.3003901170351104
474,2.028066753359341,1.3003901170351104,1.7338534893801474,1.3003901170351104
475,2.03185955786736,1.3003901170351104,1.7338534893801474,1.3003901170351104
476,2.0356523623753793,1.3003901170351104,1.7338534893801474,1.3003901170351104
477,2.0394451668833984,1.3003901170351104,1.7338534893801474,1.3003901170351104
478,2.0432379713914175,1.3003901170351104,1.7338534893801474,1.3003901170351104
479,2.0470307758994366,1.3003901170351104,1.7338534893801474,1.3003901170351104
480,2.0508235804074557,1.3003901170351104,1.7338534893801474,1.3003901170351104
481,2.054616384915475,1.3003901170351104,1.7338534893801474,1.3003901170351104
482,2.058409189423494,1.3003901170351104,1.7338534893801474,1.3003901170351104
483,2.0622019939315126,1.3003901170351104,1.7338534893801474,1.3003901170351104
484,2.0659947984395317,1.3003901170351104,1.7338534893801474,1.3003901170351104
485,2.069787602947551,1.3003901170351104,1.7338534893801474,1.3003901170351104
486,2.07358040745557,1.3003901170351104,1.7338534893801474,1.3003901170351104
487,2.077373211963589,1.3003901170351104,1.7338534893801474,1.3003901170351104
488,2.081166016471608,1.3003901170351104,2.0806241872561766,1.3003901170351104
489,2.0849588209796273,1.3003901170351104,2.0806241872561766,1.3003901170351104
490,2.0887516254876464,1.3003901170351104,2.0806241872561766,1.3003901170351104
491,2.0925444299956655,1.3003901170351104,2.0806241872561766,1.3003901170351104
492,2.0963372345036846,1.3003901170351104,2.0806241872561766,1.3003901170351104
493,2.1001300390117037,1.3003901170351104,2.0806241872561766,1.3003901170351104
494,2.1039228435197224,1.3003901170351104,2.0806241872561766,1.3003901170351104
495,2.1077156480277415,1.3003901170351104,2.0806241872561766,1.3003901170351104
496,2.1115084525357606,1.3003901170351104,2.0806241872561766,1.3003901170351104
497,2.1153012570437797,1.3003901170351104,2.0806241872561766,1.3003901170351104
498,2.119094061551799,1.3003901170351104,2.0806241872561766,1.3003901170351104
499,2.122886866059818,1.3003901170351104,2.0806241872561766,1.3003901170351104
500,2.126679670567837,1.3003901170351104,2.0806241872561766,1.3003901170351104
501,2.130472475075856,1.3003901170351104,2.0806241872561766,1.3003901170351104
502,2.1342652795838752,1.3003901170351104,2.0806241872561766,1.3003901170351104
503,2.1380580840918944,1.3003901170351104,2.0806241872561766,1.3003901170351104
504,2.1418508885999135,1.3003901170351104,2.0806241872561766,1.3003901170351104
505,2.1456436931079326,1.3003901170351104,2.0806241872561766,1.3003901170351104
506,2.1494364976159512,1.3003901170351104,2.0806241872561766,1.3003901170351104
507,2.1532293021239703,1.3003901170351104,2.0806241872561766,1.3003901170351104
508,2.1570221066319895,1.3003901170351104,2.0806241872561766,1.3003901170351104
509,2.1608149111400086,1.3003901170351104,2.0806241872561766,1.3003901170351104
510,2.1646077156480277,1.3003901170351104,2.0806241872561766,1.3003901170351104
511,2.168400520156047,1.3003901170351104,2.0806241872561766,1.3003901170351104
512,2.172193324664066,1.3003901170351104,2.0806241872561766,1.3003901170351104
513,2.175986129172085,1.3003901170351104,2.0806241872561766,1.3003901170351104
514,2.179778933680104,1.3003901170351104,2.0806241872561766,1.3003901170351104
515,2.1835717381881232,1.3003901170351104,2.0806241872561766,1.3003901170351104
516,2.1873645426961423,1.3003901170351104,2.0806241872561766,1.3003901170351104
517,2.1911573472041614,1.3003901170351104,2.0806241872561766,1.3003901170351104
518,2.19495015171218,1.3003901170351104,2.0806241872561766,1.3003901170351104
519,2.198742956220199,1.3003901170351104,2.0806241872561766,1.3003901170351104
520,2.2025357607282183,1.3003901170351104,2.0806241872561766,1.3003901170351104
521,2.2063285652362374,1.3003901170351104,2.0806241872561766,1.3003901170351104
522,2.2101213697442565,1.3003901170351104,2.0806241872561766,1.3003901170351104
523,2.2139141742522757,1.3003901170351104,2.0806241872561766,1.3003901170351104
524,2.2177069787602948,1.3003901170351104,2.0806241872561766,1.3003901170351104
525,2.221499783268314,1.3003901170351104,2.0806241872561766,1.3003901170351104
526,2.225292587776333,1.3003901170351104,2.0806241872561766,1.3003901170351104
527,2.229085392284352,1.3003901170351104,2.0806241872561766,1.3003901170351104
528,2.232878196792371,1.3003901170351104,2.0806241872561766,1.3003901170351104
529,2.2366710013003903,1.3003901170351104,2.0806241872561766,1.3003901170351104
530,2.240463805808409,1.3003901170351104,2.0806241872561766,1.3003901170351104
531,2.244256610316428,1.3003901170351104,2.0806241872561766,1.3003901170351104
532,2.248049414824447,1.3003901170351104,2.0806241872561766,1.3003901170351104
533,2.2518422193324663,1.3003901170351104,2.0806241872561766,1.3003901170351104
534,2.2556350238404854,1.3003901170351104,2.0806241872561766,1.3003901170351104
535,2.2594278283485045,1.3003901170351104,2.0806241872561766,1.3003901170351104
536,2.2632206328565236,1.3003901170351104,2.0806241872561766,1.3003901170351104
537,2.2670134373645427,1.3003901170351104,2.0806241872561766,1.3003901170351104
538,2.270806241872562,1.3003901170351104,2.0806241872561766,1.3003901170351104
539,2.274599046380581,1.3003901170351104,2.0806241872561766,1.3003901170351104
540,2.2783918508886,1.3003901170351104,2.0806241872561766,1.3003901170351104
541,2.282184655396619,1.3003901170351104,2.0806241872561766,1.3003901170351104
542,2.285977459904638,1.3003901170351104,2.0806241872561766,1.3003901170351104
543,2.289770264412657,1.3003901170351104,2.0806241872561766,1.3003901170351104
544,2.293563068920676,1.3003901170351104,2.0806241872561766,1.3003901170351104
545,2.297355873428695,1.3003901170351104,2.0806241872561766,1.3003901170351104
546,2.3011486779367143,1.3003901170351104,2.0806241872561766,1.3003901170351104
547,2.3049414824447334,1.3003901170351104,2.0806241872561766,1.3003901170351104
548,2.3087342869527525,1.3003901170351104,2.0806241872561766,1.3003901170351104
549,2.3125270914607716,1.3003901170351104,2.0806241872561766,1.3003901170351104
550,2.3163198959687907,1.3003901170351104,2.0806241872561766,1.3003901170351104
551,2.32011270047681,1.3003901170351104,2.0806241872561766,1.3003901170351104
552,2.323905504984829,1.3003901170351104,2.0806241872561766,1.3003901170351104
553,2.327698309492848,1.3003901170351104,2.0806241872561766,1.3003901170351104
554,2.3314911140008667,1.3003901170351104,2.0806241872561766,1.3003901170351104
555,2.335283918508886,1.3003901170351104,2.0806241872561766,1.3003901170351104
556,2.339076723016905,1.3003901170351104,2.0806241872561766,1.3003901170351104
557,2.342869527524924,1.3003901170351104,2.0806241872561766,1.3003901170351104
558,2.346662332032943,1.3003901170351104,2.0806241872561766,1.3003901170351104
559,2.3504551365409623,1.3003901170351104,2.0806241872561766,1.3003901170351104
560,2.3542479410489814,1.3003901170351104,2.0806241872561766,1.3003901170351104
561,2.3580407455570005,1.3003901170351104,2.0806241872561766,1.3003901170351104
562,2.3618335500650196,1.3003901170351104,2.0806241872561766,1.3003901170351104
563,2.3656263545730387,1.3003901170351104,2.0806241872561766,1.3003901170351104
564,2.369419159081058,1.3003901170351104,2.0806241872561766,1.3003901170351104
565,2.373211963589077,1.3003901170351104,2.0806241872561766,1.3003901170351104
566,2.3770047680970956,1.3003901170351104,2.0806241872561766,1.3003901170351104
567,2.3807975726051147,1.3003901170351104,2.0806241872561766,1.3003901170351104
568,2.384590377113134,1.3003901170351104,2.0806241872561766,1.3003901170351104
569,2.388383181621153,1.3003901170351104,2.0806241872561766,1.3003901170351104
570,2.392175986129172,1.3003901170351104,2.0806241872561766,1.3003901170351104
571,2.395968790637191,1.3003901170351104,2.0806241872561766,1.3003901170351104
572,2.3997615951452103,1.3003901170351104,2.0806241872561766,1.3003901170351104
573,2.4035543996532294,1.3003901170351104,2.0806241872561766,1.3003901170351104
574,2.4073472041612485,1.3003901170351104,2.0806241872561766,1.3003901170351104
575,2.4111400086692676,1.3003901170351104,2.0806241872561766,1.3003901170351104
576,2.4149328131772867,1.3003901170351104,2.0806241872561766,1.3003901170351104
577,2.418725617685306,1.3003901170351104,2.0806241872561766,1.3003901170351104
578,2.4225184221933245,1.3003901170351104,2.0806241872561766,1.3003901170351104
579,2.4263112267013436,1.3003901170351104,2.0806241872561766,1.3003901170351104
580,2.4301040312093627,1.3003901170351104,2.0806241872561766,1.3003901170351104
581,2.433896835717382,1.3003901170351104,2.0806241872561766,1.3003901170351104
582,2.437689640225401,1.3003901170351104,2.0806241872561766,1.3003901170351104
583,2.44148244473342,1.3003901170351104,2.0806241872561766,1.3003901170351104
584,2.445275249241439,1.3003901170351104,2.0806241872561766,1.3003901170351104
585,2.4490680537494582,1.3003901170351104,2.0806241872561766,1.3003901170351104
586,2.4528608582574774,1.3003901170351104,2.0806241872561766,1.3003901170351104
587,2.4566536627654965,1.3003901170351104,2.0806241872561766,1.3003901170351104
588,2.4604464672735156,1.3003901170351104,2.0806241872561766,1.3003901170351104
589,2.4642392717815347,1.3003901170351104,2.0806241872561766,1.3003901170351104
590,2.4680320762895533,1.3003901170351104,2.0806241872561766,1.3003901170351104
591,2.4718248807975725,1.3003901170351104,2.0806241872561766,1.3003901170351104
592,2.4756176853055916,1.3003901170351104,2.0806241872561766,1.3003901170351104
593,2.4794104898136107,1.3003901170351104,2.0806241872561766,1.3003901170351104
594,2.48320329432163,1.3003901170351104,2.0806241872561766,1.3003901170351104
595,2.486996098829649,1.3003901170351104,2.0806241872561766,1.3003901170351104
596,2.490788903337668,1.3003901170351104,2.0806241872561766,1.3003901170351104
597,2.494581707845687,1.3003901170351104,2.0806241872561766,1.3003901170351104
598,2.4983745123537062,1.3003901170351104,2.0806241872561766,1.3003901170351104
599,2.5021673168617253,1.3003901170351104,2.0806241872561766,1.3003901170351104
600,2.5059601213697444,1.3003901170351104,2.0806241872561766,1.3003901170351104
601,2.509752925877763,1.3003901170351104,2.0806241872561766,1.3003901170351104
602,2.513545730385782,1.3003901170351104,2.0806241872561766,1.3003901170351104
603,2.5173385348938013,1.3003901170351104,2.0806241872561766,1.3003901170351104
604,2.5211313394018204,1.3003901170351104,2.0806241872561766,1.3003901170351104
605,2.5249241439098395,1.3003901170351104,2.0806241872561766,1.3003901170351104
606,2.5287169484178587,1.3003901170351104,2.0806241872561766,1.3003901170351104
607,2.5325097529258778,1.3003901170351104,2.0806241872561766,1.3003901170351104
608,2.536302557433897,1.3003901170351104,2.0806241872561766,1.3003901170351104
609,2.540095361941916,1.3003901170351104,2.0806241872561766,1.3003901170351104
610,2.543888166449935,1.3003901170351104,2.0806241872561766,1.3003901170351104
611,2.547680970957954,1.3003901170351104,2.0806241872561766,1.3003901170351104
612,2.5514737754659733,1.3003901170351104,2.0806241872561766,1.3003901170351104
613,2.555266579973992,1.3003901170351104,2.0806241872561766,1.3003901170351104
614,2.559059384482011,1.3003901170351104,2.0806241872561766,1.3003901170351104
615,2.56285218899003,1.3003901170351104,2.0806241872561766,1.3003901170351104
616,2.5666449934980493,1.3003901170351104,2.0806241872561766,1.3003901170351104
617,2.5704377980060684,1.3003901170351104,2.0806241872561766,1.3003901170351104
618,2.5742306025140875,1.3003901170351104,2.0806241872561766,1.3003901170351104
619,2.5780234070221066,1.3003901170351104,2.0806241872561766,1.3003901170351104
620,2.5818162115301257,1.3003901170351104,2.0806241872561766,1.3003901170351104
621,2.585609016038145,1.3003901170351104,2.0806241872561766,1.3003901170351104
622,2.589401820546164,1.3003901170351104,2.0806241872561766,1.3003901170351104
623,2.593194625054183,1.3003901170351104,2.0806241872561766,1.3003901170351104
624,2.596987429562202,1.3003901170351104,2.0806241872561766,1.3003901170351104
625,2.600780234070221,1.3003901170351104,2.600780234070221,1.3003901170351104
