q,gpu_service_us,gpu_throughput_tokens_per_second,source_panels,source_kind
1,76.14702679956949,13132.489107318024,"b,e",original-published
2,76.4972724825682,26144.72300899028,"b,e",original-published
4,77.19958330665918,51813.75117156834,"b,e",original-published
8,78.61148278721512,101766.30329762804,"b,e",original-published
12,80.03308604426974,149937.9893130984,"b,e",original-published
16,81.46439307782302,196404.82664266808,"b,e",original-published
24,84.35611847442559,284508.1119667227,"b,e",original-published
32,87.2866589770228,366608.1435013297,"b,e",original-published
48,93.26418530020123,514667.01655620884,"b,e",integer-refinement
49,93.6429358266648,523264.24377275095,b,integer-refinement
50,94.02229283915955,531788.77572719,b,integer-refinement
51,94.40225633768543,540241.3245036049,b,integer-refinement
52,94.78282632224251,548622.5935404213,b,integer-refinement
53,95.16400279283074,556933.2777581819,b,integer-refinement
54,95.54578574945015,565174.0636850721,b,integer-refinement
55,95.92817519210072,573345.6295802551,b,integer-refinement
56,96.31117112078246,581448.6455550541,b,integer-refinement
57,96.69477353549536,589483.7736920296,b,integer-refinement
58,97.07898243623941,597451.6681619923,b,integer-refinement
59,97.46379782301466,605352.9753389931,b,integer-refinement
60,97.84921969582106,613188.3339133309,b,integer-refinement
61,98.23524805465863,620958.3750026189,b,integer-refinement
62,98.62188289952735,628663.7222609461,b,integer-refinement
63,99.00912423042726,636304.9919861727,b,integer-refinement
64,99.39697204735833,643882.7932253991,"b,e",integer-refinement
96,112.12832681360851,856161.8881514329,"b,e",original-published
128,125.48072327577333,1020077.0019367036,"b,e",original-published
192,154.0486412878469,1246359.580940667,"b,e",original-published
256,185.10072608357905,1383030.771496853,"b,e",original-published
384,257.6812002709893,1490213.4870381237,"b,e",original-published
512,349.38899433356016,1465415.3631158622,"b,e",original-published
513,350.15359911071755,1465071.3324177226,e,integer-refinement
514,350.9189502078137,1464725.6857904368,e,integer-refinement
515,351.68504762484844,1464378.4359844718,e,integer-refinement
516,352.4518913618218,1464029.5956598574,e,integer-refinement
517,353.2194814187339,1463679.1773869004,e,integer-refinement
518,353.9878177955846,1463327.1936468917,e,integer-refinement
519,354.756900492374,1462973.6568328054,e,integer-refinement
520,355.52672950910204,1462618.5792499948,e,integer-refinement
521,356.2973048457687,1462261.9731168796,e,integer-refinement
522,357.06862650237406,1461903.850565626,e,integer-refinement
523,357.8406944789181,1461544.2236428258,e,integer-refinement
524,358.6135087754008,1461183.1043101628,e,integer-refinement
525,359.38706939182214,1460820.5044450783,e,integer-refinement
526,360.16137632818214,1460456.4358414277,e,integer-refinement
527,360.93642958448083,1460090.9102101326,e,integer-refinement
528,361.7122291607181,1459723.9391798277,e,integer-refinement
529,362.4887750568941,1459355.5342975,e,integer-refinement
530,363.26606727300873,1458985.707029124,e,integer-refinement
531,364.04410580906205,1458614.4687602904,e,integer-refinement
532,364.82289066505405,1458241.8307968297,e,integer-refinement
533,365.6024218409846,1457867.80436543,e,integer-refinement
534,366.38269933685393,1457492.4006142493,e,integer-refinement
535,367.1637231526619,1457115.6306135233,e,integer-refinement
536,367.9454932884085,1456737.5053561658,e,integer-refinement
537,368.72800974409375,1456358.0357583659,e,integer-refinement
538,369.5112725197177,1455977.2326601795,e,integer-refinement
539,370.29528161528026,1455595.1068261145,e,integer-refinement
540,371.08003703078157,1455211.6689457113,e,integer-refinement
541,371.8655387662214,1454826.9296341208,e,integer-refinement
542,372.65178682159996,1454440.8994326715,e,integer-refinement
543,373.43878119691726,1454053.5888094378,e,integer-refinement
544,374.22652189217314,1453665.0081598016,e,integer-refinement
545,375.0150089073677,1453275.1678070044,e,integer-refinement
546,375.80424224250083,1452884.0780027024,e,integer-refinement
547,376.5942218975727,1452491.7489275096,e,integer-refinement
548,377.38494787258327,1452098.1906915419,e,integer-refinement
549,378.1764201675324,1451703.4133349527,e,integer-refinement
550,378.9686387824203,1451307.4268284638,e,integer-refinement
551,379.7616037172468,1450910.2410738962,e,integer-refinement
552,380.555314972012,1450511.8659046895,e,integer-refinement
553,381.3497725467158,1450112.3110864235,e,integer-refinement
554,382.1449764413583,1449711.5863173294,e,integer-refinement
555,382.94092665593945,1449309.7012288014,e,integer-refinement
556,383.73762319045926,1448906.6653859017,e,integer-refinement
557,384.53506604491776,1448502.48828786,e,integer-refinement
558,385.3332552193148,1448097.1793685723,e,integer-refinement
559,386.1321907136507,1447690.74799709,e,integer-refinement
560,386.9318725279251,1447283.2034781121,e,integer-refinement
561,387.73230066213824,1446874.5550524653,e,integer-refinement
562,388.53347511629,1446464.8118975866,e,integer-refinement
563,389.3353958903804,1446053.9831279963,e,integer-refinement
564,390.1380629844095,1445642.0777957733,e,integer-refinement
565,390.9414763983773,1445229.1048910185,e,integer-refinement
566,391.74563613228366,1444815.073342322,e,integer-refinement
567,392.5505421861288,1444399.9920172205,e,integer-refinement
568,393.3561945599125,1443983.8697226548,e,integer-refinement
569,394.1625932536349,1443566.7152054205,e,integer-refinement
570,394.96973826729595,1443148.5371526165,e,integer-refinement
571,395.77762960089564,1442729.34419209,e,integer-refinement
572,396.58626725443406,1442309.144892875,e,integer-refinement
573,397.3956512279111,1441887.947765633,e,integer-refinement
574,398.2057815213268,1441465.7612630823,e,integer-refinement
575,399.0166581346811,1441042.59378043,e,integer-refinement
576,399.82828106797416,1440618.4536557961,e,integer-refinement
577,400.64065032120584,1440193.3491706382,e,integer-refinement
578,401.45376589437615,1439767.2885501685,e,integer-refinement
579,402.26762778748514,1439340.2799637688,e,integer-refinement
580,403.08223600053276,1438912.3315254047,e,integer-refinement
581,403.8975905335191,1438483.4512940312,e,integer-refinement
582,404.7136913864441,1438053.6472739999,e,integer-refinement
583,405.53053855930773,1437622.9274154599,e,integer-refinement
584,406.34813205211003,1437191.2996147547,e,integer-refinement
585,407.166471864851,1436758.7717148196,e,integer-refinement
586,407.98555799753063,1436325.3515055715,e,integer-refinement
587,408.80539045014893,1435891.0467242987,e,integer-refinement
588,409.62596922270586,1435455.8650560447,e,integer-refinement
589,410.4472943152014,1435019.8141339915,e,integer-refinement
590,411.2693657276357,1434582.9015398368,e,integer-refinement
591,412.0921834600086,1434145.134804173,e,integer-refinement
592,412.91574751232025,1433706.5214068552,e,integer-refinement
593,413.74005788457043,1433267.0687773756,e,integer-refinement
594,414.5651145767593,1432826.784295226,e,integer-refinement
595,415.3909175888869,1432385.6752902635,e,integer-refinement
596,416.2174669209531,1431943.7490430712,e,integer-refinement
597,417.044762572958,1431501.0127853137,e,integer-refinement
598,417.8728045449015,1431057.4737000943,e,integer-refinement
599,418.70159283678373,1430613.1389223048,e,integer-refinement
600,419.5311274486046,1430168.0155389758,e,integer-refinement
601,420.36140838036414,1429722.1105896214,e,integer-refinement
602,421.1924356320623,1429275.4310665834,e,integer-refinement
603,422.0242092036992,1428827.9839153704,e,integer-refinement
604,422.8567290952746,1428379.7760349978,e,integer-refinement
605,423.68999530678883,1427930.8142783188,e,integer-refinement
606,424.5240078382417,1427481.105452361,e,integer-refinement
607,425.3587666896331,1427030.6563186531,e,integer-refinement
608,426.1942718609633,1426579.4735935514,e,integer-refinement
609,427.0305233522321,1426127.563948566,e,integer-refinement
610,427.86752116343956,1425674.9340106803,e,integer-refinement
611,428.7052652945857,1425221.5903626706,e,integer-refinement
612,429.54375574567047,1424767.5395434229,e,integer-refinement
613,430.3829925166939,1424312.7880482466,e,integer-refinement
614,431.222975607656,1423857.342329185,e,integer-refinement
615,432.06370501855673,1423401.208795324,e,integer-refinement
616,432.9051807493962,1422944.3938131,e,integer-refinement
617,433.74740280017426,1422486.9037066014,e,integer-refinement
618,434.590371170891,1422028.7447578725,e,integer-refinement
619,435.4340858615464,1421569.9232072094,e,integer-refinement
620,436.27854687214045,1421110.44525346,e,integer-refinement
621,437.1237542026732,1420650.3170543148,e,integer-refinement
622,437.9697078531446,1420189.5447266013,e,integer-refinement
623,438.8164078235547,1419728.1343465724,e,integer-refinement
624,439.66385411390337,1419266.0919501942,e,integer-refinement
625,440.5120467241908,1418803.4235334296,e,integer-refinement
626,441.36098565441677,1418340.1350525226,e,integer-refinement
627,442.2106709045815,1417876.2324242773,e,integer-refinement
628,443.0611024746848,1417411.7215263376,e,integer-refinement
629,443.9122803647268,1416946.6081974609,e,integer-refinement
630,444.76420457470743,1416480.898237795,e,integer-refinement
631,445.6168751046268,1416014.5974091464,e,integer-refinement
632,446.4702919544848,1415547.7114352523,e,integer-refinement
633,447.3244551242815,1415080.2460020473,e,integer-refinement
634,448.1793646140168,1414612.2067579273,e,integer-refinement
635,449.0350204236907,1414143.5993140147,e,integer-refinement
636,449.89142255330336,1413674.429244417,e,integer-refinement
637,450.7485710028546,1413204.7020864894,e,integer-refinement
638,451.6064657723446,1412734.423341088,e,integer-refinement
639,452.4651068617732,1412263.5984728269,e,integer-refinement
640,453.3244942711405,1411792.2329103309,e,integer-refinement
641,454.1846280004464,1411320.3320464864,e,integer-refinement
642,455.04550804969097,1410847.9012386901,e,integer-refinement
643,455.90713441887425,1410374.9458090959,e,integer-refinement
644,456.7695071079962,1409901.4710448612,e,integer-refinement
645,457.63262611705676,1409427.482198389,e,integer-refinement
646,458.4964914460559,1408952.9844875697,e,integer-refinement
647,459.3611030949939,1408477.98309602,e,integer-refinement
648,460.22646106387043,1408002.4831733224,e,integer-refinement
649,461.09256535268565,1407526.489835258,e,integer-refinement
650,461.9594159614395,1407050.008164043,e,integer-refinement
651,462.82701289013204,1406573.043208559,e,integer-refinement
652,463.69535613876326,1406095.5999845848,e,integer-refinement
653,464.5644457073331,1405617.6834750238,e,integer-refinement
654,465.4342815958416,1405139.2986301316,e,integer-refinement
655,466.3048638042888,1404660.4503677401,e,integer-refinement
656,467.1761923326746,1404181.143573482,e,integer-refinement
657,468.0482671809991,1403701.383101011,e,integer-refinement
658,468.9210883492623,1403221.1737722228,e,integer-refinement
659,469.7946558374641,1402740.5203774725,e,integer-refinement
660,470.66896964560465,1402259.4276757913,e,integer-refinement
661,471.5440297736837,1401777.9003951026,e,integer-refinement
662,472.4198362217015,1401295.9432324315,e,integer-refinement
663,473.296388989658,1400813.560854121,e,integer-refinement
664,474.17368807755304,1400330.7578960394,e,integer-refinement
665,475.0517334853869,1399847.5389637877,e,integer-refinement
666,475.93052521315934,1399363.9086329092,e,integer-refinement
667,476.8100632608704,1398879.8714490924,e,integer-refinement
668,477.69034762852016,1398395.4319283748,e,integer-refinement
669,478.57137831610856,1397910.5945573463,e,integer-refinement
670,479.4531553236357,1397425.3637933475,e,integer-refinement
671,480.33567865110143,1396939.7440646717,e,integer-refinement
672,481.21894829850584,1396453.7397707591,e,integer-refinement
673,482.1029642658488,1395967.355282395,e,integer-refinement
674,482.9877265531306,1395480.5949419034,e,integer-refinement
675,483.873235160351,1394993.4630633402,e,integer-refinement
676,484.75949008750996,1394505.963932685,e,integer-refinement
677,485.64649133460773,1394018.1018080304,e,integer-refinement
678,486.5342389016441,1393529.880919772,e,integer-refinement
679,487.42273278861904,1393041.3054707942,e,integer-refinement
680,488.3119729955327,1392552.3796366567,e,integer-refinement
681,489.2019595223851,1392063.1075657795,e,integer-refinement
682,490.0926923691761,1391573.4933796243,e,integer-refinement
683,490.9841715359058,1391083.5411728788,e,integer-refinement
684,491.8763970225741,1390593.2550136342,e,integer-refinement
685,492.76936882918113,1390102.6389435658,e,integer-refinement
686,493.66308695572667,1389611.6969781108,e,integer-refinement
687,494.557551402211,1389120.4331066427,e,integer-refinement
688,495.452762168634,1388628.8512926484,e,integer-refinement
689,496.3487192549956,1388136.9554739017,e,integer-refinement
690,497.24542266129595,1387644.749562634,e,integer-refinement
691,498.14287238753485,1387152.2374457063,e,integer-refinement
692,499.0410684337124,1386659.4229847805,e,integer-refinement
693,499.9400107998287,1386166.3100164845,e,integer-refinement
694,500.8396994858836,1385672.9023525834,e,integer-refinement
695,501.7401344918772,1385179.2037801424,e,integer-refinement
696,502.64131581780947,1384685.2180616932,e,integer-refinement
697,503.5432434636803,1384190.9489353984,e,integer-refinement
698,504.44591742948995,1383696.4001152106,e,integer-refinement
699,505.34933771523816,1383201.5752910376,e,integer-refinement
700,506.25350432092506,1382706.4781288998,e,integer-refinement
701,507.1584172465506,1382211.1122710896,e,integer-refinement
702,508.06407649211485,1381715.4813363291,e,integer-refinement
703,508.97048205761763,1381219.5889199276,e,integer-refinement
704,509.8776339430592,1380723.4385939343,e,integer-refinement
705,510.7855321484395,1380227.0339072952,e,integer-refinement
706,511.6941766737583,1379730.3783860053,e,integer-refinement
707,512.6035675190158,1379233.4755332596,e,integer-refinement
708,513.5137046842119,1378736.3288296044,e,integer-refinement
709,514.4245881693466,1378238.9417330883,e,integer-refinement
710,515.3362179744203,1377741.3176794073,e,integer-refinement
711,516.2485940994324,1377243.4600820579,e,integer-refinement
712,517.1617165443831,1376745.3723324777,e,integer-refinement
713,518.0755853092727,1376247.0578001942,e,integer-refinement
714,518.9902003941007,1375748.519832969,e,integer-refinement
715,519.9055617988676,1375249.7617569389,e,integer-refinement
716,520.821669523573,1374750.7868767607,e,integer-refinement
717,521.7385235682171,1374251.5984757498,e,integer-refinement
718,522.6561239327999,1373752.1998160235,e,integer-refinement
719,523.5744706173213,1373252.5941386372,e,integer-refinement
720,524.4935636217814,1372752.784663723,e,integer-refinement
721,525.4134029461801,1372252.7745906294,e,integer-refinement
722,526.3339885905175,1371752.5670980534,e,integer-refinement
723,527.2553205547936,1371252.1653441791,e,integer-refinement
724,528.1773988390083,1370751.5724668098,e,integer-refinement
725,529.1002234431618,1370250.7915835015,e,integer-refinement
726,530.0237943672538,1369749.8257916968,e,integer-refinement
727,530.9481116112845,1369248.678168853,e,integer-refinement
728,531.8731751752539,1368747.3517725756,e,integer-refinement
729,532.7989850591619,1368245.849640746,e,integer-refinement
730,533.7255412630087,1367744.1747916488,e,integer-refinement
731,534.6528437867939,1367242.330224104,e,integer-refinement
732,535.580892630518,1366740.318917587,e,integer-refinement
733,536.5096877941806,1366238.1438323595,e,integer-refinement
734,537.439229277782,1365735.8079095918,e,integer-refinement
735,538.369517081322,1365233.3140714883,e,integer-refinement
736,539.3005512048006,1364730.665221409,e,integer-refinement
737,540.232331648218,1364227.8642439914,e,integer-refinement
738,541.164858411574,1363724.914005274,e,integer-refinement
739,542.0981314948685,1363221.817352815,e,integer-refinement
740,543.0321508981018,1362718.5771158116,e,integer-refinement
741,543.9669166212739,1362215.1961052192,e,integer-refinement
742,544.9024286643844,1361711.6771138704,e,integer-refinement
743,545.8386870274337,1361208.0229165892,e,integer-refinement
744,546.7756917104216,1360704.2362703106,e,integer-refinement
745,547.7134427133482,1360200.3199141927,e,integer-refinement
746,548.6519400362134,1359696.2765697334,e,integer-refinement
747,549.5911836790174,1359192.1089408833,e,integer-refinement
748,550.53117364176,1358687.819714159,e,integer-refinement
749,551.4719099244412,1358183.411558755,e,integer-refinement
750,552.4133925270612,1357678.8871266542,e,integer-refinement
751,553.3556214496197,1357174.2490527404,e,integer-refinement
752,554.2985966921169,1356669.4999549054,e,integer-refinement
753,555.2423182545529,1356164.6424341605,e,integer-refinement
754,556.1867861369274,1355659.6790747435,e,integer-refinement
755,557.1320003392406,1355154.6124442262,e,integer-refinement
756,558.0779608614924,1354649.4450936203,e,integer-refinement
757,559.0246677036829,1354144.1795574862,e,integer-refinement
758,559.9721208658121,1353638.8183540336,e,integer-refinement
759,560.92032034788,1353133.3639852304,e,integer-refinement
760,561.8692661498865,1352627.8189369044,e,integer-refinement
761,562.8189582718317,1352122.1856788455,e,integer-refinement
762,563.7693967137154,1351616.46666491,e,integer-refinement
763,564.7205814755379,1351110.6643331202,e,integer-refinement
764,565.6725125572991,1350604.7811057665,e,integer-refinement
765,566.6251899589988,1350098.819389508,e,integer-refinement
766,567.5786136806373,1349592.781575469,e,integer-refinement
767,568.5327837222144,1349086.6700393427,e,integer-refinement
768,569.4877000837303,1348580.4871414835,"b,e",original-published
1024,838.4972293339382,1221232.4193526749,"b,e",original-published
1536,1523.2487583344673,1008371.0829211343,"b,e",original-published
2048,2403.6435813351477,852039.8015343028,"b,e",original-published
