case_id,variant,phase,layer,step,remote_immutable_bytes,remote_private_bytes,GPU_live_KV_bytes,combined_live_KV_bytes
Fugue-asplos-EPIC-long-4000,F1,prefill,0,0,2111832064,0,65994752,2177826816
Fugue-asplos-EPIC-long-4000,F1,prefill,1,0,2111832064,0,131989504,2243821568
Fugue-asplos-EPIC-long-4000,F1,prefill,2,0,2111832064,0,197984256,2309816320
Fugue-asplos-EPIC-long-4000,F1,prefill,3,0,2111832064,0,263979008,2375811072
Fugue-asplos-EPIC-long-4000,F1,prefill,4,0,2111832064,0,329973760,2441805824
Fugue-asplos-EPIC-long-4000,F1,prefill,5,0,2111832064,0,395968512,2507800576
Fugue-asplos-EPIC-long-4000,F1,prefill,6,0,2111832064,0,461963264,2573795328
Fugue-asplos-EPIC-long-4000,F1,prefill,7,0,2111832064,0,527958016,2639790080
Fugue-asplos-EPIC-long-4000,F1,prefill,8,0,2111832064,0,593952768,2705784832
Fugue-asplos-EPIC-long-4000,F1,prefill,9,0,2111832064,0,659947520,2771779584
Fugue-asplos-EPIC-long-4000,F1,prefill,10,0,2111832064,0,725942272,2837774336
Fugue-asplos-EPIC-long-4000,F1,prefill,11,0,2111832064,0,791937024,2903769088
Fugue-asplos-EPIC-long-4000,F1,prefill,12,0,2111832064,0,857931776,2969763840
Fugue-asplos-EPIC-long-4000,F1,prefill,13,0,2111832064,0,923926528,3035758592
Fugue-asplos-EPIC-long-4000,F1,prefill,14,0,2111832064,0,989921280,3101753344
Fugue-asplos-EPIC-long-4000,F1,prefill,15,0,2111832064,0,1055916032,3167748096
Fugue-asplos-EPIC-long-4000,F1,prefill,16,0,2111832064,0,1121910784,3233742848
Fugue-asplos-EPIC-long-4000,F1,prefill,17,0,2111832064,0,1187905536,3299737600
Fugue-asplos-EPIC-long-4000,F1,prefill,18,0,2111832064,0,1253900288,3365732352
Fugue-asplos-EPIC-long-4000,F1,prefill,19,0,2111832064,0,1319895040,3431727104
Fugue-asplos-EPIC-long-4000,F1,prefill,20,0,2111832064,0,1385889792,3497721856
Fugue-asplos-EPIC-long-4000,F1,prefill,21,0,2111832064,0,1451884544,3563716608
Fugue-asplos-EPIC-long-4000,F1,prefill,22,0,2111832064,0,1517879296,3629711360
Fugue-asplos-EPIC-long-4000,F1,prefill,23,0,2111832064,0,1583874048,3695706112
Fugue-asplos-EPIC-long-4000,F1,prefill,24,0,2111832064,0,1649868800,3761700864
Fugue-asplos-EPIC-long-4000,F1,prefill,25,0,2111832064,0,1715863552,3827695616
Fugue-asplos-EPIC-long-4000,F1,prefill,26,0,2111832064,0,1781858304,3893690368
Fugue-asplos-EPIC-long-4000,F1,prefill,27,0,2111832064,0,1847853056,3959685120
Fugue-asplos-EPIC-long-4000,F1,prefill,28,0,2111832064,0,1913847808,4025679872
Fugue-asplos-EPIC-long-4000,F1,prefill,29,0,2111832064,0,1979842560,4091674624
Fugue-asplos-EPIC-long-4000,F1,prefill,30,0,2111832064,0,2045837312,4157669376
Fugue-asplos-EPIC-long-4000,F1,prefill,31,0,2111832064,0,2111832064,4223664128
Fugue-asplos-EPIC-long-4000,F1,decode,all,1,2111832064,0,2112356352,4224188416
Fugue-asplos-EPIC-long-4000,F1,decode,all,2,2111832064,0,2112880640,4224712704
Fugue-asplos-EPIC-long-4000,F1,decode,all,3,2111832064,0,2113404928,4225236992
Fugue-asplos-EPIC-long-4000,F1,decode,all,4,2111832064,0,2113929216,4225761280
Fugue-asplos-EPIC-long-4000,F1,decode,all,5,2111832064,0,2114453504,4226285568
Fugue-asplos-EPIC-long-4000,F1,decode,all,6,2111832064,0,2114977792,4226809856
Fugue-asplos-EPIC-long-4000,F1,decode,all,7,2111832064,0,2115502080,4227334144
Fugue-asplos-EPIC-long-4000,F1,decode,all,8,2111832064,0,2116026368,4227858432
Fugue-asplos-EPIC-long-4000,F1,decode,all,9,2111832064,0,2116550656,4228382720
Fugue-asplos-EPIC-long-4000,F1,decode,all,10,2111832064,0,2117074944,4228907008
Fugue-asplos-EPIC-long-4000,F1,decode,all,11,2111832064,0,2117599232,4229431296
Fugue-asplos-EPIC-long-4000,F1,decode,all,12,2111832064,0,2118123520,4229955584
Fugue-asplos-EPIC-long-4000,F1,decode,all,13,2111832064,0,2118647808,4230479872
Fugue-asplos-EPIC-long-4000,F1,decode,all,14,2111832064,0,2119172096,4231004160
Fugue-asplos-EPIC-long-4000,F1,decode,all,15,2111832064,0,2119696384,4231528448
Fugue-asplos-EPIC-long-4000,F2,prefill,0,0,2111832064,65994752,65994752,2243821568
Fugue-asplos-EPIC-long-4000,F2,prefill,1,0,2111832064,131989504,65994752,2309816320
Fugue-asplos-EPIC-long-4000,F2,prefill,2,0,2111832064,197984256,65994752,2375811072
Fugue-asplos-EPIC-long-4000,F2,prefill,3,0,2111832064,263979008,65994752,2441805824
Fugue-asplos-EPIC-long-4000,F2,prefill,4,0,2111832064,329973760,65994752,2507800576
Fugue-asplos-EPIC-long-4000,F2,prefill,5,0,2111832064,395968512,65994752,2573795328
Fugue-asplos-EPIC-long-4000,F2,prefill,6,0,2111832064,461963264,65994752,2639790080
Fugue-asplos-EPIC-long-4000,F2,prefill,7,0,2111832064,527958016,65994752,2705784832
Fugue-asplos-EPIC-long-4000,F2,prefill,8,0,2111832064,593952768,65994752,2771779584
Fugue-asplos-EPIC-long-4000,F2,prefill,9,0,2111832064,659947520,65994752,2837774336
Fugue-asplos-EPIC-long-4000,F2,prefill,10,0,2111832064,725942272,65994752,2903769088
Fugue-asplos-EPIC-long-4000,F2,prefill,11,0,2111832064,791937024,65994752,2969763840
Fugue-asplos-EPIC-long-4000,F2,prefill,12,0,2111832064,857931776,65994752,3035758592
Fugue-asplos-EPIC-long-4000,F2,prefill,13,0,2111832064,923926528,65994752,3101753344
Fugue-asplos-EPIC-long-4000,F2,prefill,14,0,2111832064,989921280,65994752,3167748096
Fugue-asplos-EPIC-long-4000,F2,prefill,15,0,2111832064,1055916032,65994752,3233742848
Fugue-asplos-EPIC-long-4000,F2,prefill,16,0,2111832064,1121910784,65994752,3299737600
Fugue-asplos-EPIC-long-4000,F2,prefill,17,0,2111832064,1187905536,65994752,3365732352
Fugue-asplos-EPIC-long-4000,F2,prefill,18,0,2111832064,1253900288,65994752,3431727104
Fugue-asplos-EPIC-long-4000,F2,prefill,19,0,2111832064,1319895040,65994752,3497721856
Fugue-asplos-EPIC-long-4000,F2,prefill,20,0,2111832064,1385889792,65994752,3563716608
Fugue-asplos-EPIC-long-4000,F2,prefill,21,0,2111832064,1451884544,65994752,3629711360
Fugue-asplos-EPIC-long-4000,F2,prefill,22,0,2111832064,1517879296,65994752,3695706112
Fugue-asplos-EPIC-long-4000,F2,prefill,23,0,2111832064,1583874048,65994752,3761700864
Fugue-asplos-EPIC-long-4000,F2,prefill,24,0,2111832064,1649868800,65994752,3827695616
Fugue-asplos-EPIC-long-4000,F2,prefill,25,0,2111832064,1715863552,65994752,3893690368
Fugue-asplos-EPIC-long-4000,F2,prefill,26,0,2111832064,1781858304,65994752,3959685120
Fugue-asplos-EPIC-long-4000,F2,prefill,27,0,2111832064,1847853056,65994752,4025679872
Fugue-asplos-EPIC-long-4000,F2,prefill,28,0,2111832064,1913847808,65994752,4091674624
Fugue-asplos-EPIC-long-4000,F2,prefill,29,0,2111832064,1979842560,65994752,4157669376
Fugue-asplos-EPIC-long-4000,F2,prefill,30,0,2111832064,2045837312,65994752,4223664128
Fugue-asplos-EPIC-long-4000,F2,prefill,31,0,2111832064,2111832064,65994752,4289658880
Fugue-asplos-EPIC-long-4000,F2,decode,all,1,2111832064,2112356352,16384,4224204800
Fugue-asplos-EPIC-long-4000,F2,decode,all,2,2111832064,2112880640,16384,4224729088
Fugue-asplos-EPIC-long-4000,F2,decode,all,3,2111832064,2113404928,16384,4225253376
Fugue-asplos-EPIC-long-4000,F2,decode,all,4,2111832064,2113929216,16384,4225777664
Fugue-asplos-EPIC-long-4000,F2,decode,all,5,2111832064,2114453504,16384,4226301952
Fugue-asplos-EPIC-long-4000,F2,decode,all,6,2111832064,2114977792,16384,4226826240
Fugue-asplos-EPIC-long-4000,F2,decode,all,7,2111832064,2115502080,16384,4227350528
Fugue-asplos-EPIC-long-4000,F2,decode,all,8,2111832064,2116026368,16384,4227874816
Fugue-asplos-EPIC-long-4000,F2,decode,all,9,2111832064,2116550656,16384,4228399104
Fugue-asplos-EPIC-long-4000,F2,decode,all,10,2111832064,2117074944,16384,4228923392
Fugue-asplos-EPIC-long-4000,F2,decode,all,11,2111832064,2117599232,16384,4229447680
Fugue-asplos-EPIC-long-4000,F2,decode,all,12,2111832064,2118123520,16384,4229971968
Fugue-asplos-EPIC-long-4000,F2,decode,all,13,2111832064,2118647808,16384,4230496256
Fugue-asplos-EPIC-long-4000,F2,decode,all,14,2111832064,2119172096,16384,4231020544
Fugue-asplos-EPIC-long-4000,F2,decode,all,15,2111832064,2119696384,16384,4231544832
Fugue-asplos-EPIC-long-4000,F3,prefill,0,0,2111832064,1736704,65994752,2179563520
Fugue-asplos-EPIC-long-4000,F3,prefill,1,0,2111832064,3473408,65994752,2181300224
Fugue-asplos-EPIC-long-4000,F3,prefill,2,0,2111832064,5210112,65994752,2183036928
Fugue-asplos-EPIC-long-4000,F3,prefill,3,0,2111832064,6946816,65994752,2184773632
Fugue-asplos-EPIC-long-4000,F3,prefill,4,0,2111832064,8683520,65994752,2186510336
Fugue-asplos-EPIC-long-4000,F3,prefill,5,0,2111832064,10420224,65994752,2188247040
Fugue-asplos-EPIC-long-4000,F3,prefill,6,0,2111832064,12156928,65994752,2189983744
Fugue-asplos-EPIC-long-4000,F3,prefill,7,0,2111832064,13893632,65994752,2191720448
Fugue-asplos-EPIC-long-4000,F3,prefill,8,0,2111832064,15630336,65994752,2193457152
Fugue-asplos-EPIC-long-4000,F3,prefill,9,0,2111832064,17367040,65994752,2195193856
Fugue-asplos-EPIC-long-4000,F3,prefill,10,0,2111832064,19103744,65994752,2196930560
Fugue-asplos-EPIC-long-4000,F3,prefill,11,0,2111832064,20840448,65994752,2198667264
Fugue-asplos-EPIC-long-4000,F3,prefill,12,0,2111832064,22577152,65994752,2200403968
Fugue-asplos-EPIC-long-4000,F3,prefill,13,0,2111832064,24313856,65994752,2202140672
Fugue-asplos-EPIC-long-4000,F3,prefill,14,0,2111832064,26050560,65994752,2203877376
Fugue-asplos-EPIC-long-4000,F3,prefill,15,0,2111832064,27787264,65994752,2205614080
Fugue-asplos-EPIC-long-4000,F3,prefill,16,0,2111832064,29523968,65994752,2207350784
Fugue-asplos-EPIC-long-4000,F3,prefill,17,0,2111832064,31260672,65994752,2209087488
Fugue-asplos-EPIC-long-4000,F3,prefill,18,0,2111832064,32997376,65994752,2210824192
Fugue-asplos-EPIC-long-4000,F3,prefill,19,0,2111832064,34734080,65994752,2212560896
Fugue-asplos-EPIC-long-4000,F3,prefill,20,0,2111832064,36470784,65994752,2214297600
Fugue-asplos-EPIC-long-4000,F3,prefill,21,0,2111832064,38207488,65994752,2216034304
Fugue-asplos-EPIC-long-4000,F3,prefill,22,0,2111832064,39944192,65994752,2217771008
Fugue-asplos-EPIC-long-4000,F3,prefill,23,0,2111832064,41680896,65994752,2219507712
Fugue-asplos-EPIC-long-4000,F3,prefill,24,0,2111832064,43417600,65994752,2221244416
Fugue-asplos-EPIC-long-4000,F3,prefill,25,0,2111832064,45154304,65994752,2222981120
Fugue-asplos-EPIC-long-4000,F3,prefill,26,0,2111832064,46891008,65994752,2224717824
Fugue-asplos-EPIC-long-4000,F3,prefill,27,0,2111832064,48627712,65994752,2226454528
Fugue-asplos-EPIC-long-4000,F3,prefill,28,0,2111832064,50364416,65994752,2228191232
Fugue-asplos-EPIC-long-4000,F3,prefill,29,0,2111832064,52101120,65994752,2229927936
Fugue-asplos-EPIC-long-4000,F3,prefill,30,0,2111832064,53837824,65994752,2231664640
Fugue-asplos-EPIC-long-4000,F3,prefill,31,0,2111832064,55574528,65994752,2233401344
Fugue-asplos-EPIC-long-4000,F3,decode,all,1,2111832064,56098816,16384,2167947264
Fugue-asplos-EPIC-long-4000,F3,decode,all,2,2111832064,56623104,16384,2168471552
Fugue-asplos-EPIC-long-4000,F3,decode,all,3,2111832064,57147392,16384,2168995840
Fugue-asplos-EPIC-long-4000,F3,decode,all,4,2111832064,57671680,16384,2169520128
Fugue-asplos-EPIC-long-4000,F3,decode,all,5,2111832064,58195968,16384,2170044416
Fugue-asplos-EPIC-long-4000,F3,decode,all,6,2111832064,58720256,16384,2170568704
Fugue-asplos-EPIC-long-4000,F3,decode,all,7,2111832064,59244544,16384,2171092992
Fugue-asplos-EPIC-long-4000,F3,decode,all,8,2111832064,59768832,16384,2171617280
Fugue-asplos-EPIC-long-4000,F3,decode,all,9,2111832064,60293120,16384,2172141568
Fugue-asplos-EPIC-long-4000,F3,decode,all,10,2111832064,60817408,16384,2172665856
Fugue-asplos-EPIC-long-4000,F3,decode,all,11,2111832064,61341696,16384,2173190144
Fugue-asplos-EPIC-long-4000,F3,decode,all,12,2111832064,61865984,16384,2173714432
Fugue-asplos-EPIC-long-4000,F3,decode,all,13,2111832064,62390272,16384,2174238720
Fugue-asplos-EPIC-long-4000,F3,decode,all,14,2111832064,62914560,16384,2174763008
Fugue-asplos-EPIC-long-4000,F3,decode,all,15,2111832064,63438848,16384,2175287296
Fugue-asplos-EPIC-long-4000,F4,prefill,0,0,2111832064,1736704,1736704,2115305472
Fugue-asplos-EPIC-long-4000,F4,prefill,1,0,2111832064,3473408,1736704,2117042176
Fugue-asplos-EPIC-long-4000,F4,prefill,2,0,2111832064,5210112,1736704,2118778880
Fugue-asplos-EPIC-long-4000,F4,prefill,3,0,2111832064,6946816,1736704,2120515584
Fugue-asplos-EPIC-long-4000,F4,prefill,4,0,2111832064,8683520,1736704,2122252288
Fugue-asplos-EPIC-long-4000,F4,prefill,5,0,2111832064,10420224,1736704,2123988992
Fugue-asplos-EPIC-long-4000,F4,prefill,6,0,2111832064,12156928,1736704,2125725696
Fugue-asplos-EPIC-long-4000,F4,prefill,7,0,2111832064,13893632,1736704,2127462400
Fugue-asplos-EPIC-long-4000,F4,prefill,8,0,2111832064,15630336,1736704,2129199104
Fugue-asplos-EPIC-long-4000,F4,prefill,9,0,2111832064,17367040,1736704,2130935808
Fugue-asplos-EPIC-long-4000,F4,prefill,10,0,2111832064,19103744,1736704,2132672512
Fugue-asplos-EPIC-long-4000,F4,prefill,11,0,2111832064,20840448,1736704,2134409216
Fugue-asplos-EPIC-long-4000,F4,prefill,12,0,2111832064,22577152,1736704,2136145920
Fugue-asplos-EPIC-long-4000,F4,prefill,13,0,2111832064,24313856,1736704,2137882624
Fugue-asplos-EPIC-long-4000,F4,prefill,14,0,2111832064,26050560,1736704,2139619328
Fugue-asplos-EPIC-long-4000,F4,prefill,15,0,2111832064,27787264,1736704,2141356032
Fugue-asplos-EPIC-long-4000,F4,prefill,16,0,2111832064,29523968,1736704,2143092736
Fugue-asplos-EPIC-long-4000,F4,prefill,17,0,2111832064,31260672,1736704,2144829440
Fugue-asplos-EPIC-long-4000,F4,prefill,18,0,2111832064,32997376,1736704,2146566144
Fugue-asplos-EPIC-long-4000,F4,prefill,19,0,2111832064,34734080,1736704,2148302848
Fugue-asplos-EPIC-long-4000,F4,prefill,20,0,2111832064,36470784,1736704,2150039552
Fugue-asplos-EPIC-long-4000,F4,prefill,21,0,2111832064,38207488,1736704,2151776256
Fugue-asplos-EPIC-long-4000,F4,prefill,22,0,2111832064,39944192,1736704,2153512960
Fugue-asplos-EPIC-long-4000,F4,prefill,23,0,2111832064,41680896,1736704,2155249664
Fugue-asplos-EPIC-long-4000,F4,prefill,24,0,2111832064,43417600,1736704,2156986368
Fugue-asplos-EPIC-long-4000,F4,prefill,25,0,2111832064,45154304,1736704,2158723072
Fugue-asplos-EPIC-long-4000,F4,prefill,26,0,2111832064,46891008,1736704,2160459776
Fugue-asplos-EPIC-long-4000,F4,prefill,27,0,2111832064,48627712,1736704,2162196480
Fugue-asplos-EPIC-long-4000,F4,prefill,28,0,2111832064,50364416,1736704,2163933184
Fugue-asplos-EPIC-long-4000,F4,prefill,29,0,2111832064,52101120,1736704,2165669888
Fugue-asplos-EPIC-long-4000,F4,prefill,30,0,2111832064,53837824,1736704,2167406592
Fugue-asplos-EPIC-long-4000,F4,prefill,31,0,2111832064,55574528,1736704,2169143296
Fugue-asplos-EPIC-long-4000,F4,decode,all,1,2111832064,56098816,16384,2167947264
Fugue-asplos-EPIC-long-4000,F4,decode,all,2,2111832064,56623104,16384,2168471552
Fugue-asplos-EPIC-long-4000,F4,decode,all,3,2111832064,57147392,16384,2168995840
Fugue-asplos-EPIC-long-4000,F4,decode,all,4,2111832064,57671680,16384,2169520128
Fugue-asplos-EPIC-long-4000,F4,decode,all,5,2111832064,58195968,16384,2170044416
Fugue-asplos-EPIC-long-4000,F4,decode,all,6,2111832064,58720256,16384,2170568704
Fugue-asplos-EPIC-long-4000,F4,decode,all,7,2111832064,59244544,16384,2171092992
Fugue-asplos-EPIC-long-4000,F4,decode,all,8,2111832064,59768832,16384,2171617280
Fugue-asplos-EPIC-long-4000,F4,decode,all,9,2111832064,60293120,16384,2172141568
Fugue-asplos-EPIC-long-4000,F4,decode,all,10,2111832064,60817408,16384,2172665856
Fugue-asplos-EPIC-long-4000,F4,decode,all,11,2111832064,61341696,16384,2173190144
Fugue-asplos-EPIC-long-4000,F4,decode,all,12,2111832064,61865984,16384,2173714432
Fugue-asplos-EPIC-long-4000,F4,decode,all,13,2111832064,62390272,16384,2174238720
Fugue-asplos-EPIC-long-4000,F4,decode,all,14,2111832064,62914560,16384,2174763008
Fugue-asplos-EPIC-long-4000,F4,decode,all,15,2111832064,63438848,16384,2175287296
Fugue-asplos-EPIC-long-8000,F1,prefill,0,0,4211605504,0,131612672,4343218176
Fugue-asplos-EPIC-long-8000,F1,prefill,1,0,4211605504,0,263225344,4474830848
Fugue-asplos-EPIC-long-8000,F1,prefill,2,0,4211605504,0,394838016,4606443520
Fugue-asplos-EPIC-long-8000,F1,prefill,3,0,4211605504,0,526450688,4738056192
Fugue-asplos-EPIC-long-8000,F1,prefill,4,0,4211605504,0,658063360,4869668864
Fugue-asplos-EPIC-long-8000,F1,prefill,5,0,4211605504,0,789676032,5001281536
Fugue-asplos-EPIC-long-8000,F1,prefill,6,0,4211605504,0,921288704,5132894208
Fugue-asplos-EPIC-long-8000,F1,prefill,7,0,4211605504,0,1052901376,5264506880
Fugue-asplos-EPIC-long-8000,F1,prefill,8,0,4211605504,0,1184514048,5396119552
Fugue-asplos-EPIC-long-8000,F1,prefill,9,0,4211605504,0,1316126720,5527732224
Fugue-asplos-EPIC-long-8000,F1,prefill,10,0,4211605504,0,1447739392,5659344896
Fugue-asplos-EPIC-long-8000,F1,prefill,11,0,4211605504,0,1579352064,5790957568
Fugue-asplos-EPIC-long-8000,F1,prefill,12,0,4211605504,0,1710964736,5922570240
Fugue-asplos-EPIC-long-8000,F1,prefill,13,0,4211605504,0,1842577408,6054182912
Fugue-asplos-EPIC-long-8000,F1,prefill,14,0,4211605504,0,1974190080,6185795584
Fugue-asplos-EPIC-long-8000,F1,prefill,15,0,4211605504,0,2105802752,6317408256
Fugue-asplos-EPIC-long-8000,F1,prefill,16,0,4211605504,0,2237415424,6449020928
Fugue-asplos-EPIC-long-8000,F1,prefill,17,0,4211605504,0,2369028096,6580633600
Fugue-asplos-EPIC-long-8000,F1,prefill,18,0,4211605504,0,2500640768,6712246272
Fugue-asplos-EPIC-long-8000,F1,prefill,19,0,4211605504,0,2632253440,6843858944
Fugue-asplos-EPIC-long-8000,F1,prefill,20,0,4211605504,0,2763866112,6975471616
Fugue-asplos-EPIC-long-8000,F1,prefill,21,0,4211605504,0,2895478784,7107084288
Fugue-asplos-EPIC-long-8000,F1,prefill,22,0,4211605504,0,3027091456,7238696960
Fugue-asplos-EPIC-long-8000,F1,prefill,23,0,4211605504,0,3158704128,7370309632
Fugue-asplos-EPIC-long-8000,F1,prefill,24,0,4211605504,0,3290316800,7501922304
Fugue-asplos-EPIC-long-8000,F1,prefill,25,0,4211605504,0,3421929472,7633534976
Fugue-asplos-EPIC-long-8000,F1,prefill,26,0,4211605504,0,3553542144,7765147648
Fugue-asplos-EPIC-long-8000,F1,prefill,27,0,4211605504,0,3685154816,7896760320
Fugue-asplos-EPIC-long-8000,F1,prefill,28,0,4211605504,0,3816767488,8028372992
Fugue-asplos-EPIC-long-8000,F1,prefill,29,0,4211605504,0,3948380160,8159985664
Fugue-asplos-EPIC-long-8000,F1,prefill,30,0,4211605504,0,4079992832,8291598336
Fugue-asplos-EPIC-long-8000,F1,prefill,31,0,4211605504,0,4211605504,8423211008
Fugue-asplos-EPIC-long-8000,F1,decode,all,1,4211605504,0,4212129792,8423735296
Fugue-asplos-EPIC-long-8000,F1,decode,all,2,4211605504,0,4212654080,8424259584
Fugue-asplos-EPIC-long-8000,F1,decode,all,3,4211605504,0,4213178368,8424783872
Fugue-asplos-EPIC-long-8000,F1,decode,all,4,4211605504,0,4213702656,8425308160
Fugue-asplos-EPIC-long-8000,F1,decode,all,5,4211605504,0,4214226944,8425832448
Fugue-asplos-EPIC-long-8000,F1,decode,all,6,4211605504,0,4214751232,8426356736
Fugue-asplos-EPIC-long-8000,F1,decode,all,7,4211605504,0,4215275520,8426881024
Fugue-asplos-EPIC-long-8000,F1,decode,all,8,4211605504,0,4215799808,8427405312
Fugue-asplos-EPIC-long-8000,F1,decode,all,9,4211605504,0,4216324096,8427929600
Fugue-asplos-EPIC-long-8000,F1,decode,all,10,4211605504,0,4216848384,8428453888
Fugue-asplos-EPIC-long-8000,F1,decode,all,11,4211605504,0,4217372672,8428978176
Fugue-asplos-EPIC-long-8000,F1,decode,all,12,4211605504,0,4217896960,8429502464
Fugue-asplos-EPIC-long-8000,F1,decode,all,13,4211605504,0,4218421248,8430026752
Fugue-asplos-EPIC-long-8000,F1,decode,all,14,4211605504,0,4218945536,8430551040
Fugue-asplos-EPIC-long-8000,F1,decode,all,15,4211605504,0,4219469824,8431075328
Fugue-asplos-EPIC-long-8000,F2,prefill,0,0,4211605504,131612672,131612672,4474830848
Fugue-asplos-EPIC-long-8000,F2,prefill,1,0,4211605504,263225344,131612672,4606443520
Fugue-asplos-EPIC-long-8000,F2,prefill,2,0,4211605504,394838016,131612672,4738056192
Fugue-asplos-EPIC-long-8000,F2,prefill,3,0,4211605504,526450688,131612672,4869668864
Fugue-asplos-EPIC-long-8000,F2,prefill,4,0,4211605504,658063360,131612672,5001281536
Fugue-asplos-EPIC-long-8000,F2,prefill,5,0,4211605504,789676032,131612672,5132894208
Fugue-asplos-EPIC-long-8000,F2,prefill,6,0,4211605504,921288704,131612672,5264506880
Fugue-asplos-EPIC-long-8000,F2,prefill,7,0,4211605504,1052901376,131612672,5396119552
Fugue-asplos-EPIC-long-8000,F2,prefill,8,0,4211605504,1184514048,131612672,5527732224
Fugue-asplos-EPIC-long-8000,F2,prefill,9,0,4211605504,1316126720,131612672,5659344896
Fugue-asplos-EPIC-long-8000,F2,prefill,10,0,4211605504,1447739392,131612672,5790957568
Fugue-asplos-EPIC-long-8000,F2,prefill,11,0,4211605504,1579352064,131612672,5922570240
Fugue-asplos-EPIC-long-8000,F2,prefill,12,0,4211605504,1710964736,131612672,6054182912
Fugue-asplos-EPIC-long-8000,F2,prefill,13,0,4211605504,1842577408,131612672,6185795584
Fugue-asplos-EPIC-long-8000,F2,prefill,14,0,4211605504,1974190080,131612672,6317408256
Fugue-asplos-EPIC-long-8000,F2,prefill,15,0,4211605504,2105802752,131612672,6449020928
Fugue-asplos-EPIC-long-8000,F2,prefill,16,0,4211605504,2237415424,131612672,6580633600
Fugue-asplos-EPIC-long-8000,F2,prefill,17,0,4211605504,2369028096,131612672,6712246272
Fugue-asplos-EPIC-long-8000,F2,prefill,18,0,4211605504,2500640768,131612672,6843858944
Fugue-asplos-EPIC-long-8000,F2,prefill,19,0,4211605504,2632253440,131612672,6975471616
Fugue-asplos-EPIC-long-8000,F2,prefill,20,0,4211605504,2763866112,131612672,7107084288
Fugue-asplos-EPIC-long-8000,F2,prefill,21,0,4211605504,2895478784,131612672,7238696960
Fugue-asplos-EPIC-long-8000,F2,prefill,22,0,4211605504,3027091456,131612672,7370309632
Fugue-asplos-EPIC-long-8000,F2,prefill,23,0,4211605504,3158704128,131612672,7501922304
Fugue-asplos-EPIC-long-8000,F2,prefill,24,0,4211605504,3290316800,131612672,7633534976
Fugue-asplos-EPIC-long-8000,F2,prefill,25,0,4211605504,3421929472,131612672,7765147648
Fugue-asplos-EPIC-long-8000,F2,prefill,26,0,4211605504,3553542144,131612672,7896760320
Fugue-asplos-EPIC-long-8000,F2,prefill,27,0,4211605504,3685154816,131612672,8028372992
Fugue-asplos-EPIC-long-8000,F2,prefill,28,0,4211605504,3816767488,131612672,8159985664
Fugue-asplos-EPIC-long-8000,F2,prefill,29,0,4211605504,3948380160,131612672,8291598336
Fugue-asplos-EPIC-long-8000,F2,prefill,30,0,4211605504,4079992832,131612672,8423211008
Fugue-asplos-EPIC-long-8000,F2,prefill,31,0,4211605504,4211605504,131612672,8554823680
Fugue-asplos-EPIC-long-8000,F2,decode,all,1,4211605504,4212129792,16384,8423751680
Fugue-asplos-EPIC-long-8000,F2,decode,all,2,4211605504,4212654080,16384,8424275968
Fugue-asplos-EPIC-long-8000,F2,decode,all,3,4211605504,4213178368,16384,8424800256
Fugue-asplos-EPIC-long-8000,F2,decode,all,4,4211605504,4213702656,16384,8425324544
Fugue-asplos-EPIC-long-8000,F2,decode,all,5,4211605504,4214226944,16384,8425848832
Fugue-asplos-EPIC-long-8000,F2,decode,all,6,4211605504,4214751232,16384,8426373120
Fugue-asplos-EPIC-long-8000,F2,decode,all,7,4211605504,4215275520,16384,8426897408
Fugue-asplos-EPIC-long-8000,F2,decode,all,8,4211605504,4215799808,16384,8427421696
Fugue-asplos-EPIC-long-8000,F2,decode,all,9,4211605504,4216324096,16384,8427945984
Fugue-asplos-EPIC-long-8000,F2,decode,all,10,4211605504,4216848384,16384,8428470272
Fugue-asplos-EPIC-long-8000,F2,decode,all,11,4211605504,4217372672,16384,8428994560
Fugue-asplos-EPIC-long-8000,F2,decode,all,12,4211605504,4217896960,16384,8429518848
Fugue-asplos-EPIC-long-8000,F2,decode,all,13,4211605504,4218421248,16384,8430043136
Fugue-asplos-EPIC-long-8000,F2,decode,all,14,4211605504,4218945536,16384,8430567424
Fugue-asplos-EPIC-long-8000,F2,decode,all,15,4211605504,4219469824,16384,8431091712
Fugue-asplos-EPIC-long-8000,F3,prefill,0,0,4211605504,3047424,131612672,4346265600
Fugue-asplos-EPIC-long-8000,F3,prefill,1,0,4211605504,6094848,131612672,4349313024
Fugue-asplos-EPIC-long-8000,F3,prefill,2,0,4211605504,9142272,131612672,4352360448
Fugue-asplos-EPIC-long-8000,F3,prefill,3,0,4211605504,12189696,131612672,4355407872
Fugue-asplos-EPIC-long-8000,F3,prefill,4,0,4211605504,15237120,131612672,4358455296
Fugue-asplos-EPIC-long-8000,F3,prefill,5,0,4211605504,18284544,131612672,4361502720
Fugue-asplos-EPIC-long-8000,F3,prefill,6,0,4211605504,21331968,131612672,4364550144
Fugue-asplos-EPIC-long-8000,F3,prefill,7,0,4211605504,24379392,131612672,4367597568
Fugue-asplos-EPIC-long-8000,F3,prefill,8,0,4211605504,27426816,131612672,4370644992
Fugue-asplos-EPIC-long-8000,F3,prefill,9,0,4211605504,30474240,131612672,4373692416
Fugue-asplos-EPIC-long-8000,F3,prefill,10,0,4211605504,33521664,131612672,4376739840
Fugue-asplos-EPIC-long-8000,F3,prefill,11,0,4211605504,36569088,131612672,4379787264
Fugue-asplos-EPIC-long-8000,F3,prefill,12,0,4211605504,39616512,131612672,4382834688
Fugue-asplos-EPIC-long-8000,F3,prefill,13,0,4211605504,42663936,131612672,4385882112
Fugue-asplos-EPIC-long-8000,F3,prefill,14,0,4211605504,45711360,131612672,4388929536
Fugue-asplos-EPIC-long-8000,F3,prefill,15,0,4211605504,48758784,131612672,4391976960
Fugue-asplos-EPIC-long-8000,F3,prefill,16,0,4211605504,51806208,131612672,4395024384
Fugue-asplos-EPIC-long-8000,F3,prefill,17,0,4211605504,54853632,131612672,4398071808
Fugue-asplos-EPIC-long-8000,F3,prefill,18,0,4211605504,57901056,131612672,4401119232
Fugue-asplos-EPIC-long-8000,F3,prefill,19,0,4211605504,60948480,131612672,4404166656
Fugue-asplos-EPIC-long-8000,F3,prefill,20,0,4211605504,63995904,131612672,4407214080
Fugue-asplos-EPIC-long-8000,F3,prefill,21,0,4211605504,67043328,131612672,4410261504
Fugue-asplos-EPIC-long-8000,F3,prefill,22,0,4211605504,70090752,131612672,4413308928
Fugue-asplos-EPIC-long-8000,F3,prefill,23,0,4211605504,73138176,131612672,4416356352
Fugue-asplos-EPIC-long-8000,F3,prefill,24,0,4211605504,76185600,131612672,4419403776
Fugue-asplos-EPIC-long-8000,F3,prefill,25,0,4211605504,79233024,131612672,4422451200
Fugue-asplos-EPIC-long-8000,F3,prefill,26,0,4211605504,82280448,131612672,4425498624
Fugue-asplos-EPIC-long-8000,F3,prefill,27,0,4211605504,85327872,131612672,4428546048
Fugue-asplos-EPIC-long-8000,F3,prefill,28,0,4211605504,88375296,131612672,4431593472
Fugue-asplos-EPIC-long-8000,F3,prefill,29,0,4211605504,91422720,131612672,4434640896
Fugue-asplos-EPIC-long-8000,F3,prefill,30,0,4211605504,94470144,131612672,4437688320
Fugue-asplos-EPIC-long-8000,F3,prefill,31,0,4211605504,97517568,131612672,4440735744
Fugue-asplos-EPIC-long-8000,F3,decode,all,1,4211605504,98041856,16384,4309663744
Fugue-asplos-EPIC-long-8000,F3,decode,all,2,4211605504,98566144,16384,4310188032
Fugue-asplos-EPIC-long-8000,F3,decode,all,3,4211605504,99090432,16384,4310712320
Fugue-asplos-EPIC-long-8000,F3,decode,all,4,4211605504,99614720,16384,4311236608
Fugue-asplos-EPIC-long-8000,F3,decode,all,5,4211605504,100139008,16384,4311760896
Fugue-asplos-EPIC-long-8000,F3,decode,all,6,4211605504,100663296,16384,4312285184
Fugue-asplos-EPIC-long-8000,F3,decode,all,7,4211605504,101187584,16384,4312809472
Fugue-asplos-EPIC-long-8000,F3,decode,all,8,4211605504,101711872,16384,4313333760
Fugue-asplos-EPIC-long-8000,F3,decode,all,9,4211605504,102236160,16384,4313858048
Fugue-asplos-EPIC-long-8000,F3,decode,all,10,4211605504,102760448,16384,4314382336
Fugue-asplos-EPIC-long-8000,F3,decode,all,11,4211605504,103284736,16384,4314906624
Fugue-asplos-EPIC-long-8000,F3,decode,all,12,4211605504,103809024,16384,4315430912
Fugue-asplos-EPIC-long-8000,F3,decode,all,13,4211605504,104333312,16384,4315955200
Fugue-asplos-EPIC-long-8000,F3,decode,all,14,4211605504,104857600,16384,4316479488
Fugue-asplos-EPIC-long-8000,F3,decode,all,15,4211605504,105381888,16384,4317003776
Fugue-asplos-EPIC-long-8000,F4,prefill,0,0,4211605504,3047424,3047424,4217700352
Fugue-asplos-EPIC-long-8000,F4,prefill,1,0,4211605504,6094848,3047424,4220747776
Fugue-asplos-EPIC-long-8000,F4,prefill,2,0,4211605504,9142272,3047424,4223795200
Fugue-asplos-EPIC-long-8000,F4,prefill,3,0,4211605504,12189696,3047424,4226842624
Fugue-asplos-EPIC-long-8000,F4,prefill,4,0,4211605504,15237120,3047424,4229890048
Fugue-asplos-EPIC-long-8000,F4,prefill,5,0,4211605504,18284544,3047424,4232937472
Fugue-asplos-EPIC-long-8000,F4,prefill,6,0,4211605504,21331968,3047424,4235984896
Fugue-asplos-EPIC-long-8000,F4,prefill,7,0,4211605504,24379392,3047424,4239032320
Fugue-asplos-EPIC-long-8000,F4,prefill,8,0,4211605504,27426816,3047424,4242079744
Fugue-asplos-EPIC-long-8000,F4,prefill,9,0,4211605504,30474240,3047424,4245127168
Fugue-asplos-EPIC-long-8000,F4,prefill,10,0,4211605504,33521664,3047424,4248174592
Fugue-asplos-EPIC-long-8000,F4,prefill,11,0,4211605504,36569088,3047424,4251222016
Fugue-asplos-EPIC-long-8000,F4,prefill,12,0,4211605504,39616512,3047424,4254269440
Fugue-asplos-EPIC-long-8000,F4,prefill,13,0,4211605504,42663936,3047424,4257316864
Fugue-asplos-EPIC-long-8000,F4,prefill,14,0,4211605504,45711360,3047424,4260364288
Fugue-asplos-EPIC-long-8000,F4,prefill,15,0,4211605504,48758784,3047424,4263411712
Fugue-asplos-EPIC-long-8000,F4,prefill,16,0,4211605504,51806208,3047424,4266459136
Fugue-asplos-EPIC-long-8000,F4,prefill,17,0,4211605504,54853632,3047424,4269506560
Fugue-asplos-EPIC-long-8000,F4,prefill,18,0,4211605504,57901056,3047424,4272553984
Fugue-asplos-EPIC-long-8000,F4,prefill,19,0,4211605504,60948480,3047424,4275601408
Fugue-asplos-EPIC-long-8000,F4,prefill,20,0,4211605504,63995904,3047424,4278648832
Fugue-asplos-EPIC-long-8000,F4,prefill,21,0,4211605504,67043328,3047424,4281696256
Fugue-asplos-EPIC-long-8000,F4,prefill,22,0,4211605504,70090752,3047424,4284743680
Fugue-asplos-EPIC-long-8000,F4,prefill,23,0,4211605504,73138176,3047424,4287791104
Fugue-asplos-EPIC-long-8000,F4,prefill,24,0,4211605504,76185600,3047424,4290838528
Fugue-asplos-EPIC-long-8000,F4,prefill,25,0,4211605504,79233024,3047424,4293885952
Fugue-asplos-EPIC-long-8000,F4,prefill,26,0,4211605504,82280448,3047424,4296933376
Fugue-asplos-EPIC-long-8000,F4,prefill,27,0,4211605504,85327872,3047424,4299980800
Fugue-asplos-EPIC-long-8000,F4,prefill,28,0,4211605504,88375296,3047424,4303028224
Fugue-asplos-EPIC-long-8000,F4,prefill,29,0,4211605504,91422720,3047424,4306075648
Fugue-asplos-EPIC-long-8000,F4,prefill,30,0,4211605504,94470144,3047424,4309123072
Fugue-asplos-EPIC-long-8000,F4,prefill,31,0,4211605504,97517568,3047424,4312170496
Fugue-asplos-EPIC-long-8000,F4,decode,all,1,4211605504,98041856,16384,4309663744
Fugue-asplos-EPIC-long-8000,F4,decode,all,2,4211605504,98566144,16384,4310188032
Fugue-asplos-EPIC-long-8000,F4,decode,all,3,4211605504,99090432,16384,4310712320
Fugue-asplos-EPIC-long-8000,F4,decode,all,4,4211605504,99614720,16384,4311236608
Fugue-asplos-EPIC-long-8000,F4,decode,all,5,4211605504,100139008,16384,4311760896
Fugue-asplos-EPIC-long-8000,F4,decode,all,6,4211605504,100663296,16384,4312285184
Fugue-asplos-EPIC-long-8000,F4,decode,all,7,4211605504,101187584,16384,4312809472
Fugue-asplos-EPIC-long-8000,F4,decode,all,8,4211605504,101711872,16384,4313333760
Fugue-asplos-EPIC-long-8000,F4,decode,all,9,4211605504,102236160,16384,4313858048
Fugue-asplos-EPIC-long-8000,F4,decode,all,10,4211605504,102760448,16384,4314382336
Fugue-asplos-EPIC-long-8000,F4,decode,all,11,4211605504,103284736,16384,4314906624
Fugue-asplos-EPIC-long-8000,F4,decode,all,12,4211605504,103809024,16384,4315430912
Fugue-asplos-EPIC-long-8000,F4,decode,all,13,4211605504,104333312,16384,4315955200
Fugue-asplos-EPIC-long-8000,F4,decode,all,14,4211605504,104857600,16384,4316479488
Fugue-asplos-EPIC-long-8000,F4,decode,all,15,4211605504,105381888,16384,4317003776
Fugue-asplos-EPIC-long-16000,F1,prefill,0,0,8412200960,0,262881280,8675082240
Fugue-asplos-EPIC-long-16000,F1,prefill,1,0,8412200960,0,525762560,8937963520
Fugue-asplos-EPIC-long-16000,F1,prefill,2,0,8412200960,0,788643840,9200844800
Fugue-asplos-EPIC-long-16000,F1,prefill,3,0,8412200960,0,1051525120,9463726080
Fugue-asplos-EPIC-long-16000,F1,prefill,4,0,8412200960,0,1314406400,9726607360
Fugue-asplos-EPIC-long-16000,F1,prefill,5,0,8412200960,0,1577287680,9989488640
Fugue-asplos-EPIC-long-16000,F1,prefill,6,0,8412200960,0,1840168960,10252369920
Fugue-asplos-EPIC-long-16000,F1,prefill,7,0,8412200960,0,2103050240,10515251200
Fugue-asplos-EPIC-long-16000,F1,prefill,8,0,8412200960,0,2365931520,10778132480
Fugue-asplos-EPIC-long-16000,F1,prefill,9,0,8412200960,0,2628812800,11041013760
Fugue-asplos-EPIC-long-16000,F1,prefill,10,0,8412200960,0,2891694080,11303895040
Fugue-asplos-EPIC-long-16000,F1,prefill,11,0,8412200960,0,3154575360,11566776320
Fugue-asplos-EPIC-long-16000,F1,prefill,12,0,8412200960,0,3417456640,11829657600
Fugue-asplos-EPIC-long-16000,F1,prefill,13,0,8412200960,0,3680337920,12092538880
Fugue-asplos-EPIC-long-16000,F1,prefill,14,0,8412200960,0,3943219200,12355420160
Fugue-asplos-EPIC-long-16000,F1,prefill,15,0,8412200960,0,4206100480,12618301440
Fugue-asplos-EPIC-long-16000,F1,prefill,16,0,8412200960,0,4468981760,12881182720
Fugue-asplos-EPIC-long-16000,F1,prefill,17,0,8412200960,0,4731863040,13144064000
Fugue-asplos-EPIC-long-16000,F1,prefill,18,0,8412200960,0,4994744320,13406945280
Fugue-asplos-EPIC-long-16000,F1,prefill,19,0,8412200960,0,5257625600,13669826560
Fugue-asplos-EPIC-long-16000,F1,prefill,20,0,8412200960,0,5520506880,13932707840
Fugue-asplos-EPIC-long-16000,F1,prefill,21,0,8412200960,0,5783388160,14195589120
Fugue-asplos-EPIC-long-16000,F1,prefill,22,0,8412200960,0,6046269440,14458470400
Fugue-asplos-EPIC-long-16000,F1,prefill,23,0,8412200960,0,6309150720,14721351680
Fugue-asplos-EPIC-long-16000,F1,prefill,24,0,8412200960,0,6572032000,14984232960
Fugue-asplos-EPIC-long-16000,F1,prefill,25,0,8412200960,0,6834913280,15247114240
Fugue-asplos-EPIC-long-16000,F1,prefill,26,0,8412200960,0,7097794560,15509995520
Fugue-asplos-EPIC-long-16000,F1,prefill,27,0,8412200960,0,7360675840,15772876800
Fugue-asplos-EPIC-long-16000,F1,prefill,28,0,8412200960,0,7623557120,16035758080
Fugue-asplos-EPIC-long-16000,F1,prefill,29,0,8412200960,0,7886438400,16298639360
Fugue-asplos-EPIC-long-16000,F1,prefill,30,0,8412200960,0,8149319680,16561520640
Fugue-asplos-EPIC-long-16000,F1,prefill,31,0,8412200960,0,8412200960,16824401920
Fugue-asplos-EPIC-long-16000,F1,decode,all,1,8412200960,0,8412725248,16824926208
Fugue-asplos-EPIC-long-16000,F1,decode,all,2,8412200960,0,8413249536,16825450496
Fugue-asplos-EPIC-long-16000,F1,decode,all,3,8412200960,0,8413773824,16825974784
Fugue-asplos-EPIC-long-16000,F1,decode,all,4,8412200960,0,8414298112,16826499072
Fugue-asplos-EPIC-long-16000,F1,decode,all,5,8412200960,0,8414822400,16827023360
Fugue-asplos-EPIC-long-16000,F1,decode,all,6,8412200960,0,8415346688,16827547648
Fugue-asplos-EPIC-long-16000,F1,decode,all,7,8412200960,0,8415870976,16828071936
Fugue-asplos-EPIC-long-16000,F1,decode,all,8,8412200960,0,8416395264,16828596224
Fugue-asplos-EPIC-long-16000,F1,decode,all,9,8412200960,0,8416919552,16829120512
Fugue-asplos-EPIC-long-16000,F1,decode,all,10,8412200960,0,8417443840,16829644800
Fugue-asplos-EPIC-long-16000,F1,decode,all,11,8412200960,0,8417968128,16830169088
Fugue-asplos-EPIC-long-16000,F1,decode,all,12,8412200960,0,8418492416,16830693376
Fugue-asplos-EPIC-long-16000,F1,decode,all,13,8412200960,0,8419016704,16831217664
Fugue-asplos-EPIC-long-16000,F1,decode,all,14,8412200960,0,8419540992,16831741952
Fugue-asplos-EPIC-long-16000,F1,decode,all,15,8412200960,0,8420065280,16832266240
Fugue-asplos-EPIC-long-16000,F2,prefill,0,0,8412200960,262881280,262881280,8937963520
Fugue-asplos-EPIC-long-16000,F2,prefill,1,0,8412200960,525762560,262881280,9200844800
Fugue-asplos-EPIC-long-16000,F2,prefill,2,0,8412200960,788643840,262881280,9463726080
Fugue-asplos-EPIC-long-16000,F2,prefill,3,0,8412200960,1051525120,262881280,9726607360
Fugue-asplos-EPIC-long-16000,F2,prefill,4,0,8412200960,1314406400,262881280,9989488640
Fugue-asplos-EPIC-long-16000,F2,prefill,5,0,8412200960,1577287680,262881280,10252369920
Fugue-asplos-EPIC-long-16000,F2,prefill,6,0,8412200960,1840168960,262881280,10515251200
Fugue-asplos-EPIC-long-16000,F2,prefill,7,0,8412200960,2103050240,262881280,10778132480
Fugue-asplos-EPIC-long-16000,F2,prefill,8,0,8412200960,2365931520,262881280,11041013760
Fugue-asplos-EPIC-long-16000,F2,prefill,9,0,8412200960,2628812800,262881280,11303895040
Fugue-asplos-EPIC-long-16000,F2,prefill,10,0,8412200960,2891694080,262881280,11566776320
Fugue-asplos-EPIC-long-16000,F2,prefill,11,0,8412200960,3154575360,262881280,11829657600
Fugue-asplos-EPIC-long-16000,F2,prefill,12,0,8412200960,3417456640,262881280,12092538880
Fugue-asplos-EPIC-long-16000,F2,prefill,13,0,8412200960,3680337920,262881280,12355420160
Fugue-asplos-EPIC-long-16000,F2,prefill,14,0,8412200960,3943219200,262881280,12618301440
Fugue-asplos-EPIC-long-16000,F2,prefill,15,0,8412200960,4206100480,262881280,12881182720
Fugue-asplos-EPIC-long-16000,F2,prefill,16,0,8412200960,4468981760,262881280,13144064000
Fugue-asplos-EPIC-long-16000,F2,prefill,17,0,8412200960,4731863040,262881280,13406945280
Fugue-asplos-EPIC-long-16000,F2,prefill,18,0,8412200960,4994744320,262881280,13669826560
Fugue-asplos-EPIC-long-16000,F2,prefill,19,0,8412200960,5257625600,262881280,13932707840
Fugue-asplos-EPIC-long-16000,F2,prefill,20,0,8412200960,5520506880,262881280,14195589120
Fugue-asplos-EPIC-long-16000,F2,prefill,21,0,8412200960,5783388160,262881280,14458470400
Fugue-asplos-EPIC-long-16000,F2,prefill,22,0,8412200960,6046269440,262881280,14721351680
Fugue-asplos-EPIC-long-16000,F2,prefill,23,0,8412200960,6309150720,262881280,14984232960
Fugue-asplos-EPIC-long-16000,F2,prefill,24,0,8412200960,6572032000,262881280,15247114240
Fugue-asplos-EPIC-long-16000,F2,prefill,25,0,8412200960,6834913280,262881280,15509995520
Fugue-asplos-EPIC-long-16000,F2,prefill,26,0,8412200960,7097794560,262881280,15772876800
Fugue-asplos-EPIC-long-16000,F2,prefill,27,0,8412200960,7360675840,262881280,16035758080
Fugue-asplos-EPIC-long-16000,F2,prefill,28,0,8412200960,7623557120,262881280,16298639360
Fugue-asplos-EPIC-long-16000,F2,prefill,29,0,8412200960,7886438400,262881280,16561520640
Fugue-asplos-EPIC-long-16000,F2,prefill,30,0,8412200960,8149319680,262881280,16824401920
Fugue-asplos-EPIC-long-16000,F2,prefill,31,0,8412200960,8412200960,262881280,17087283200
Fugue-asplos-EPIC-long-16000,F2,decode,all,1,8412200960,8412725248,16384,16824942592
Fugue-asplos-EPIC-long-16000,F2,decode,all,2,8412200960,8413249536,16384,16825466880
Fugue-asplos-EPIC-long-16000,F2,decode,all,3,8412200960,8413773824,16384,16825991168
Fugue-asplos-EPIC-long-16000,F2,decode,all,4,8412200960,8414298112,16384,16826515456
Fugue-asplos-EPIC-long-16000,F2,decode,all,5,8412200960,8414822400,16384,16827039744
Fugue-asplos-EPIC-long-16000,F2,decode,all,6,8412200960,8415346688,16384,16827564032
Fugue-asplos-EPIC-long-16000,F2,decode,all,7,8412200960,8415870976,16384,16828088320
Fugue-asplos-EPIC-long-16000,F2,decode,all,8,8412200960,8416395264,16384,16828612608
Fugue-asplos-EPIC-long-16000,F2,decode,all,9,8412200960,8416919552,16384,16829136896
Fugue-asplos-EPIC-long-16000,F2,decode,all,10,8412200960,8417443840,16384,16829661184
Fugue-asplos-EPIC-long-16000,F2,decode,all,11,8412200960,8417968128,16384,16830185472
Fugue-asplos-EPIC-long-16000,F2,decode,all,12,8412200960,8418492416,16384,16830709760
Fugue-asplos-EPIC-long-16000,F2,decode,all,13,8412200960,8419016704,16384,16831234048
Fugue-asplos-EPIC-long-16000,F2,decode,all,14,8412200960,8419540992,16384,16831758336
Fugue-asplos-EPIC-long-16000,F2,decode,all,15,8412200960,8420065280,16384,16832282624
Fugue-asplos-EPIC-long-16000,F3,prefill,0,0,8412200960,5668864,262881280,8680751104
Fugue-asplos-EPIC-long-16000,F3,prefill,1,0,8412200960,11337728,262881280,8686419968
Fugue-asplos-EPIC-long-16000,F3,prefill,2,0,8412200960,17006592,262881280,8692088832
Fugue-asplos-EPIC-long-16000,F3,prefill,3,0,8412200960,22675456,262881280,8697757696
Fugue-asplos-EPIC-long-16000,F3,prefill,4,0,8412200960,28344320,262881280,8703426560
Fugue-asplos-EPIC-long-16000,F3,prefill,5,0,8412200960,34013184,262881280,8709095424
Fugue-asplos-EPIC-long-16000,F3,prefill,6,0,8412200960,39682048,262881280,8714764288
Fugue-asplos-EPIC-long-16000,F3,prefill,7,0,8412200960,45350912,262881280,8720433152
Fugue-asplos-EPIC-long-16000,F3,prefill,8,0,8412200960,51019776,262881280,8726102016
Fugue-asplos-EPIC-long-16000,F3,prefill,9,0,8412200960,56688640,262881280,8731770880
Fugue-asplos-EPIC-long-16000,F3,prefill,10,0,8412200960,62357504,262881280,8737439744
Fugue-asplos-EPIC-long-16000,F3,prefill,11,0,8412200960,68026368,262881280,8743108608
Fugue-asplos-EPIC-long-16000,F3,prefill,12,0,8412200960,73695232,262881280,8748777472
Fugue-asplos-EPIC-long-16000,F3,prefill,13,0,8412200960,79364096,262881280,8754446336
Fugue-asplos-EPIC-long-16000,F3,prefill,14,0,8412200960,85032960,262881280,8760115200
Fugue-asplos-EPIC-long-16000,F3,prefill,15,0,8412200960,90701824,262881280,8765784064
Fugue-asplos-EPIC-long-16000,F3,prefill,16,0,8412200960,96370688,262881280,8771452928
Fugue-asplos-EPIC-long-16000,F3,prefill,17,0,8412200960,102039552,262881280,8777121792
Fugue-asplos-EPIC-long-16000,F3,prefill,18,0,8412200960,107708416,262881280,8782790656
Fugue-asplos-EPIC-long-16000,F3,prefill,19,0,8412200960,113377280,262881280,8788459520
Fugue-asplos-EPIC-long-16000,F3,prefill,20,0,8412200960,119046144,262881280,8794128384
Fugue-asplos-EPIC-long-16000,F3,prefill,21,0,8412200960,124715008,262881280,8799797248
Fugue-asplos-EPIC-long-16000,F3,prefill,22,0,8412200960,130383872,262881280,8805466112
Fugue-asplos-EPIC-long-16000,F3,prefill,23,0,8412200960,136052736,262881280,8811134976
Fugue-asplos-EPIC-long-16000,F3,prefill,24,0,8412200960,141721600,262881280,8816803840
Fugue-asplos-EPIC-long-16000,F3,prefill,25,0,8412200960,147390464,262881280,8822472704
Fugue-asplos-EPIC-long-16000,F3,prefill,26,0,8412200960,153059328,262881280,8828141568
Fugue-asplos-EPIC-long-16000,F3,prefill,27,0,8412200960,158728192,262881280,8833810432
Fugue-asplos-EPIC-long-16000,F3,prefill,28,0,8412200960,164397056,262881280,8839479296
Fugue-asplos-EPIC-long-16000,F3,prefill,29,0,8412200960,170065920,262881280,8845148160
Fugue-asplos-EPIC-long-16000,F3,prefill,30,0,8412200960,175734784,262881280,8850817024
Fugue-asplos-EPIC-long-16000,F3,prefill,31,0,8412200960,181403648,262881280,8856485888
Fugue-asplos-EPIC-long-16000,F3,decode,all,1,8412200960,181927936,16384,8594145280
Fugue-asplos-EPIC-long-16000,F3,decode,all,2,8412200960,182452224,16384,8594669568
Fugue-asplos-EPIC-long-16000,F3,decode,all,3,8412200960,182976512,16384,8595193856
Fugue-asplos-EPIC-long-16000,F3,decode,all,4,8412200960,183500800,16384,8595718144
Fugue-asplos-EPIC-long-16000,F3,decode,all,5,8412200960,184025088,16384,8596242432
Fugue-asplos-EPIC-long-16000,F3,decode,all,6,8412200960,184549376,16384,8596766720
Fugue-asplos-EPIC-long-16000,F3,decode,all,7,8412200960,185073664,16384,8597291008
Fugue-asplos-EPIC-long-16000,F3,decode,all,8,8412200960,185597952,16384,8597815296
Fugue-asplos-EPIC-long-16000,F3,decode,all,9,8412200960,186122240,16384,8598339584
Fugue-asplos-EPIC-long-16000,F3,decode,all,10,8412200960,186646528,16384,8598863872
Fugue-asplos-EPIC-long-16000,F3,decode,all,11,8412200960,187170816,16384,8599388160
Fugue-asplos-EPIC-long-16000,F3,decode,all,12,8412200960,187695104,16384,8599912448
Fugue-asplos-EPIC-long-16000,F3,decode,all,13,8412200960,188219392,16384,8600436736
Fugue-asplos-EPIC-long-16000,F3,decode,all,14,8412200960,188743680,16384,8600961024
Fugue-asplos-EPIC-long-16000,F3,decode,all,15,8412200960,189267968,16384,8601485312
Fugue-asplos-EPIC-long-16000,F4,prefill,0,0,8412200960,5668864,5668864,8423538688
Fugue-asplos-EPIC-long-16000,F4,prefill,1,0,8412200960,11337728,5668864,8429207552
Fugue-asplos-EPIC-long-16000,F4,prefill,2,0,8412200960,17006592,5668864,8434876416
Fugue-asplos-EPIC-long-16000,F4,prefill,3,0,8412200960,22675456,5668864,8440545280
Fugue-asplos-EPIC-long-16000,F4,prefill,4,0,8412200960,28344320,5668864,8446214144
Fugue-asplos-EPIC-long-16000,F4,prefill,5,0,8412200960,34013184,5668864,8451883008
Fugue-asplos-EPIC-long-16000,F4,prefill,6,0,8412200960,39682048,5668864,8457551872
Fugue-asplos-EPIC-long-16000,F4,prefill,7,0,8412200960,45350912,5668864,8463220736
Fugue-asplos-EPIC-long-16000,F4,prefill,8,0,8412200960,51019776,5668864,8468889600
Fugue-asplos-EPIC-long-16000,F4,prefill,9,0,8412200960,56688640,5668864,8474558464
Fugue-asplos-EPIC-long-16000,F4,prefill,10,0,8412200960,62357504,5668864,8480227328
Fugue-asplos-EPIC-long-16000,F4,prefill,11,0,8412200960,68026368,5668864,8485896192
Fugue-asplos-EPIC-long-16000,F4,prefill,12,0,8412200960,73695232,5668864,8491565056
Fugue-asplos-EPIC-long-16000,F4,prefill,13,0,8412200960,79364096,5668864,8497233920
Fugue-asplos-EPIC-long-16000,F4,prefill,14,0,8412200960,85032960,5668864,8502902784
Fugue-asplos-EPIC-long-16000,F4,prefill,15,0,8412200960,90701824,5668864,8508571648
Fugue-asplos-EPIC-long-16000,F4,prefill,16,0,8412200960,96370688,5668864,8514240512
Fugue-asplos-EPIC-long-16000,F4,prefill,17,0,8412200960,102039552,5668864,8519909376
Fugue-asplos-EPIC-long-16000,F4,prefill,18,0,8412200960,107708416,5668864,8525578240
Fugue-asplos-EPIC-long-16000,F4,prefill,19,0,8412200960,113377280,5668864,8531247104
Fugue-asplos-EPIC-long-16000,F4,prefill,20,0,8412200960,119046144,5668864,8536915968
Fugue-asplos-EPIC-long-16000,F4,prefill,21,0,8412200960,124715008,5668864,8542584832
Fugue-asplos-EPIC-long-16000,F4,prefill,22,0,8412200960,130383872,5668864,8548253696
Fugue-asplos-EPIC-long-16000,F4,prefill,23,0,8412200960,136052736,5668864,8553922560
Fugue-asplos-EPIC-long-16000,F4,prefill,24,0,8412200960,141721600,5668864,8559591424
Fugue-asplos-EPIC-long-16000,F4,prefill,25,0,8412200960,147390464,5668864,8565260288
Fugue-asplos-EPIC-long-16000,F4,prefill,26,0,8412200960,153059328,5668864,8570929152
Fugue-asplos-EPIC-long-16000,F4,prefill,27,0,8412200960,158728192,5668864,8576598016
Fugue-asplos-EPIC-long-16000,F4,prefill,28,0,8412200960,164397056,5668864,8582266880
Fugue-asplos-EPIC-long-16000,F4,prefill,29,0,8412200960,170065920,5668864,8587935744
Fugue-asplos-EPIC-long-16000,F4,prefill,30,0,8412200960,175734784,5668864,8593604608
Fugue-asplos-EPIC-long-16000,F4,prefill,31,0,8412200960,181403648,5668864,8599273472
Fugue-asplos-EPIC-long-16000,F4,decode,all,1,8412200960,181927936,16384,8594145280
Fugue-asplos-EPIC-long-16000,F4,decode,all,2,8412200960,182452224,16384,8594669568
Fugue-asplos-EPIC-long-16000,F4,decode,all,3,8412200960,182976512,16384,8595193856
Fugue-asplos-EPIC-long-16000,F4,decode,all,4,8412200960,183500800,16384,8595718144
Fugue-asplos-EPIC-long-16000,F4,decode,all,5,8412200960,184025088,16384,8596242432
Fugue-asplos-EPIC-long-16000,F4,decode,all,6,8412200960,184549376,16384,8596766720
Fugue-asplos-EPIC-long-16000,F4,decode,all,7,8412200960,185073664,16384,8597291008
Fugue-asplos-EPIC-long-16000,F4,decode,all,8,8412200960,185597952,16384,8597815296
Fugue-asplos-EPIC-long-16000,F4,decode,all,9,8412200960,186122240,16384,8598339584
Fugue-asplos-EPIC-long-16000,F4,decode,all,10,8412200960,186646528,16384,8598863872
Fugue-asplos-EPIC-long-16000,F4,decode,all,11,8412200960,187170816,16384,8599388160
Fugue-asplos-EPIC-long-16000,F4,decode,all,12,8412200960,187695104,16384,8599912448
Fugue-asplos-EPIC-long-16000,F4,decode,all,13,8412200960,188219392,16384,8600436736
Fugue-asplos-EPIC-long-16000,F4,decode,all,14,8412200960,188743680,16384,8600961024
Fugue-asplos-EPIC-long-16000,F4,decode,all,15,8412200960,189267968,16384,8601485312
