model,GPUs,gqa_size,q,cached,n,fixed_GPU_us,fixed_PIM_us,algorithm_us,oracle_us,algorithm_choice,oracle_choice,estimated_PIM_us,regret_percent
GPT-13B,1,1,8,0,8,0.5461333333333334,1.5013482824184567,0.5461333333333334,0.5461333333333334,GPU,GPU,1.0960852824184566,0.0
GPT-13B,1,1,32,0,32,2.1845333333333334,6.711018518695306,2.1845333333333334,2.1845333333333334,GPU,GPU,4.569449643695309,0.0
GPT-13B,1,1,64,0,64,4.369066666666667,14.034854741447894,4.369066666666667,4.369066666666667,GPU,GPU,9.921089241447897,0.0
GPT-13B,1,1,128,0,128,9.936667134634284,29.935002299124896,9.936667134634284,9.936667134634284,GPU,GPU,22.97093829912491,0.0
GPT-13B,1,1,256,0,256,29.81000140390286,67.48343786316627,29.81000140390286,29.81000140390286,GPU,GPU,58.45691586316628,0.0
GPT-13B,1,1,512,0,512,99.36667134634286,179.69786278599827,99.36667134634286,99.36667134634286,GPU,GPU,166.97398878599842,0.0
GPT-13B,1,1,768,0,768,220.0987057501701,334.2332287684964,220.0987057501701,220.0987057501701,GPU,GPU,325.5512187684965,0.0
GPT-13B,1,1,1024,0,1024,391.28658800030246,534.3870078106596,391.28658800030246,391.28658800030246,GPU,GPU,534.1886058106603,0.0
GPT-13B,1,1,8,1024,1032,92.59249612054846,4.22931576531424,4.22931576531424,4.22931576531424,PIM,PIM,4.177167098647574,0.0
GPT-13B,1,1,32,1024,1056,101.26767231035613,17.84031978361178,17.84031978361178,17.84031978361178,PIM,PIM,16.893776908611777,0.0
GPT-13B,1,1,64,1024,1088,113.37798538069165,37.47925527128083,37.47925527128083,37.47925527128083,PIM,PIM,34.569743771280834,0.0
GPT-13B,1,1,128,1024,1152,139.46173660910665,78.00960135879077,78.00960135879077,78.00960135879077,PIM,PIM,72.26824735879079,0.0
GPT-13B,1,1,256,1024,1280,199.08173941691237,164.81843398249808,164.81843398249808,164.81843398249808,PIM,PIM,157.05153398249806,0.0
GPT-13B,1,1,512,1024,1536,363.37000766689346,397.5039890246618,363.37000766689346,363.37000766689346,GPU,GPU,364.1632250246619,0.0
GPT-13B,1,1,768,1024,1792,583.4687134170636,663.7500371264925,583.4687134170636,583.4687134170636,GPU,GPU,621.3350731264917,0.0
GPT-13B,1,1,1024,1024,2048,852.4782426672716,936.143266287988,852.4782426672716,852.4782426672716,GPU,GPU,928.5670782879873,0.0
GPT-13B,1,1,8,4096,4104,369.3801992793299,13.817073214001592,13.817073214001592,13.817073214001592,PIM,PIM,13.563446547334923,0.0
GPT-13B,1,1,32,4096,4128,400.4128765220647,55.37563624502785,55.37563624502785,55.37563624502785,PIM,PIM,54.43889470336117,0.0
GPT-13B,1,1,64,4096,4160,442.3331909963031,111.27295686077964,111.27295686077964,111.27295686077964,PIM,PIM,109.65997936077963,0.0
GPT-13B,1,1,128,4096,4224,528.0369450325238,228.48075453778844,228.48075453778844,228.48075453778844,PIM,PIM,222.44871853778838,0.0
GPT-13B,1,1,256,4096,4352,706.8969534559409,468.64449034049346,468.64449034049346,468.64449034049346,PIM,PIM,457.41247634049324,0.0
GPT-13B,1,1,512,4096,4608,1160.0150896673472,1008.0398517406529,1008.0398517406529,1008.0398517406529,PIM,PIM,964.8851097406523,0.0
GPT-13B,1,1,768,4096,4864,1673.578736417744,1554.7881862004758,1554.7881862004758,1554.7881862004758,PIM,PIM,1522.4179002004769,0.0
GPT-13B,1,1,1024,4096,5120,2236.053206668179,2190.8095257199693,2190.8095257199693,2190.8095257199693,PIM,PIM,2130.0108477199683,0.0
LLAMA-65B,4,1,8,0,8,0.3299284009546539,0.8436971129673827,0.3299284009546539,0.3299284009546539,GPU,GPU,0.43843411296738266,0.0
LLAMA-65B,4,1,32,0,32,1.5526042397866067,4.052919807478122,1.5526042397866067,1.5526042397866067,GPU,GPU,1.909364349144789,0.0
LLAMA-65B,4,1,64,0,64,3.7262501754878565,8.645339896579156,3.7262501754878565,3.7262501754878565,GPU,GPU,4.527729396579156,0.0
LLAMA-65B,4,1,128,0,128,9.936667134634284,18.86270291964996,9.936667134634284,9.936667134634284,GPU,GPU,11.891461586316627,0.0
LLAMA-65B,4,1,256,0,256,29.810001403902852,44.165760345266506,29.810001403902852,29.810001403902852,GPU,GPU,35.12693434526651,0.0
LLAMA-65B,4,1,512,0,512,99.36667134634283,128.37019271439922,99.36667134634283,99.36667134634283,GPU,GPU,115.62991338106605,0.0
LLAMA-65B,4,1,768,0,768,220.09870575017013,250.20325110739856,220.09870575017013,220.09870575017013,GPU,GPU,241.50893710739854,0.0
LLAMA-65B,4,1,1024,0,1024,391.28658800030246,412.6671115242641,391.28658800030246,391.28658800030246,GPU,GPU,412.7640055242641,0.0
LLAMA-65B,4,1,8,1024,1032,50.64945612054846,3.6037679061256958,3.6037679061256958,3.6037679061256958,PIM,PIM,3.226246239459029,0.0
LLAMA-65B,4,1,32,1024,1056,59.32463231035612,14.507224980111374,14.507224980111374,14.507224980111374,PIM,PIM,13.060612855111376,0.0
LLAMA-65B,4,1,64,1024,1088,71.43494538069166,29.725126908512333,29.725126908512333,29.725126908512333,PIM,PIM,26.830226408512328,0.0
LLAMA-65B,4,1,128,1024,1152,97.51869660910666,62.20807494351632,62.20807494351632,62.20807494351632,PIM,PIM,56.49645561018297,0.0
LLAMA-65B,4,1,256,1024,1280,157.13869941691237,132.0423023929993,132.0423023929993,132.0423023929993,PIM,PIM,124.3369223929992,0.0
LLAMA-65B,4,1,512,1024,1536,321.42696766689346,327.0625468098649,327.0625468098649,321.42696766689346,PIM,GPU,294.04988947653146,1.7533000369812868
LLAMA-65B,4,1,768,1024,1792,541.5256734170637,551.344697250596,551.344697250596,541.5256734170637,PIM,GPU,509.13890125059663,1.8132148327471898
LLAMA-65B,4,1,1024,1024,2048,810.5352026672716,777.1801457151956,777.1801457151956,777.1801457151956,PIM,PIM,769.6039577151951,0.0
LLAMA-65B,4,1,8,4096,4104,201.6080392793299,12.260193285600636,12.260193285600636,12.260193285600636,PIM,PIM,11.734254618933969,0.0
LLAMA-65B,4,1,32,4096,4128,232.64071652206468,49.089862498011136,49.089862498011136,49.089862498011136,PIM,PIM,47.092646373011135,0.0
LLAMA-65B,4,1,64,4096,4160,274.5610309963031,98.7576752776452,98.7576752776452,98.7576752776452,PIM,PIM,94.89429344431184,0.0
LLAMA-65B,4,1,128,4096,4224,360.2647850325237,198.89204768178206,198.89204768178206,198.89204768178206,PIM,PIM,192.62458968178203,0.0
LLAMA-65B,4,1,256,4096,4352,539.1247934559409,406.75475653619725,406.75475653619725,406.75475653619725,PIM,PIM,396.59319053619726,0.0
LLAMA-65B,4,1,512,4096,4608,992.2429296673472,880.84768509626,880.84768509626,880.84768509626,PIM,PIM,838.5624257629275,0.0
LLAMA-65B,4,1,768,4096,4864,1505.8065764177438,1358.1426476801898,1358.1426476801898,1358.1426476801898,PIM,PIM,1325.9077056801912,0.0
LLAMA-65B,4,1,1024,4096,5120,2068.281046668179,1918.0496602879814,1918.0496602879814,1918.0496602879814,PIM,PIM,1858.6290302879872,0.0
LLAMA-7B,1,1,8,0,8,0.43690666666666667,1.2821312259347653,0.43690666666666667,0.43690666666666667,GPU,GPU,0.8768682259347653,0.0
LLAMA-7B,1,1,32,0,32,1.7476266666666667,5.824985614956245,1.7476266666666667,1.7476266666666667,GPU,GPU,3.670503948289579,0.0
LLAMA-7B,1,1,64,0,64,3.7262501754878565,12.238349793158314,3.7262501754878565,3.7262501754878565,GPU,GPU,8.099591793158314,0.0
LLAMA-7B,1,1,128,0,128,9.936667134634284,26.244235839299915,9.936667134634284,9.936667134634284,GPU,GPU,19.233519172633258,0.0
LLAMA-7B,1,1,256,0,256,29.810001403902852,59.710878690533015,29.810001403902852,29.810001403902852,GPU,GPU,50.60438069053302,0.0
LLAMA-7B,1,1,512,0,512,99.36667134634283,162.58863942879861,99.36667134634283,99.36667134634283,GPU,GPU,149.75813076213208,0.0
LLAMA-7B,1,1,768,0,768,220.09870575017013,306.2232362147971,220.09870575017013,220.09870575017013,GPU,GPU,297.46125021479713,0.0
LLAMA-7B,1,1,1024,0,1024,391.28658800030246,493.91214104852753,391.28658800030246,391.28658800030246,GPU,GPU,493.7137390485283,0.0
LLAMA-7B,1,1,8,1024,1032,78.61148278721512,4.021568812251393,4.021568812251393,4.021568812251393,PIM,PIM,3.860193478918059,0.0
LLAMA-7B,1,1,32,1024,1056,87.2866589770228,16.56326062688942,16.56326062688942,16.56326062688942,PIM,PIM,15.603804960222755,0.0
LLAMA-7B,1,1,64,1024,1088,99.39697204735833,34.90069781702466,34.90069781702466,34.90069781702466,PIM,PIM,31.966193817024667,0.0
LLAMA-7B,1,1,128,1024,1152,125.48072327577331,72.75472988703261,72.75472988703261,72.75472988703261,PIM,PIM,66.96672322036596,0.0
LLAMA-7B,1,1,256,1024,1280,185.10072608357905,153.91766478599845,153.91766478599845,153.91766478599845,PIM,PIM,146.0707887859984,0.0
LLAMA-7B,1,1,512,1024,1536,349.38899433356016,374.13834561972936,374.13834561972936,349.38899433356016,PIM,GPU,340.69094695306285,7.083609297246807
LLAMA-7B,1,1,768,1024,1792,569.4877000837303,626.3554145011941,569.4877000837303,569.4877000837303,GPU,GPU,583.8604745011934,0.0
LLAMA-7B,1,1,1024,1024,2048,838.4972293339382,883.1555594303904,838.4972293339382,838.4972293339382,GPU,GPU,875.5793714303898,0.0
LLAMA-7B,1,1,8,4096,4104,313.4561459459966,13.316056571201273,13.316056571201273,13.316056571201273,PIM,PIM,12.963200237867941,0.0
LLAMA-7B,1,1,32,4096,4128,344.4888231887313,53.34394899602228,53.34394899602228,53.34394899602228,PIM,PIM,52.015831996022285,0.0
LLAMA-7B,1,1,64,4096,4160,386.4091376629697,107.08095055529037,107.08095055529037,107.08095055529037,PIM,PIM,104.79024788862372,0.0
LLAMA-7B,1,1,128,4096,4224,472.1128916991904,218.4597440302307,218.4597440302307,218.4597440302307,PIM,PIM,212.61483136356406,0.0
LLAMA-7B,1,1,256,4096,4352,650.9729001226076,448.21144307239473,448.21144307239473,448.21144307239473,PIM,PIM,437.36700507239465,0.0
LLAMA-7B,1,1,512,4096,4608,1104.0910363340138,966.0525961925224,966.0525961925224,966.0525961925224,PIM,PIM,923.2833795258554,0.0
LLAMA-7B,1,1,768,4096,4864,1617.6546830844106,1489.2396733603805,1489.2396733603805,1489.2396733603805,PIM,PIM,1457.7491233603819,0.0
LLAMA-7B,1,1,1024,4096,5120,2180.1291533348453,2100.2832985759756,2100.2832985759756,2100.2832985759756,PIM,PIM,2040.7642365759748,0.0
LLAMA3.1-8B,1,4,8,0,8,0.8248210023866349,2.842317559268099,2.842317559268099,0.8248210023866349,PIM,GPU,0.5491882259347654,244.59810686728395
LLAMA3.1-8B,1,4,32,0,32,3.8815105994665173,11.942805614956246,11.942805614956246,3.8815105994665173,PIM,GPU,2.897955781622914,207.68447770302853
LLAMA3.1-8B,1,4,64,0,64,9.315625438719643,25.35987779315833,25.35987779315833,9.315625438719643,PIM,GPU,8.518777793158318,172.22947036655265
LLAMA3.1-8B,1,4,128,0,128,24.841667836585707,56.030843839299955,24.841667836585707,24.841667836585707,GPU,GPU,27.929020505966594,0.0
LLAMA3.1-8B,1,4,256,0,256,74.52500350975714,135.67302269053295,74.52500350975714,74.52500350975714,GPU,GPU,99.42390069053303,0.0
LLAMA3.1-8B,1,4,512,0,512,272.046582384691,423.8708794287964,272.046582384691,272.046582384691,GPU,GPU,373.11124009546535,0.0
LLAMA3.1-8B,1,4,768,0,768,612.1048103655548,855.5393642148,612.1048103655548,612.1048103655548,GPU,GPU,821.062018214797,0.0
LLAMA3.1-8B,1,4,1024,0,1024,1088.186329538764,1444.2620930485175,1088.186329538764,1088.186329538764,GPU,GPU,1443.2762350485282,0.0
LLAMA3.1-8B,1,4,8,1024,1032,40.88958556413496,13.559475812251392,13.559475812251392,13.559475812251392,PIM,PIM,11.27865047891806,0.0
LLAMA3.1-8B,1,4,32,1024,1056,62.57752603865413,54.569857960222755,54.569857960222755,54.569857960222755,PIM,PIM,45.81580479355608,0.0
LLAMA3.1-8B,1,4,64,1024,1088,92.85330871449297,110.41865648369127,92.85330871449297,92.85330871449297,GPU,GPU,94.35447581702466,0.0
LLAMA3.1-8B,1,4,128,1024,1152,167.00721592472203,226.31957788703284,167.00721592472203,167.00721592472203,GPU,GPU,199.6004165536993,0.0
LLAMA3.1-8B,1,4,256,1024,1280,354.0392413141971,477.43628878599884,354.0392413141971,354.0392413141971,GPU,GPU,442.76669278599843,0.0
LLAMA3.1-8B,1,4,512,1024,1536,830.1207604874064,1192.8410016197258,830.1207604874064,830.1207604874064,GPU,GPU,1059.796824286396,0.0
LLAMA3.1-8B,1,4,768,1024,1792,1442.2255708529613,2021.3992865011808,1442.2255708529613,1442.2255708529613,GPU,GPU,1851.0903945011933,0.0
LLAMA3.1-8B,1,4,1024,1024,2048,2190.3536724108617,2857.3951754304026,2190.3536724108617,2190.3536724108617,GPU,GPU,2816.6474034303897,0.0
LLAMA3.1-8B,1,4,8,4096,4104,161.08387924937995,46.91366657120127,46.91366657120127,46.91366657120127,PIM,PIM,43.95304523786793,0.0
LLAMA3.1-8B,1,4,32,4096,4128,238.66557235621696,187.9866209960223,187.9866209960223,187.9866209960223,PIM,PIM,176.5133838293556,0.0
LLAMA3.1-8B,1,4,64,4096,4160,343.4663585418129,377.25218255529023,343.4663585418129,343.4663585418129,GPU,GPU,355.7496338886237,0.0
LLAMA3.1-8B,1,4,128,4096,4224,617.0201295017584,759.4232633635646,617.0201295017584,617.0201295017584,GPU,GPU,722.3907326968972,0.0
LLAMA3.1-8B,1,4,256,4096,4352,1212.1220284682702,1542.6562637390564,1212.1220284682702,1212.1220284682702,GPU,GPU,1488.3473250723944,0.0
LLAMA3.1-8B,1,4,512,4096,4608,2504.3432947955525,3329.350196192511,2504.3432947955525,2504.3432947955525,GPU,GPU,3150.958088859188,0.0
LLAMA3.1-8B,1,4,768,4096,4864,3932.58785231518,5150.532697360367,3932.58785231518,3932.58785231518,GPU,GPU,4987.832291360381,0.0
LLAMA3.1-8B,1,4,1024,4096,5120,5496.855701027153,7247.872162575953,5496.855701027153,5496.855701027153,GPU,GPU,6998.969932575974,0.0
