model,GPUs,gqa_size,agents,nominal_shared_fraction,shared_document_tokens,mode,scan_us,TBT_ms,TBT_energy_mJ,mac_commands,represented_column_MACs,dram_read_bytes,profile
GPT-13B,1,1,1,1.0,4018,single_query,6.783349,10.111707662628758,842.4818623910401,8384,8384,85852160,shared-16fc51d751a615983444
GPT-13B,1,1,1,1.0,4018,MQ,6.783349,10.111707662628758,842.4818623910401,8384,8384,85852160,shared-16fc51d751a615983444
GPT-13B,1,1,2,1.0,4018,single_query,13.910441,10.422251228885386,869.59102718208,16768,16768,171704320,shared-939defdd0d1d303593db
GPT-13B,1,1,2,1.0,4018,MQ,8.606648000000002,10.210099508885387,854.88474878208,8608,16768,88145920,shared-73d9d216c96af93e8576
GPT-13B,1,1,4,1.0,4018,single_query,28.147707,11.042661641398643,923.80935676416,33536,33536,343408640,shared-69bae33a204ef596b9cf
GPT-13B,1,1,4,1.0,4018,MQ,10.390728000000001,10.332382481398643,879.6905215641601,9056,33536,92733440,shared-0ef31ed7584464460e28
GPT-13B,1,1,8,1.0,4018,single_query,56.32156,12.27145530642515,1032.24601592832,67072,67072,686817280,shared-7e83ff9cd3cf78f75b36
GPT-13B,1,1,8,1.0,4018,MQ,15.027029,10.61967406642515,929.30206712832,9952,67072,101908480,shared-e3e3e8f9870c1f8222c4
GPT-13B,1,1,4,0.0,0,single_query,28.147707,11.042661641398643,923.80935676416,33536,33536,343408640,shared-819e44e1b03025a788b8
GPT-13B,1,1,4,0.0,0,MQ,28.172315,11.043645961398642,923.80935676416,33536,33536,343408640,shared-a84cefa247a7e27f6b77
GPT-13B,1,1,4,0.5,2442,single_query,28.147707,11.042661641398643,923.80935676416,33536,33536,343408640,shared-1f6ba13a87f39a2f103b
GPT-13B,1,1,4,0.5,2442,MQ,18.552125,10.658838361398644,896.8190105241601,18560,33536,190054400,shared-12f8dfabac33877b739d
LLAMA-65B,4,1,1,1.0,4018,single_query,6.783349,17.643570722758874,4307.508035213995,4192,4192,42926080,shared-b10ea2c44333bfd626e0
LLAMA-65B,4,1,1,1.0,4018,MQ,6.783349,17.643570722758874,4307.508035213995,4192,4192,42926080,shared-b10ea2c44333bfd626e0
LLAMA-65B,4,1,2,1.0,4018,single_query,13.910441,18.258444922385912,4440.30785871599,8384,8384,85852160,shared-378d2578ad9d52054a3d
LLAMA-65B,4,1,2,1.0,4018,MQ,8.606648000000002,17.834141482385913,4381.48274511599,4304,8384,44072960,shared-0bdff6dd5ea00265ded0
LLAMA-65B,4,1,4,1.0,4018,single_query,28.147707,20.23610430454623,4645.811518007978,16768,16768,171704320,shared-3360663d7070acb98b9f
LLAMA-65B,4,1,4,1.0,4018,MQ,10.390728000000001,18.815545984546233,4469.336177207978,4528,16768,46366720,shared-f30f6a282551a90f1bbc
LLAMA-65B,4,1,8,1.0,4018,single_query,56.32156,22.669753417347145,5116.914824303955,33536,33536,343408640,shared-d78224f7e3e9d55d9fb9
LLAMA-65B,4,1,8,1.0,4018,MQ,15.009342,19.364775977347147,4705.139029103956,4976,33536,50954240,shared-a8ef56350d59f1aba3cc
LLAMA-65B,4,1,4,0.0,0,single_query,28.147707,20.23610430454623,4645.811518007978,16768,16768,171704320,shared-120f3bfddd613bdca907
LLAMA-65B,4,1,4,0.0,0,MQ,28.172315,20.238072944546232,4645.811518007978,16768,16768,171704320,shared-0dd80dfd48fd31b94bca
LLAMA-65B,4,1,4,0.5,2442,single_query,28.147707,20.23610430454623,4645.811518007978,16768,16768,171704320,shared-005ac00249b7cd332d42
LLAMA-65B,4,1,4,0.5,2442,MQ,18.552125,19.468457744546235,4537.850133047978,9280,16768,95027200,shared-18ef57a928bd70a809e0
LLAMA-7B,1,1,1,1.0,4018,single_query,6.783349,5.654074517646556,436.83010950594553,7336,7336,75120640,shared-da665dbca68c592988a1
LLAMA-7B,1,1,1,1.0,4018,MQ,6.783349,5.654074517646556,436.83010950594553,7336,7336,75120640,shared-da665dbca68c592988a1
LLAMA-7B,1,1,2,1.0,4018,single_query,13.910441,5.9781379354982285,454.37745851269125,14672,14672,150241280,shared-9652f575c1ec328d0d23
LLAMA-7B,1,1,2,1.0,4018,MQ,8.606648000000002,5.8084165594982275,444.0830636326913,7532,14672,77127680,shared-3dee31c27c4d064e70e3
LLAMA-7B,1,1,4,1.0,4018,single_query,28.147707,6.625807428295856,487.8464442957823,29344,29344,300482560,shared-89b1f9f971741e7b2f34
LLAMA-7B,1,1,4,1.0,4018,MQ,10.390728000000001,6.057584100295856,456.96325965578234,7924,29344,81141760,shared-973753564846d8d99504
LLAMA-7B,1,1,8,1.0,4018,single_query,56.32156,7.8936373993619915,552.2124686491646,58688,58688,600965120,shared-bc02c06b018dbac1792e
LLAMA-7B,1,1,8,1.0,4018,MQ,15.023952999999999,6.572113975361992,480.1517044891647,8708,58688,89169920,shared-28e2c52270d6144ffe00
LLAMA-7B,1,1,4,0.0,0,single_query,28.147707,6.625807428295856,487.8464442957823,29344,29344,300482560,shared-4d6e3000ca83b2ff00b3
LLAMA-7B,1,1,4,0.0,0,MQ,28.172315,6.626594884295856,487.8464442957823,29344,29344,300482560,shared-61e25d10362925c2d331
LLAMA-7B,1,1,4,0.5,2442,single_query,28.147707,6.625807428295856,487.8464442957823,29344,29344,300482560,shared-637fe5ea2016de81350c
LLAMA-7B,1,1,4,0.5,2442,MQ,18.552125,6.318748804295856,468.95320192778235,16240,29344,166297600,shared-adfa4b7dc425b22cf60b
LLAMA3.1-8B,1,4,1,1.0,4018,single_query,28.147707,6.749700534041315,473.42802089410554,8384,8384,85852160,shared-5c3121f4bd8288ebb981
LLAMA3.1-8B,1,4,1,1.0,4018,MQ,9.867808,6.164743766041315,464.3620327981056,2096,8384,21463040,shared-9d4ce148cad9738c4bd5
LLAMA3.1-8B,1,4,2,1.0,4018,single_query,56.32156,7.667957498611341,494.5959855194111,16768,16768,171704320,shared-a0b88f7619bd6cfbb7d3
LLAMA3.1-8B,1,4,2,1.0,4018,MQ,14.192664,6.319832826611341,473.52275364741115,2152,16768,22036480,shared-c02e575351bcb3daf734
LLAMA3.1-8B,1,4,4,1.0,4018,single_query,112.68772200000001,9.664248314450655,532.4221991092224,33536,33536,343408640,shared-0ec2083e7c8b2bcc8c53
LLAMA3.1-8B,1,4,4,1.0,4018,MQ,28.648326,6.974987642450655,490.2757353652224,4304,33536,44072960,shared-63ca4849c949993b0bb7
LLAMA3.1-8B,1,4,8,1.0,4018,single_query,225.48925599999998,13.340871697275873,612.5843419496448,67072,67072,686817280,shared-23b90abd399587ad44c2
LLAMA3.1-8B,1,4,8,1.0,4018,MQ,57.269737,7.957847089275871,528.2914144616449,8608,67072,88145920,shared-8360ff238760785fd963
LLAMA3.1-8B,1,4,4,0.0,0,single_query,112.68772200000001,9.664248314450655,532.4221991092224,33536,33536,343408640,shared-bde8a8c1884cc1e65d47
LLAMA3.1-8B,1,4,4,0.0,0,MQ,40.045675,7.339702810450654,496.1582467252224,8384,33536,85852160,shared-1640a7be2afd7b4a702a
LLAMA3.1-8B,1,4,4,0.5,2442,single_query,112.68772200000001,9.664248314450655,532.4221991092224,33536,33536,343408640,shared-b35def38f0cb212416f2
LLAMA3.1-8B,1,4,4,0.5,2442,MQ,33.976727,7.145496474450654,492.5595338932224,5888,33536,60293120,shared-95e2dba58d9b42c5c23e
