q,cached,total_kv,gpu_qk_us,gpu_softmax_us,gpu_pv_us,gpu_attention_us,pim_softmax_us,q_input_bytes,q_input_us,output_us,new_kv_bytes,new_kv_transfer_us,cached_kv_readback_us,gpu_new_kv_hidden_us,gpu_new_kv_exposed_us,gpu_service_us,plain_scan_us,plain_first_tile_queries,plain_tiles,plain_kv_overlap_window_us,plain_new_kv_hidden_us,plain_new_kv_exposed_us,plain_service_us,plain_speedup_over_gpu,plain_winner,mq_scan_us,mq_first_tile_queries,mq_tiles,mq_kv_overlap_window_us,mq_new_kv_hidden_us,mq_new_kv_exposed_us,mq_service_us,mq_speedup_over_gpu,mq_winner,data_source
1,0,1,0.019483363751228416,0.00015162150779166083,0.019483363751228416,0.03911834901024849,4.77326968973747e-05,8192,0.027306666666666667,0.027306666666666667,16384,0.05461333333333333,0.0,0.03911834901024849,0.01549498432308484,0.05461333333333333,0.088435,1,1,0.0,0.0,0.05461333333333333,0.19770939936356405,0.27623033355589693,GPU,0.088435,1,1,0.0,0.0,0.05461333333333333,0.19770939936356405,0.27623033355589693,GPU,original sweep
2,0,2,0.03911834901024849,0.0006064860311666433,0.03911834901024849,0.07884318405166363,0.0001909307875894988,16384,0.05461333333333333,0.05461333333333333,32768,0.10922666666666667,0.0,0.07884318405166363,0.030383482615003038,0.10922666666666667,0.17687,1,2,0.0,0.0,0.10922666666666667,0.39551426412092283,0.2761636597593663,GPU,0.153031,2,1,0.0,0.0,0.10922666666666667,0.37167526412092283,0.2938766100698331,GPU,original sweep
4,0,4,0.07884318405166363,0.0024259441246665733,0.07884318405166363,0.16011231222799382,0.0007637231503579952,32768,0.10922666666666667,0.10922666666666667,65536,0.21845333333333333,0.0,0.16011231222799382,0.05834102110533951,0.21845333333333333,0.35374,1,4,0.0,0.0,0.21845333333333333,0.7914103898170247,0.2760304086781576,GPU,0.30221699999999996,4,1,0.0,0.0,0.21845333333333333,0.7398873898170247,0.29525213747372714,GPU,original sweep
8,0,8,0.16011231222799382,0.009703776498666293,0.16011231222799382,0.3299284009546539,0.0030548926014319806,65536,0.21845333333333333,0.21845333333333333,131072,0.43690666666666667,0.0,0.3299284009546539,0.10697826571201274,0.43690666666666667,0.7074800000000001,1,8,0.0,0.0,0.43690666666666667,1.5843482259347657,0.2757642919118312,GPU,0.6021270000000001,8,1,0.0,0.0,0.43690666666666667,1.4789952259347656,0.2954077599476561,GPU,original sweep
16,0,16,0.3299284009546539,0.03881510599466517,0.3299284009546539,0.698671907903973,0.012219570405727923,131072,0.43690666666666667,0.43690666666666667,262144,0.8738133333333333,0.0,0.698671907903973,0.1751414254293603,0.8738133333333333,1.4149600000000004,1,16,0.0,0.0,0.8738133333333333,3.1748062370723953,0.27523359477178944,GPU,1.2042540000000002,8,2,0.0,0.0,0.8738133333333333,2.9641002370723952,0.2947988473549018,GPU,original sweep
32,0,32,0.698671907903973,0.1552604239786607,0.698671907903973,1.5526042397866067,0.04887828162291169,262144,0.8738133333333333,0.8738133333333333,524288,1.7476266666666667,0.0,1.5526042397866067,0.19502242688006,1.7476266666666667,3.223647999999998,1,32,0.0,0.0,1.7476266666666667,6.767779614956244,0.2582274787442182,GPU,2.482332,8,4,0.0,0.0,1.7476266666666667,6.026463614956245,0.28999207135831273,GPU,original sweep
48,0,48,1.1062305208479573,0.3493359539519865,1.1062305208479573,2.561796995647901,0.1099761336515513,393216,1.3107199999999999,1.3107199999999999,786432,2.6214399999999998,0.0,2.561796995647901,0.05964300435209857,2.6214399999999998,5.647536000000002,1,48,0.0,0.0,2.6214399999999998,11.000392133651554,0.23830423208102666,GPU,3.834234,8,6,0.0,0.0,2.6214399999999998,9.187090133651552,0.28533953208947865,GPU,original sweep
64,0,64,1.5526042397866069,0.6210416959146428,1.5526042397866069,3.7262501754878565,0.19551312649164676,524288,1.7476266666666667,1.7476266666666667,1048576,3.4952533333333333,0.0,3.4952533333333333,0,3.7262501754878565,8.711231999999997,1,64,0.0,0.0,3.4952533333333333,15.897251793158313,0.23439587068071221,GPU,5.25996,8,8,0.0,0.0,3.4952533333333333,12.445979793158314,0.2993938795832061,GPU,original sweep
96,0,96,2.561796995647901,1.397343815807946,2.561796995647901,6.520937807103748,0.4399045346062052,786432,2.6214399999999998,2.6214399999999998,1572864,5.2428799999999995,0.0,5.2428799999999995,0,6.520937807103748,16.610400000000038,1,96,0.0,0.0,5.2428799999999995,27.536064534606243,0.23681444379637076,GPU,8.332884,8,12,0.0,0.0,5.2428799999999995,19.258548534606206,0.3385996507154264,GPU,original sweep
128,0,128,3.7262501754878565,2.484166783658571,3.7262501754878565,9.936667134634284,0.782052505966587,1048576,3.4952533333333333,3.4952533333333333,2097152,6.990506666666667,0.0,6.990506666666667,0,9.936667134634284,26.871936,1,128,0.0,0.0,6.990506666666667,41.63500183929992,0.23866138334729006,GPU,11.701103999999996,8,16,0.0,0.0,6.990506666666667,26.464169839299917,0.3754762456171249,GPU,original sweep
192,0,192,6.520937807103749,5.589375263231784,6.520937807103749,18.63125087743928,1.7596181384248208,1572864,5.2428799999999995,5.2428799999999995,3145728,10.485759999999999,0.0,10.485759999999999,0,18.63125087743928,54.48211199999979,1,192,0.0,0.0,10.485759999999999,77.21325013842461,0.24129603201572233,GPU,19.47108,8,24,0.0,0.0,10.485759999999999,42.20221813842482,0.44147563088575337,GPU,original sweep
256,0,256,9.936667134634284,9.936667134634284,9.936667134634284,29.810001403902852,3.128210023866348,2097152,6.990506666666667,6.990506666666667,4194304,13.981013333333333,0.0,13.981013333333333,0,29.810001403902852,91.54176000000005,1,256,0.0,0.0,13.981013333333333,122.63199669053306,0.24308502029147933,GPU,28.865184000000003,8,32,0.0,0.0,13.981013333333333,59.955420690533025,0.49720277266955876,GPU,original sweep
384,0,384,18.63125087743928,22.357501052927137,18.63125087743928,59.620002807805704,7.038472553699283,3145728,10.485759999999999,10.485759999999999,6291456,20.971519999999998,0.0,20.971519999999998,0,59.620002807805704,217.92844799999895,1,384,0.0,0.0,20.971519999999998,266.9099605536983,0.22337121733533452,GPU,59.46523199999997,8,48,0.0,0.0,20.971519999999998,108.44674455369925,0.5497629555701771,GPU,original sweep
512,0,512,29.810001403902852,39.746668538537136,29.810001403902852,99.36667134634283,12.512840095465393,4194304,13.981013333333333,13.981013333333333,8388608,27.962026666666667,0.0,27.962026666666667,0,99.36667134634283,366.1670400000002,1,512,0.0,0.0,27.962026666666667,434.60393342879894,0.22863730330830528,GPU,94.44550400000001,8,64,0.0,0.0,27.962026666666667,162.88239742879873,0.6100516256815245,GPU,original sweep
768,0,768,65.33435076923078,89.43000421170855,65.33435076923078,220.09870575017013,28.153890214797133,6291456,20.971519999999998,20.971519999999998,12582912,41.943039999999996,0.0,41.943039999999996,0,220.09870575017013,832.7347200000063,1,768,0.0,0.0,41.943039999999996,944.7746902148035,0.23296422737587158,GPU,194.5262400000002,8,96,0.0,0.0,41.943039999999996,306.5662102147973,0.7179483531337545,GPU,original sweep
1024,0,1024,116.14995692307694,158.98667415414855,116.14995692307694,391.28658800030246,50.05136038186157,8388608,27.962026666666667,27.962026666666667,16777216,55.92405333333333,0.0,55.92405333333333,0,391.28658800030246,1488.291840000014,1,1024,0.0,0.0,55.92405333333333,1650.191307048542,0.23711589458081683,GPU,331.8142720000005,8,128,0.0,0.0,55.92405333333333,493.71373904852874,0.7925373694367489,GPU,original sweep
1536,0,1536,261.3374030769231,357.7200168468342,261.3374030769231,880.3948230006805,112.61556085918853,12582912,41.943039999999996,41.943039999999996,25165824,83.88607999999999,0.0,83.88607999999999,0,880.3948230006805,3366.374400000111,1,1536,0.0,0.0,83.88607999999999,3646.762120859299,0.24141822082796835,GPU,718.7504639999975,8,192,0.0,0.0,83.88607999999999,999.138184859186,0.881154215044598,GPU,supplement
2048,0,2048,464.59982769230777,635.9466966165942,464.59982769230777,1565.1463520012098,200.20544152744628,16777216,55.92405333333333,55.92405333333333,33554432,111.84810666666667,0.0,111.84810666666667,0,1565.1463520012098,6000.4147200001025,1,2048,0.0,0.0,111.84810666666667,6424.316374860881,0.24362846732234653,GPU,1368.2048000000054,8,256,0.0,0.0,111.84810666666667,1792.1064548607849,0.8733556802700061,GPU,supplement
1,128,129,1.2712705320791802,0.019559174505124247,1.2712705320791802,2.5621002386634846,0.006157517899761337,8192,0.027306666666666667,0.027306666666666667,16384,0.05461333333333333,6.990506666666667,0.05461333333333333,0,9.552606905330151,0.228393,1,1,0.09689400000000001,0.05461333333333333,0,0.2891638512330946,33.03527347763053,PIM,0.228393,1,1,0.09689400000000001,0.05461333333333333,0,0.2891638512330946,33.03527347763053,PIM,original sweep
2,128,130,1.3006092938368667,0.039421592025831814,1.3006092938368667,2.6406401796995653,0.012410501193317422,16384,0.05461333333333333,0.05461333333333333,32768,0.10922666666666667,6.990506666666667,0.10922666666666667,0,9.631146846366232,0.456786,1,2,0.09689400000000001,0.09689400000000001,0.012332666666666658,0.5907558345266507,16.303092214202657,PIM,0.309907,2,1,0.133806,0.10922666666666667,0,0.4315441678599841,22.317870483864557,PIM,original sweep
4,128,132,1.3597416818756143,0.08005615611399691,1.3597416818756143,2.7995395198652258,0.025202863961813843,32768,0.10922666666666667,0.10922666666666667,65536,0.21845333333333333,6.990506666666667,0.21845333333333333,0,9.790046186531892,0.913572,1,4,0.09689400000000001,0.09689400000000001,0.12155933333333332,1.2787875306284804,7.655725405549129,PIM,0.440637,4,1,0.183022,0.183022,0.03543133333333334,0.7197245306284805,13.60249063344137,PIM,original sweep
8,128,136,1.4798259160466096,0.16496420047732696,1.4798259160466096,3.1246160325705463,0.051933174224343674,65536,0.21845333333333333,0.21845333333333333,131072,0.43690666666666667,6.990506666666667,0.43690666666666667,0,10.115122699237213,1.8271440000000003,1,8,0.09689400000000001,0.09689400000000001,0.34001266666666663,2.6559965075576772,3.80840963851213,PIM,0.749775,8,1,0.29375799999999996,0.29375799999999996,0.1431486666666667,1.3817635075576769,7.320444232252235,PIM,original sweep
16,128,144,1.7272722167626002,0.3493359539519865,1.7272722167626002,3.8038803874771867,0.1099761336515513,131072,0.43690666666666667,0.43690666666666667,262144,0.8738133333333333,6.990506666666667,0.8738133333333333,0,10.794387054143854,3.6542880000000006,1,16,0.09689400000000001,0.09689400000000001,0.7769193333333333,5.414996800318218,1.9934244565960797,PIM,1.49955,8,2,0.29375799999999996,0.29375799999999996,0.5800553333333334,3.063394800318218,3.5236682692751713,PIM,original sweep
32,128,160,2.25127614769058,0.7763021198933034,2.25127614769058,5.278854415274464,0.24439140811455845,262144,0.8738133333333333,0.8738133333333333,524288,1.7476266666666667,6.990506666666667,1.7476266666666667,0,12.269361081941131,7.899168000000002,1,32,0.09689400000000001,0.09689400000000001,1.6507326666666666,11.541918741447894,1.063026118688649,PIM,3.072924,8,4,0.29375799999999996,0.29375799999999996,1.4538686666666667,6.518810741447892,1.8821471536104124,PIM,original sweep
48,128,176,2.8140951846132247,1.2808984978239506,2.8140951846132247,6.9090888670504,0.4032458233890215,393216,1.3107199999999999,1.3107199999999999,786432,2.6214399999999998,6.990506666666667,2.6214399999999998,0,13.899595533717067,12.734639999999992,1,48,0.09689400000000001,0.09689400000000001,2.524546,18.283871823389013,0.7602107293235609,GPU,4.7385779999999995,8,6,0.29375799999999996,0.29375799999999996,2.327682,10.09094582338902,1.3774323811649323,PIM,original sweep
64,128,192,3.4157293275305354,1.8631250877439283,3.4157293275305354,8.694583742805,0.5865393794749403,524288,1.7476266666666667,1.7476266666666667,1048576,3.4952533333333333,6.990506666666667,3.4952533333333333,0,15.685090409471666,18.160703999999996,1,64,0.09689400000000001,0.09689400000000001,3.3983593333333335,25.640856046141597,0.6117225720251231,GPU,6.490360000000002,8,8,0.29375799999999996,0.29375799999999996,3.2014953333333334,13.77364804614161,1.1387753162362462,PIM,original sweep
96,128,224,4.735442931349151,3.2604689035518746,4.735442931349151,12.731354766250176,1.0264439140811457,786432,2.6214399999999998,2.6214399999999998,1572864,5.2428799999999995,6.990506666666667,5.2428799999999995,0,19.721861432916842,30.784607999999956,1,96,0.09689400000000001,0.09689400000000001,5.145986,42.199917914081105,0.4673435970437309,GPU,10.233852000000004,8,12,0.29375799999999996,0.29375799999999996,4.949121999999999,21.45229791408115,0.9193356120591417,GPU,original sweep
128,128,256,6.2104169591464276,4.968333567317142,6.2104169591464276,17.38916748561,1.564105011933174,1048576,3.4952533333333333,3.4952533333333333,2097152,6.990506666666667,6.990506666666667,6.990506666666667,0,24.379674152276664,45.77088000000003,1,128,0.09689400000000001,0.09689400000000001,6.893612666666667,61.21910434526653,0.3982363742987642,GPU,14.432592000000001,8,16,0.29375799999999996,0.29375799999999996,6.696748666666666,29.68395234526651,0.8213082229989606,GPU,original sweep
192,128,320,9.626146286676963,9.31562543871964,9.626146286676963,28.56791801207357,2.9326968973747016,1572864,5.2428799999999995,5.2428799999999995,3145728,10.485759999999999,6.990506666666667,10.485759999999999,0,35.55842467874024,94.79001599999977,1,192,0.09689400000000001,0.09689400000000001,10.388865999999998,118.59733889737446,0.2998248106520326,GPU,27.887015999999992,8,24,0.29375799999999996,0.29375799999999996,10.192001999999999,51.49747489737469,0.6904887035646283,GPU,original sweep
256,128,384,13.662917310122142,14.905000701951426,13.662917310122142,42.23083532219571,4.692315035799522,2097152,6.990506666666667,6.990506666666667,4194304,13.981013333333333,6.990506666666667,13.981013333333333,0,49.22134198886238,145.28563199999937,1,256,0.09689400000000001,0.09689400000000001,13.884119333333333,177.84307970246556,0.27676838520346425,GPU,39.643488000000005,8,32,0.29375799999999996,0.29375799999999996,13.687255333333333,72.00407170246619,0.6835910917962228,GPU,original sweep
384,128,512,23.599584444756424,29.810001403902852,23.599584444756424,77.0091702934157,9.384630071599044,3145728,10.485759999999999,10.485759999999999,6291456,20.971519999999998,6.990506666666667,20.971519999999998,0,83.99967696008237,274.62528000000015,1,384,0.09689400000000001,0.09689400000000001,20.874626,325.85605607159914,0.2577815430922218,GPU,70.83412799999995,8,48,0.29375799999999996,0.29375799999999996,20.677761999999998,121.868040071599,0.6892674807171061,GPU,original sweep
512,128,640,36.29686153846154,49.68333567317142,36.29686153846154,122.27705875009451,15.64105011933174,4194304,13.981013333333333,13.981013333333333,8388608,27.962026666666667,6.990506666666667,27.962026666666667,0,129.2675654167612,479.5607040000027,1,512,0.09689400000000001,0.09689400000000001,27.865132666666668,551.0289134526678,0.23459307172610824,GPU,115.90368000000011,8,64,0.29375799999999996,0.29375799999999996,27.668268666666666,187.17502545266518,0.690624003411458,GPU,original sweep
768,128,896,76.22340923076925,104.33500491365999,76.22340923076925,256.7818233751985,32.84620525059666,6291456,20.971519999999998,20.971519999999998,12582912,41.943039999999996,6.990506666666667,41.943039999999996,0,263.77233004186513,1002.8252159999864,1,768,0.09689400000000001,0.09689400000000001,41.846146,1119.4606072505833,0.23562448587601045,GPU,228.18998400000038,8,96,0.29375799999999996,0.29375799999999996,41.649282,344.628511250597,0.7653816252308353,GPU,original sweep
1024,128,1152,130.66870153846156,178.8600084234171,130.66870153846156,440.19741150034025,56.30778042959427,8388608,27.962026666666667,27.962026666666667,16777216,55.92405333333333,6.990506666666667,55.92405333333333,0,447.1879181670069,1715.0791680000214,1,1024,0.09689400000000001,0.09689400000000001,55.827159333333334,1883.1381610962821,0.23746952157067078,GPU,377.8804480000011,8,128,0.29375799999999996,0.29375799999999996,55.630295333333336,545.742577096262,0.8194118196648026,GPU,original sweep
1536,128,1664,283.11552000000006,387.5300182507371,283.11552000000006,953.7610582507373,122.0001909307876,12582912,41.943039999999996,41.943039999999996,25165824,83.88607999999999,6.990506666666667,83.88607999999999,0,960.7515649174039,3706.5553919999297,1,1536,0.09689400000000001,0.09689400000000001,83.78918599999999,3996.230848930717,0.24041443080658742,GPU,855.915456000002,8,192,0.29375799999999996,0.29375799999999996,83.592322,1145.3940489307895,0.8387956667089838,GPU,experiment2 direct simulation
2048,128,2176,493.637316923077,675.6933651551312,493.637316923077,1662.967999001285,212.7182816229117,16777216,55.92405333333333,55.92405333333333,33554432,111.84810666666667,6.990506666666667,111.84810666666667,0,1669.9585056679518,6453.98937599976,1,2048,0.09689400000000001,0.09689400000000001,111.75121266666666,6890.306976956005,0.24236344059168535,GPU,1478.4486400000014,8,256,0.29375799999999996,0.29375799999999996,111.55434866666667,1914.5693769562463,0.8722371337218539,GPU,experiment2 direct simulation
1,256,257,2.523057700407132,0.03896672750245683,2.523057700407132,5.085082128316721,0.012267303102625297,8192,0.027306666666666667,0.027306666666666667,16384,0.05461333333333333,13.981013333333333,0.05461333333333333,0,19.066095461650054,0.445251,1,1,0.20147800000000002,0.05461333333333333,0,0.5121316364359586,37.2288960594885,PIM,0.445251,1,1,0.20147800000000002,0.05461333333333333,0,0.5121316364359586,37.2288960594885,PIM,experiment2 direct simulation
2,256,258,2.5621002386634846,0.07823669802049699,2.5621002386634846,5.202437175347466,0.024630071599045348,16384,0.05461333333333333,0.05461333333333333,32768,0.10922666666666667,13.981013333333333,0.10922666666666667,0,19.1834505086808,0.890502,1,2,0.20147800000000002,0.10922666666666667,0,1.024358738265712,18.727277653880606,PIM,0.562139,2,1,0.249925,0.10922666666666667,0,0.6959957382657121,27.562597662569427,PIM,experiment2 direct simulation
4,256,260,2.640640179699565,0.15768636810332726,2.640640179699565,5.438966727502457,0.04964200477326969,32768,0.10922666666666667,0.10922666666666667,65536,0.21845333333333333,13.981013333333333,0.21845333333333333,0,19.41998006083579,1.781004,1,4,0.20147800000000002,0.20147800000000002,0.016975333333333315,2.0660746714399365,9.399457013478205,PIM,0.720553,4,1,0.29914100000000005,0.21845333333333333,0,0.9886483381066031,19.64296030480131,PIM,experiment2 direct simulation
8,256,264,2.7995395198652253,0.32022462445598765,2.7995395198652253,5.9193036641864385,0.10081145584725537,65536,0.21845333333333333,0.21845333333333333,131072,0.43690666666666667,13.981013333333333,0.43690666666666667,0,19.900316997519774,3.5620079999999996,1,8,0.20147800000000002,0.20147800000000002,0.23542866666666665,4.335154789180589,4.590451313799857,PIM,1.121971,8,1,0.421412,0.421412,0.015494666666666657,1.6751837891805885,11.879482792305408,PIM,experiment2 direct simulation
16,256,272,3.1246160325705463,0.6598568019093078,3.1246160325705463,6.9090888670504,0.2077326968973747,131072,0.43690666666666667,0.43690666666666667,262144,0.8738133333333333,13.981013333333333,0.8738133333333333,0,20.890102200383733,7.124015999999998,1,16,0.20147800000000002,0.20147800000000002,0.6723353333333333,8.87789736356404,2.353046148755811,PIM,2.243942,8,2,0.421412,0.421412,0.4524013333333333,3.777889363564041,5.529569606208933,PIM,experiment2 direct simulation
32,256,288,3.8038803874771867,1.397343815807946,3.8038803874771867,9.005104590762318,0.4399045346062052,262144,0.8738133333333333,0.8738133333333333,524288,1.7476266666666667,13.981013333333333,1.7476266666666667,0,22.98611792409565,14.61715199999999,1,32,0.20147800000000002,0.20147800000000002,1.5461486666666666,18.35083186793953,1.2525926938633427,PIM,4.549404000000001,8,4,0.421412,0.421412,1.3262146666666665,8.06314986793954,2.850761588283554,PIM,experiment2 direct simulation
48,256,304,4.521959848378493,2.2124610416959145,4.521959848378493,11.2563807384529,0.6965155131264916,393216,1.3107199999999999,1.3107199999999999,786432,2.6214399999999998,13.981013333333333,2.6214399999999998,0,25.237394071786234,22.811616000000015,1,48,0.20147800000000002,0.20147800000000002,2.419962,28.549533513126505,0.8839862150526062,GPU,6.89793,8,6,0.421412,0.421412,2.2000279999999997,12.41591351312649,2.0326650991169095,PIM,experiment2 direct simulation
64,256,320,5.278854415274463,3.1052084795732138,5.278854415274463,13.66291731012214,0.9775656324582338,524288,1.7476266666666667,1.7476266666666667,1048576,3.4952533333333333,13.981013333333333,3.4952533333333333,0,27.643930643455473,31.596671999999955,1,64,0.20147800000000002,0.20147800000000002,3.2937753333333335,39.36326629912486,0.7022773576101855,GPU,9.295671999999998,8,8,0.421412,0.421412,3.073841333333333,16.842332299124898,1.6413362563147984,PIM,experiment2 direct simulation
96,256,352,6.909088867050401,5.123593991295802,6.909088867050401,18.941771725396602,1.612983293556086,786432,2.6214399999999998,2.6214399999999998,1572864,5.2428799999999995,13.981013333333333,5.2428799999999995,0,32.922785058729936,50.93856000000008,1,96,0.20147800000000002,0.20147800000000002,5.041402,62.83582529355616,0.5239492742384045,GPU,14.275716000000001,8,12,0.421412,0.421412,4.821467999999999,25.953047293556086,1.2685518076678561,PIM,experiment2 direct simulation
128,256,384,8.694583742805,7.452500350975713,8.694583742805,24.841667836585714,2.346157517899761,1048576,3.4952533333333333,3.4952533333333333,2097152,6.990506666666667,13.981013333333333,6.990506666666667,0,38.82268116991905,72.64281599999978,1,128,0.20147800000000002,0.20147800000000002,6.789028666666667,88.76850885123287,0.4373474520675117,GPU,19.821744000000002,8,16,0.421412,0.421412,6.5690946666666665,35.7275028512331,1.0866329318221333,PIM,experiment2 direct simulation
192,256,448,12.731354766250176,13.041875614207498,12.731354766250176,38.50458514670785,4.105775656324583,1572864,5.2428799999999995,5.2428799999999995,3145728,10.485759999999999,13.981013333333333,10.485759999999999,0,52.48559848004119,123.13843199999978,1,192,0.20147800000000002,0.20147800000000002,10.284282,148.01424965632435,0.3545982809216544,GPU,32.02116,8,24,0.421412,0.421412,10.064347999999999,56.677043656324585,0.9260468629644963,GPU,experiment2 direct simulation
256,256,512,17.38916748561,19.873334269268568,17.38916748561,54.65166924048857,6.256420047732696,2097152,6.990506666666667,6.990506666666667,4194304,13.981013333333333,13.981013333333333,13.981013333333333,0,68.63268257382191,183.0835200000001,1,256,0.20147800000000002,0.20147800000000002,13.779535333333333,217.10048871439946,0.316133247696691,GPU,47.22275199999997,8,32,0.421412,0.421412,13.559601333333333,81.01978671439933,0.8471101363887458,GPU,experiment2 direct simulation
384,256,640,28.567918012073566,37.26250175487856,28.567918012073566,94.3983377790257,11.730787589498807,3145728,10.485759999999999,10.485759999999999,6291456,20.971519999999998,13.981013333333333,20.971519999999998,0,108.37935111235903,359.6705280000019,1,384,0.20147800000000002,0.20147800000000002,20.770041999999997,413.1428775895007,0.26232898348557493,GPU,86.92776000000002,8,48,0.421412,0.421412,20.550107999999998,140.18017558949882,0.773143211275004,GPU,experiment2 direct simulation
512,256,768,43.55623384615385,59.620002807805704,43.55623384615385,146.7324705001134,18.76926014319809,4194304,13.981013333333333,13.981013333333333,8388608,27.962026666666667,13.981013333333333,27.962026666666667,0,160.71348383344673,555.1564800000037,1,512,0.20147800000000002,0.20147800000000002,27.760548666666665,629.6483154765351,0.25524325227776457,GPU,129.68415999999985,8,64,0.421412,0.421412,27.540614666666666,203.9560614765313,0.7879809144674017,GPU,experiment2 direct simulation
768,256,1024,87.1124676923077,119.24000561561141,87.1124676923077,293.4649410002268,37.53852028639618,6291456,20.971519999999998,20.971519999999998,12582912,41.943039999999996,13.981013333333333,41.943039999999996,0,307.44595433356017,1116.2188799999944,1,768,0.20147800000000002,0.20147800000000002,41.741561999999995,1237.4420022863906,0.24845281941739492,GPU,248.86070399999977,8,96,0.421412,0.421412,41.521628,369.863892286396,0.8312407908569138,GPU,experiment2 direct simulation
1024,256,1280,145.18744615384617,198.73334269268568,145.18744615384617,489.10823500037804,62.56420047732696,8388608,27.962026666666667,27.962026666666667,16777216,55.92405333333333,13.981013333333333,55.92405333333333,0,503.0892483337114,1866.270719999965,1,1024,0.20147800000000002,0.20147800000000002,55.72257533333333,2040.4815491439585,0.24655417665735424,GPU,405.53983999999946,8,128,0.421412,0.421412,55.50264133333334,579.5307351439932,0.86809761385427,GPU,experiment2 direct simulation
1536,256,1792,304.893636923077,417.34001965463995,304.893636923077,1027.127293500794,131.38482100238664,12582912,41.943039999999996,41.943039999999996,25165824,83.88607999999999,13.981013333333333,83.88607999999999,0,1041.1083068341272,3933.3427200000624,1,1536,0.20147800000000002,0.20147800000000002,83.684602,4232.29822300245,0.24599124446753917,GPU,903.7534079999981,8,192,0.421412,0.421412,83.46466799999999,1202.488977002385,0.8657944702573872,GPU,experiment2 direct simulation
2048,256,2304,522.6748061538462,715.4400336936684,522.6748061538462,1760.789646001361,225.23112171837707,16777216,55.92405333333333,55.92405333333333,33554432,111.84810666666667,13.981013333333333,111.84810666666667,0,1774.7706593346943,6756.37247999987,1,2048,0.20147800000000002,0.20147800000000002,111.64662866666667,7205.09833705158,0.2463215040672094,GPU,1534.358016000008,8,256,0.421412,0.421412,111.42669466666666,1982.8639390517185,0.8950541811675983,GPU,experiment2 direct simulation
1,512,513,5.0266320370630355,0.077781833497122,5.0266320370630355,10.131045907623193,0.02448687350835322,8192,0.027306666666666667,0.027306666666666667,16384,0.05461333333333333,27.962026666666667,0.05461333333333333,0,38.09307257428986,0.80745,1,1,0.379886,0.05461333333333333,0,0.8865502068416866,42.96775555441524,PIM,0.80745,1,1,0.379886,0.05461333333333333,0,0.8865502068416866,42.96775555441524,PIM,original sweep
2,512,514,5.085082128316721,0.15586691000982733,5.085082128316721,10.326031166643268,0.04906921241050119,16384,0.05461333333333333,0.05461333333333333,32768,0.10922666666666667,27.962026666666667,0.10922666666666667,0,38.288057833309935,1.6149,1,2,0.379886,0.10922666666666667,0,1.773195879077168,21.592683744131165,PIM,0.991241,2,1,0.452172,0.10922666666666667,0,1.149536879077168,33.30737667507201,PIM,original sweep
4,512,516,5.202437175347467,0.31294679208198795,5.202437175347467,10.717821142776922,0.09852028639618139,32768,0.10922666666666667,0.10922666666666667,65536,0.21845333333333333,27.962026666666667,0.21845333333333333,0,38.67984780944359,3.2298,1,4,0.379886,0.21845333333333333,0,3.546773619729515,10.905643256812482,PIM,1.1850289999999999,4,1,0.5013880000000001,0.21845333333333333,0,1.5020026197295144,25.752183985144566,PIM,original sweep
8,512,520,5.438966727502457,0.630745472413309,5.438966727502457,11.508678927418224,0.19856801909307875,65536,0.21845333333333333,0.21845333333333333,131072,0.43690666666666667,27.962026666666667,0.43690666666666667,0,39.47070559408489,6.459600000000001,1,8,0.379886,0.379886,0.057020666666666664,7.1520953524264135,5.518761097150934,PIM,1.698721,8,1,0.647498,0.43690666666666667,0,2.3341956857597452,16.90976717799809,PIM,original sweep
16,512,528,5.9193036641864385,1.2808984978239506,5.9193036641864385,13.119505826196828,0.4032458233890215,131072,0.43690666666666667,0.43690666666666667,262144,0.8738133333333333,27.962026666666667,0.8738133333333333,0,41.081532492863495,12.919199999999996,1,16,0.379886,0.379886,0.49392733333333333,14.690186490055686,2.7965289971419396,PIM,3.397442,8,2,0.647498,0.647498,0.2263153333333333,4.900816490055687,8.382589426929693,PIM,original sweep
32,512,544,6.909088867050401,2.6394272076372314,6.909088867050401,16.457604941738033,0.8309307875894988,262144,0.8738133333333333,0.8738133333333333,524288,1.7476266666666667,27.962026666666667,1.7476266666666667,0,44.4196316084047,26.428991999999997,1,32,0.379886,0.379886,1.3677406666666667,30.37529012092283,1.462360735702339,PIM,6.850252,8,4,0.647498,0.647498,1.1001286666666665,10.528938120922831,4.218814005577179,PIM,original sweep
48,512,560,7.937689175909028,4.075586129439843,7.937689175909028,19.9509644812579,1.283054892601432,393216,1.3107199999999999,1.3107199999999999,786432,2.6214399999999998,27.962026666666667,2.6214399999999998,0,47.912991147924565,40.52937599999997,1,48,0.379886,0.379886,2.241554,46.67542489260141,1.0265143007947062,PIM,10.35843,8,6,0.647498,0.647498,1.9739419999999996,16.236866892601434,2.9508766355507183,PIM,original sweep
64,512,576,9.00510459076232,5.589375263231784,9.00510459076232,23.599584444756424,1.7596181384248208,524288,1.7476266666666667,1.7476266666666667,1048576,3.4952533333333333,27.962026666666667,3.4952533333333333,0,51.56161111142309,55.22035199999995,1,64,0.379886,0.379886,3.1153673333333334,63.59059080509144,0.8108371137714727,GPU,13.897368,8,8,0.647498,0.647498,2.847755333333333,21.999994805091486,2.3437101493992225,PIM,original sweep
96,512,608,11.256380738452899,8.849844166783658,11.256380738452899,31.362605643689456,2.7860620525059665,786432,2.6214399999999998,2.6214399999999998,1572864,5.2428799999999995,27.962026666666667,5.2428799999999995,0,59.32463231035612,86.37408000000009,1,96,0.379886,0.379886,4.862994,99.26601605250605,0.597632852304426,GPU,21.141348000000004,8,12,0.647498,0.647498,4.595382,33.76567205250597,1.7569510305645837,PIM,original sweep
128,512,640,13.662917310122142,12.420833918292855,13.662917310122142,39.746668538537136,3.910262529832935,1048576,3.4952533333333333,3.4952533333333333,2097152,6.990506666666667,27.962026666666667,6.990506666666667,0,67.70869520520381,119.89017600000034,1,128,0.379886,0.379886,6.610620666666667,137.4015658631666,0.49277964759610177,GPU,28.975919999999988,8,16,0.647498,0.647498,6.343008666666667,46.21969786316625,1.464931584054398,PIM,original sweep
192,512,704,18.941771725396602,20.49437596518321,18.941771725396602,58.37791941597642,6.451933174224344,1572864,5.2428799999999995,5.2428799999999995,3145728,10.485759999999999,27.962026666666667,10.485759999999999,0,86.33994608264308,194.0094720000002,1,192,0.379886,0.379886,10.105873999999998,221.05303917422452,0.3905847501811257,GPU,45.75242400000001,8,24,0.647498,0.647498,9.838261999999999,72.52837917422436,1.190429829891017,PIM,original sweep
256,512,768,24.84166783658571,29.810001403902852,24.84166783658571,79.49333707707427,9.384630071599044,2097152,6.990506666666667,6.990506666666667,4194304,13.981013333333333,27.962026666666667,13.981013333333333,0,107.45536374374095,277.5782400000012,1,256,0.379886,0.379886,13.601127333333332,314.54501073826685,0.34162158061745457,GPU,64.84207999999995,8,32,0.647498,0.647498,13.333515333333333,101.54123873826566,1.0582435774761387,PIM,original sweep
384,512,896,38.50458514670785,52.16750245682999,38.50458514670785,129.1766727502457,16.42310262529833,3145728,10.485759999999999,10.485759999999999,6291456,20.971519999999998,27.962026666666667,20.971519999999998,0,157.13869941691237,501.4126080000018,1,384,0.379886,0.379886,20.591634,559.3988646253002,0.2809063610133852,GPU,114.0949920000001,8,48,0.647498,0.647498,20.324022,171.81363662529841,0.9145880530985441,GPU,original sweep
512,512,1024,58.07497846153847,79.49333707707427,58.07497846153847,195.64329400015123,25.025680190930785,4194304,13.981013333333333,13.981013333333333,8388608,27.962026666666667,27.962026666666667,27.962026666666667,0,223.6053206668179,744.1459199999969,1,512,0.379886,0.379886,27.582140666666668,824.7157675242609,0.2711301632295275,GPU,165.90713599999987,8,64,0.647498,0.647498,27.314528666666668,246.20937152426396,0.9081917527448039,GPU,original sweep
768,512,1280,108.89058461538463,149.05000701951425,108.89058461538463,366.8311762502835,46.923150357995226,6291456,20.971519999999998,20.971519999999998,12582912,41.943039999999996,27.962026666666667,41.943039999999996,0,394.7932029169501,1399.7030399999867,1,768,0.379886,0.379886,41.563154,1530.132384357982,0.2580124484343875,GPU,304.15488000000005,8,96,0.647498,0.647498,41.295542,434.31661235799527,0.9089986237771005,GPU,original sweep
1024,512,1536,174.2249353846154,238.48001123122282,174.2249353846154,586.9298820004536,75.07704057279236,8388608,27.962026666666667,27.962026666666667,16777216,55.92405333333333,27.962026666666667,55.92405333333333,0,614.8919086671203,2244.249600000004,1,1024,0.379886,0.379886,55.544167333333334,2430.794861239463,0.25295919391305066,GPU,479.1669760000004,8,128,0.647498,0.647498,55.276555333333334,665.4446252394595,0.9240316704727343,GPU,original sweep
1536,512,2048,348.4498707692308,476.96002246244564,348.4498707692308,1173.8597640009073,150.1540811455847,12582912,41.943039999999996,41.943039999999996,25165824,83.88607999999999,27.962026666666667,83.88607999999999,0,1201.8217906675739,4500.311039999928,1,1536,0.379886,0.379886,83.506194,4817.857395145512,0.24945150760969664,GPU,1026.1536000000037,8,192,0.647498,0.647498,83.238582,1343.4323431455884,0.8945904844404448,GPU,experiment2 direct simulation
2048,512,2560,580.7497846153847,794.9333707707427,580.7497846153847,1956.4329400015122,250.25680190930785,16777216,55.92405333333333,55.92405333333333,33554432,111.84810666666667,27.962026666666667,111.84810666666667,0,1984.3949666681788,7512.3302400000375,1,2048,0.379886,0.379886,111.46822066666667,7985.903369242678,0.2484872249157159,GPU,1692.4398079999964,8,256,0.647498,0.647498,111.20060866666667,2165.7453252426376,0.9162642271643175,GPU,experiment2 direct simulation
1,1024,1025,10.033780710374844,0.15541204548645235,10.033780710374844,20.22297346623614,0.04892601431980907,8192,0.027306666666666667,0.027306666666666667,16384,0.05461333333333333,55.92405333333333,0.05461333333333333,0,76.14702679956947,1.54569,1,1,0.736702,0.05461333333333333,0,1.6492293476531423,46.17127806264598,PIM,1.54569,1,1,0.736702,0.05461333333333333,0,1.6492293476531423,46.17127806264598,PIM,original sweep
2,1024,1026,10.131045907623193,0.311127333988488,10.131045907623193,20.573219149234873,0.09794749403341288,16384,0.05461333333333333,0.05461333333333333,32768,0.10922666666666667,55.92405333333333,0.10922666666666667,0,76.4972724825682,3.09138,1,2,0.736702,0.10922666666666667,0,3.2985541607000792,23.191152473401427,PIM,1.849445,2,1,0.856666,0.10922666666666667,0,2.0566191607000794,37.19564319167789,PIM,original sweep
4,1024,1028,10.326031166643268,0.6234676400393093,10.326031166643268,21.275529973325845,0.19627684964200476,32768,0.10922666666666667,0.10922666666666667,65536,0.21845333333333333,55.92405333333333,0.21845333333333333,0,77.19958330665918,6.18276,1,4,0.736702,0.21845333333333333,0,6.597490182975338,11.701356298471019,PIM,2.0924490000000002,4,1,0.9058820000000001,0.21845333333333333,0,2.5071791829753387,30.79141045477424,PIM,original sweep
8,1024,1032,10.71782114277692,1.2517871683279518,10.71782114277692,22.68742945388179,0.39408114558472557,65536,0.21845333333333333,0.21845333333333333,131072,0.43690666666666667,55.92405333333333,0.43690666666666667,0,78.61148278721512,12.365520000000002,1,8,0.736702,0.43690666666666667,0,13.196507812251394,5.956991342378752,PIM,2.8406860000000003,8,1,1.0996700000000001,0.43690666666666667,0,3.671673812251392,21.4102577753257,PIM,original sweep
16,1024,1040,11.508678927418224,2.522981889653236,11.508678927418224,25.540339744489685,0.794272076372315,131072,0.43690666666666667,0.43690666666666667,262144,0.8738133333333333,55.92405333333333,0.8738133333333333,0,81.46439307782302,24.731040000000004,1,16,0.736702,0.736702,0.13711133333333336,26.536236743038984,3.0699301437003066,PIM,5.6813720000000005,8,2,1.0996700000000001,0.8738133333333333,0,7.349457409705648,11.084409166075531,PIM,original sweep
32,1024,1056,13.119505826196828,5.123593991295802,13.119505826196828,31.36260564368946,1.612983293556086,262144,0.8738133333333333,0.8738133333333333,524288,1.7476266666666667,55.92405333333333,1.7476266666666667,0,87.2866589770228,50.05267200000002,1,32,0.736702,0.736702,1.0109246666666667,54.424206626889436,1.603820512725618,PIM,11.405808,8,4,1.0996700000000001,1.0996700000000001,0.6479566666666665,15.414374626889417,5.6626792257116065,PIM,original sweep
48,1024,1072,14.769147830970098,7.801836304927699,14.769147830970098,37.340131966867894,2.456133651551313,393216,1.3107199999999999,1.3107199999999999,786432,2.6214399999999998,55.92405333333333,2.6214399999999998,0,93.26418530020123,75.964896,1,48,0.736702,0.736702,1.8847379999999998,82.92720765155131,1.1246512205268562,PIM,17.21022,8,6,1.0996700000000001,1.0996700000000001,1.5217699999999996,23.80956365155131,3.9170892278878284,PIM,original sweep
64,1024,1088,16.457604941738033,10.557708830548926,16.457604941738033,43.47291871402499,3.323723150357995,524288,1.7476266666666667,1.7476266666666667,1048576,3.4952533333333333,55.92405333333333,3.4952533333333333,0,99.39697204735833,102.46771199999992,1,64,0.736702,0.736702,2.758551333333333,112.04523981702457,0.8871146352105499,GPU,23.033087999999996,8,8,1.0996700000000001,1.0996700000000001,2.395583333333333,32.24764781702466,3.0823014630816954,PIM,original sweep
96,1024,1120,19.9509644812579,16.302344517759373,19.9509644812579,56.20427348027517,5.132219570405728,786432,2.6214399999999998,2.6214399999999998,1572864,5.2428799999999995,55.92405333333333,5.2428799999999995,0,112.12832681360851,157.24511999999982,1,96,0.736702,0.736702,4.506177999999999,172.12639757040557,0.6514301606047626,GPU,34.844928,8,12,1.0996700000000001,1.0996700000000001,4.14321,49.36323757040574,2.2714945844806524,PIM,original sweep
128,1024,1152,23.599584444756424,22.357501052927137,23.599584444756424,69.55666994243998,7.038472553699283,1048576,3.4952533333333333,3.4952533333333333,2097152,6.990506666666667,55.92405333333333,6.990506666666667,0,125.48072327577331,214.38489599999966,1,128,0.736702,0.736702,6.2538046666666665,234.66767988703225,0.5347166824855432,GPU,47.23505599999999,8,16,1.0996700000000001,1.0996700000000001,5.890836666666667,67.15487188703261,1.8685274761130657,PIM,original sweep
192,1024,1216,31.36260564368946,35.39937666713463,31.36260564368946,98.12458795451356,11.144248210023866,1572864,5.2428799999999995,5.2428799999999995,3145728,10.485759999999999,55.92405333333333,10.485759999999999,0,154.0486412878469,335.751552000001,1,192,0.736702,0.736702,9.749058,367.1306182100249,0.4196017265978074,GPU,73.15958400000001,8,24,1.0996700000000001,1.0996700000000001,9.38609,104.17568221002387,1.4787389726642386,PIM,original sweep
256,1024,1280,39.746668538537136,49.68333567317142,39.746668538537136,129.1766727502457,15.64105011933174,2097152,6.990506666666667,6.990506666666667,4194304,13.981013333333333,55.92405333333333,13.981013333333333,0,185.10072608357905,466.5676799999968,1,256,0.736702,0.736702,13.244311333333334,509.43405478599516,0.3633458037298602,GPU,101.38495999999998,8,32,1.0996700000000001,1.0996700000000001,12.881343333333334,143.8883667859984,1.2864189803396322,PIM,original sweep
384,1024,1408,59.88982153846154,81.97750386073284,59.88982153846154,201.75714693765593,25.807732696897375,3145728,10.485759999999999,10.485759999999999,6291456,20.971519999999998,55.92405333333333,20.971519999999998,0,257.6812002709893,784.8967679999948,1,384,0.736702,0.736702,20.234817999999997,851.9108386968923,0.3024743770899147,GPU,169.31534400000004,8,48,1.0996700000000001,1.0996700000000001,19.87185,235.9664466968974,1.092024751307057,PIM,original sweep
512,1024,1536,87.1124676923077,119.24000561561141,87.1124676923077,293.4649410002268,37.53852028639618,4194304,13.981013333333333,13.981013333333333,8388608,27.962026666666667,55.92405333333333,27.962026666666667,0,349.38899433356016,1122.1247999999932,1,512,0.736702,0.736702,27.225324666666666,1214.8506716197226,0.28759830528613917,GPU,239.5834880000002,8,64,1.0996700000000001,1.0996700000000001,26.862356666666667,331.9463916197297,1.0525464447096997,PIM,original sweep
768,1024,1792,152.4468184615385,208.67000982731997,152.4468184615385,513.563646750397,65.69241050119332,6291456,20.971519999999998,20.971519999999998,12582912,41.943039999999996,55.92405333333333,41.943039999999996,0,569.4877000837303,1966.6713600000257,1,768,0.736702,0.736702,41.206337999999995,2115.5131485012193,0.2691960106639829,GPU,451.8767039999996,8,96,1.0996700000000001,1.0996700000000001,40.84336999999999,600.355524501193,0.9485840919959729,GPU,original sweep
1024,1024,2048,232.29991384615388,317.9733483082971,232.29991384615388,782.5731760006049,100.10272076372314,8388608,27.962026666666667,27.962026666666667,16777216,55.92405333333333,55.92405333333333,55.92405333333333,0,838.4972293339382,3000.2073599999235,1,1024,0.736702,0.736702,55.18735133333333,3211.421485430313,0.26109846780874485,GPU,684.102400000002,8,128,1.0996700000000001,1.0996700000000001,54.82438333333333,894.9535574303919,0.9369170303556843,GPU,original sweep
1536,1024,2560,435.5623384615385,596.200028078057,435.5623384615385,1467.324705001134,187.6926014319809,12582912,41.943039999999996,41.943039999999996,25165824,83.88607999999999,55.92405333333333,83.88607999999999,0,1523.2487583344673,5634.247680000028,1,1536,0.736702,0.736702,83.149378,5988.975739432009,0.2543421153479128,GPU,1269.3298559999976,8,192,1.0996700000000001,1.0996700000000001,82.78640999999999,1623.6949474319783,0.9381372780297335,GPU,supplement
2048,1024,3072,696.8997415384616,953.9200449248913,696.8997415384616,2347.7195280018145,300.3081622911694,16777216,55.92405333333333,55.92405333333333,33554432,111.84810666666667,55.92405333333333,111.84810666666667,0,2403.6435813351477,9714.057215999836,1,2048,0.736702,0.736702,111.11140466666667,10237.324889624337,0.23479215588549623,GPU,1939.1104000000041,8,256,1.0996700000000001,1.0996700000000001,110.74843666666666,2462.015105624507,0.9762911591581998,GPU,supplement
1,2048,2049,20.04807805699846,0.310672469465113,20.04807805699846,40.40682858346203,0.09780429594272076,8192,0.027306666666666667,0.027306666666666667,16384,0.05461333333333333,111.84810666666667,0.05461333333333333,0,152.2549352501287,3.02217,1,1,1.450334,0.05461333333333333,0,3.1745876292760538,47.96053945590708,PIM,3.02217,1,1,1.450334,0.05461333333333333,0,3.1745876292760538,47.96053945590708,PIM,experiment2 direct simulation
2,2048,2050,20.222973466236137,0.6216481819458094,20.222973466236137,41.06759511441808,0.1957040572792363,16384,0.05461333333333333,0.05461333333333333,32768,0.10922666666666667,111.84810666666667,0.10922666666666667,0,152.91570178108475,6.04434,1,2,1.450334,0.10922666666666667,0,6.349270723945903,24.083978842542045,PIM,3.565853,2,1,1.665654,0.10922666666666667,0,3.870783723945903,39.50510095283791,PIM,experiment2 direct simulation
4,2048,2052,20.573219149234877,1.244509335953952,20.573219149234877,42.39094763442371,0.3917899761336515,32768,0.10922666666666667,0.10922666666666667,65536,0.21845333333333333,111.84810666666667,0.21845333333333333,0,154.2390543010904,12.08868,1,4,1.450334,0.21845333333333333,0,12.698923309466984,12.145837134562893,PIM,3.925745,4,1,1.7148700000000001,0.21845333333333333,0,4.535988309466985,34.00340648567825,PIM,experiment2 direct simulation
8,2048,2056,21.275529973325845,2.4938705601572373,21.275529973325845,45.044930506808925,0.785107398568019,65536,0.21845333333333333,0.21845333333333333,131072,0.43690666666666667,111.84810666666667,0.43690666666666667,0,156.8930371734756,24.177359999999997,1,8,1.450334,0.43690666666666667,0,25.39937406523468,6.177043448807759,PIM,5.665992,8,1,2.004014,0.43690666666666667,0,6.888006065234686,22.777714724345262,PIM,experiment2 direct simulation
16,2048,2064,22.687429453881794,5.007148673311807,22.687429453881794,50.3820075810754,1.5763245823389023,131072,0.43690666666666667,0.43690666666666667,262144,0.8738133333333333,111.84810666666667,0.8738133333333333,0,162.23011424774205,48.35472000000001,1,16,1.450334,0.8738133333333333,0,50.804857915672244,3.1932008257363402,PIM,11.331984,8,2,2.004014,0.8738133333333333,0,13.782121915672235,11.771054939171835,PIM,experiment2 direct simulation
32,2048,2080,25.540339744489682,10.091927558612944,25.540339744489682,61.17260704759231,3.17708830548926,262144,0.8738133333333333,0.8738133333333333,524288,1.7476266666666667,111.84810666666667,1.7476266666666667,0,173.020713714259,97.30003200000006,1,32,1.450334,1.450334,0.29729266666666665,102.52203963882265,1.6876440843724707,PIM,22.707031999999998,8,4,2.004014,1.7476266666666667,0,27.631746972155923,6.26166394360115,PIM,experiment2 direct simulation
48,2048,2096,28.432065141092238,15.254336655903412,28.432065141092238,72.11846693808789,4.802291169451074,393216,1.3107199999999999,1.3107199999999999,786432,2.6214399999999998,111.84810666666667,2.6214399999999998,0,183.96657360475456,146.83593600000003,1,48,1.450334,1.450334,1.1711059999999998,155.43077316945113,1.1835917035823633,PIM,34.143600000000006,8,6,2.004014,2.004014,0.6174259999999996,42.18475716945108,4.360972681809759,PIM,experiment2 direct simulation
64,2048,2112,31.36260564368946,20.49437596518321,31.36260564368946,83.21958725256214,6.451933174224344,524288,1.7476266666666667,1.7476266666666667,1048576,3.4952533333333333,111.84810666666667,3.4952533333333333,0,195.06769391922882,196.96243200000015,1,64,1.450334,1.450334,2.0449193333333335,208.95453784089113,0.9335413144641229,GPU,45.610928,8,8,2.004014,2.004014,1.4912393333333331,57.04935384089101,3.4192796374743692,PIM,experiment2 direct simulation
96,2048,2144,37.340131966867894,31.207345219710795,37.340131966867894,105.88760915344659,9.824534606205251,786432,2.6214399999999998,2.6214399999999998,1572864,5.2428799999999995,111.84810666666667,5.2428799999999995,0,217.73571582011326,298.9872,1,96,1.450334,1.450334,3.7925459999999998,317.84716060620525,0.6850327541225877,GPU,68.711688,8,12,2.004014,2.004014,3.2388659999999994,87.01796860620524,2.502192585136796,PIM,experiment2 direct simulation
128,2048,2176,43.47291871402499,42.2308353221957,43.47291871402499,129.17667275024567,13.29489260143198,1048576,3.4952533333333333,3.4952533333333333,2097152,6.990506666666667,111.84810666666667,6.990506666666667,0,241.02477941691234,403.3743360000006,1,128,1.450334,1.450334,5.540172666666667,429.19990793476586,0.5615676400693583,GPU,92.40303999999999,8,16,2.004014,2.004014,4.986492666666667,117.6749319347653,2.0482253565315656,PIM,experiment2 direct simulation
192,2048,2240,56.20427348027517,65.20937807103749,56.20427348027517,177.61792503158782,20.528878281622912,1572864,5.2428799999999995,5.2428799999999995,3145728,10.485759999999999,111.84810666666667,10.485759999999999,0,289.4660316982545,619.2357120000011,1,192,1.450334,1.450334,9.035426,659.2857762816241,0.4390600284611701,GPU,140.966928,8,24,2.004014,2.004014,8.481746,180.4633122816229,1.6040159522647288,PIM,experiment2 direct simulation
256,2048,2304,69.55666994244,89.43000421170855,69.55666994244,228.54334409658856,28.153890214797133,2097152,6.990506666666667,6.990506666666667,4194304,13.981013333333333,111.84810666666667,13.981013333333333,0,340.3914507632552,844.5465599999964,1,256,1.450334,1.450334,12.530679333333334,899.2121428814601,0.3785440993629106,GPU,191.79475199999987,8,32,2.004014,2.004014,11.976999333333334,245.90665488146368,1.3842303329584016,PIM,experiment2 direct simulation
384,2048,2432,103.44605538461539,141.59750666853853,103.44605538461539,348.4896174377693,44.576992840095464,3145728,10.485759999999999,10.485759999999999,6291456,20.971519999999998,111.84810666666667,20.971519999999998,0,460.337724104436,1351.8650879999936,1,384,1.450334,1.450334,19.521185999999997,1436.9347868400891,0.3203609017753324,GPU,308.36284799999993,8,48,2.004014,2.004014,18.967505999999997,392.8788668400954,1.1717039600702088,PIM,experiment2 direct simulation
512,2048,2560,145.18744615384617,198.73334269268568,145.18744615384617,489.10823500037804,62.56420047732696,4194304,13.981013333333333,13.981013333333333,8388608,27.962026666666667,111.84810666666667,27.962026666666667,0,600.9563416670447,1878.0825600000082,1,512,1.450334,1.450334,26.511692666666665,1995.1204798106685,0.3012130584334806,GPU,423.10995199999974,8,64,2.004014,2.004014,25.958012666666665,539.59419181066,1.113719070345213,PIM,experiment2 direct simulation
768,2048,2816,239.55928615384616,327.91001544293135,239.55928615384616,807.0285877506237,103.2309307875895,6291456,20.971519999999998,20.971519999999998,12582912,41.943039999999996,111.84810666666667,41.943039999999996,0,918.8766944172904,3100.6079999999793,1,768,1.450334,1.450334,40.492706,3286.2746767875688,0.2796104357641582,GPU,664.8589439999997,8,96,2.004014,2.004014,39.939026,849.9719407875892,1.0810670921275984,PIM,experiment2 direct simulation
1024,2048,3072,348.4498707692308,476.96002246244564,348.4498707692308,1173.8597640009073,150.1540811455847,8388608,27.962026666666667,27.962026666666667,16777216,55.92405333333333,111.84810666666667,55.92405333333333,0,1285.7078706675738,4857.02860799993,1,1024,1.450334,1.450334,54.473719333333335,5117.58046181218,0.25123354293335204,GPU,969.5552000000017,8,128,2.004014,2.004014,53.920039333333335,1229.553373812253,1.045670645985227,PIM,experiment2 direct simulation
1536,2048,3584,609.787273846154,834.6800393092799,609.787273846154,2054.254587001588,262.7696420047733,12582912,41.943039999999996,41.943039999999996,25165824,83.88607999999999,111.84810666666667,83.88607999999999,0,2166.1026936682547,8431.291391999972,1,1536,1.450334,1.450334,82.435746,8860.382860004745,0.2444705525588422,GPU,1773.8430719999983,8,192,2.004014,2.004014,81.882066,2202.380860004772,0.9835277508103487,GPU,experiment2 direct simulation
2048,2048,4096,929.1996553846155,1271.8933932331884,929.1996553846155,3130.2927040024197,400.41088305489257,16777216,55.92405333333333,55.92405333333333,33554432,111.84810666666667,111.84810666666667,111.84810666666667,0,3242.1408106690865,12737.88825599962,1,2048,1.450334,1.450334,110.39777266666667,13360.545018387846,0.24266531089914328,GPU,2693.6901119999907,8,256,2.004014,2.004014,109.84409266666667,3315.7931943882168,0.9777874012638115,GPU,experiment2 direct simulation
1,4096,4097,40.076672750245685,0.6211933174224343,40.076672750245685,80.7745388179138,0.19556085918854416,8192,0.027306666666666667,0.027306666666666667,16384,0.05461333333333333,223.69621333333333,0.05461333333333333,0,304.4707521512471,6.311952,1,1,2.877598,0.05461333333333333,0,6.562126192521878,46.39818607850279,PIM,6.311952,1,1,2.877598,0.05461333333333333,0,6.562126192521878,46.39818607850279,PIM,original sweep
2,4096,4098,40.40682858346203,1.242689877860452,40.40682858346203,82.0563470447845,0.39121718377088305,16384,0.05461333333333333,0.05461333333333333,32768,0.10922666666666667,223.69621333333333,0.10922666666666667,0,305.75256037811783,12.623904,1,2,2.877598,0.10922666666666667,0,13.12434785043755,23.296590723014432,PIM,7.341643,2,1,3.28363,0.10922666666666667,0,7.84208685043755,38.98867306743209,PIM,original sweep
4,4096,4100,41.06759511441808,2.4865927277832376,41.06759511441808,84.6217829566194,0.7828162291169452,32768,0.10922666666666667,0.10922666666666667,65536,0.21845333333333333,223.69621333333333,0.21845333333333333,0,308.3179962899527,25.247808,1,4,2.877598,0.21845333333333333,0,26.24907756245028,11.74586023285658,PIM,7.716146,4,1,3.332846,0.21845333333333333,0,8.717415562450277,35.36805078078567,PIM,original sweep
8,4096,4104,42.3909476344237,4.978037343815808,42.3909476344237,89.75993261266322,1.567159904534606,65536,0.21845333333333333,0.21845333333333333,131072,0.43690666666666667,223.69621333333333,0.43690666666666667,0,313.4561459459966,50.49561599999999,1,8,2.877598,0.43690666666666667,0,52.49968257120127,5.970629356108586,PIM,10.85828,8,1,3.8127020000000003,0.43690666666666667,0,12.862346571201272,24.37005908764916,PIM,original sweep
16,4096,4112,45.04493050680893,9.97548224062895,45.04493050680893,100.06534325424681,3.140429594272076,131072,0.43690666666666667,0.43690666666666667,262144,0.8738133333333333,223.69621333333333,0.8738133333333333,0,323.7615565875801,100.99123200000001,1,16,2.877598,0.8738133333333333,0,105.00547492760543,3.0832826270324762,PIM,21.71656,8,2,3.8127020000000003,0.8738133333333333,0,25.73080292760541,12.582644913899326,PIM,original sweep
32,4096,4128,50.38200758107539,20.02859469324723,50.38200758107539,120.79260985539801,6.305298329355609,262144,0.8738133333333333,0.8738133333333333,524288,1.7476266666666667,223.69621333333333,1.7476266666666667,0,344.4888231887313,202.5730560000001,1,32,2.877598,1.7476266666666667,0,210.6259809960224,1.6355476259846446,PIM,43.476184,8,4,3.8127020000000003,1.7476266666666667,0,51.52910899602227,6.6853246621307525,PIM,original sweep
48,4096,4144,55.75789976133652,30.159337357854838,55.75789976133652,141.67513688052787,9.494606205250596,393216,1.3107199999999999,1.3107199999999999,786432,2.6214399999999998,223.69621333333333,2.6214399999999998,0,365.3713502138612,304.74547199999984,1,48,2.877598,2.6214399999999998,0,316.86151820525043,1.1530947408299295,PIM,65.29732800000001,8,6,3.8127020000000003,2.6214399999999998,0,77.4133742052506,4.719744539814668,PIM,original sweep
64,4096,4160,61.17260704759231,40.36771023445178,61.17260704759231,162.7129243296364,12.70835322195704,524288,1.7476266666666667,1.7476266666666667,1048576,3.4952533333333333,223.69621333333333,3.4952533333333333,0,386.4091376629697,407.5084800000003,1,64,2.877598,2.877598,0.6176553333333334,424.3297418886241,0.9106341119128822,GPU,87.149232,8,8,3.8127020000000003,3.4952533333333333,0,103.35283855529036,3.738737542813143,PIM,original sweep
96,4096,4192,72.11846693808789,61.01734662361365,72.11846693808789,205.25428049978942,19.209164677804296,786432,2.6214399999999998,2.6214399999999998,1572864,5.2428799999999995,223.69621333333333,5.2428799999999995,0,428.9504938331228,614.806271999999,1,96,2.877598,2.877598,2.3652819999999997,641.6235986778033,0.6685391477449755,GPU,131.019144,8,12,3.8127020000000003,3.8127020000000003,1.4301779999999993,156.90136667780433,2.7338862810160798,PIM,original sweep
128,4096,4224,83.21958725256214,81.97750386073284,83.21958725256214,248.41667836585708,25.807732696897375,1048576,3.4952533333333333,3.4952533333333333,2097152,6.990506666666667,223.69621333333333,6.990506666666667,0,472.1128916991904,824.4664320000009,1,128,2.877598,2.877598,4.112908666666667,861.3775800302316,0.5480905269006662,GPU,180.90571199999994,8,16,3.8127020000000003,3.8127020000000003,3.1778046666666664,216.88175603023063,2.1768216024283005,PIM,original sweep
192,4096,4288,105.88760915344659,124.82938087884318,105.88760915344659,336.60459918573633,39.298138424821005,1572864,5.2428799999999995,5.2428799999999995,3145728,10.485759999999999,223.69621333333333,10.485759999999999,0,560.3008125190697,1252.350336000001,1,192,2.877598,2.877598,7.608161999999999,1309.7423964248221,0.42779466714104375,GPU,273.813216,8,24,3.8127020000000003,3.8127020000000003,6.673057999999999,330.27017242482106,1.6964923244669037,PIM,original sweep
256,4096,4352,129.1766727502457,168.9233412887828,129.1766727502457,427.2766867892742,53.17957040572792,2097152,6.990506666666667,6.990506666666667,4194304,13.981013333333333,223.69621333333333,13.981013333333333,0,650.9729001226076,1686.7307520000027,1,256,2.877598,2.877598,11.103415333333334,1764.9947510723973,0.368824269719262,GPU,368.92313599999994,8,32,3.8127020000000003,3.8127020000000003,10.168311333333333,446.2520310723945,1.4587561619792417,PIM,original sweep
384,4096,4480,190.5585230769231,260.83751228414997,190.5585230769231,641.9545584379962,82.11551312649165,3145728,10.485759999999999,10.485759999999999,6291456,20.971519999999998,223.69621333333333,20.971519999999998,0,865.6507717713296,2615.1413760000078,1,384,2.877598,2.877598,18.093922,2736.3223311264996,0.31635555574878316,GPU,591.625536,8,48,3.8127020000000003,3.8127020000000003,17.158817999999997,711.8713871264918,1.2160213030412372,PIM,original sweep
512,4096,4608,261.3374030769231,357.7200168468342,261.3374030769231,880.3948230006805,112.61556085918853,4194304,13.981013333333333,13.981013333333333,8388608,27.962026666666667,223.69621333333333,27.962026666666667,0,1104.0910363340138,3562.450943999977,1,512,2.877598,2.877598,25.084428666666668,3728.112960192499,0.29615278510150206,GPU,803.9925759999991,8,64,3.8127020000000003,3.8127020000000003,24.149324666666665,968.7194881925209,1.139742773621779,PIM,original sweep
768,4096,4864,413.78422153846157,566.3900266741541,413.78422153846157,1393.9584697510772,178.30797136038186,6291456,20.971519999999998,20.971519999999998,12582912,41.943039999999996,223.69621333333333,41.943039999999996,0,1617.6546830844106,5627.16057600006,1,768,2.877598,2.877598,39.065442,5886.477029360442,0.2748086291708789,GPU,1239.4311359999992,8,96,3.8127020000000003,3.8127020000000003,38.130337999999995,1497.812485360381,1.0800114826758136,PIM,original sweep
1024,4096,5120,580.7497846153847,794.9333707707427,580.7497846153847,1956.4329400015122,250.25680190930785,8388608,27.962026666666667,27.962026666666667,16777216,55.92405333333333,223.69621333333333,55.92405333333333,0,2180.1291533348453,7880.859648000208,1,1024,2.877598,2.877598,53.046455333333334,8240.086958576183,0.26457598861451254,GPU,1727.8753279999967,8,128,3.8127020000000003,3.8127020000000003,52.11135133333333,2086.167534575971,1.0450403034279665,PIM,original sweep
1536,4096,5632,958.2371446153846,1311.6400617717254,958.2371446153846,3228.114351002495,412.923723150358,12582912,41.943039999999996,41.943039999999996,25165824,83.88607999999999,223.69621333333333,83.88607999999999,0,3451.810564335828,13091.062272000237,1,1536,2.877598,2.877598,81.00848199999999,13668.880557150595,0.25253059677444356,GPU,2841.0428160000006,8,192,3.8127020000000003,3.8127020000000003,80.07337799999999,3417.9259971503584,1.009913780232141,PIM,experiment2 direct simulation
2048,4096,6144,1393.7994830769233,1907.8400898497825,1393.7994830769233,4695.439056003629,600.6163245823388,16777216,55.92405333333333,55.92405333333333,33554432,111.84810666666667,223.69621333333333,111.84810666666667,0,4919.135269336963,19475.36179199893,1,2048,2.877598,2.877598,108.97050866666666,20296.7967319146,0.2423601780276064,GPU,4214.070783999987,8,256,3.8127020000000003,3.8127020000000003,108.03540466666666,5034.570619915659,0.9770714606480919,GPU,experiment2 direct simulation
1,8192,8193,80.13386213674015,1.2422350133370772,80.13386213674015,161.50995928681738,0.3910739856801909,8192,0.027306666666666667,0.027306666666666667,16384,0.05461333333333333,447.39242666666667,0.05461333333333333,0,608.9023859534841,12.891516,1,1,6.068948000000001,0.05461333333333333,0,13.337203319013522,45.65442779787519,PIM,12.891516,1,1,6.068948000000001,0.05461333333333333,0,13.337203319013522,45.65442779787519,PIM,original sweep
2,8192,8194,80.77453881791381,2.4847732696897373,80.77453881791381,164.03385090551734,0.7822434367541766,16384,0.05461333333333333,0.05461333333333333,32768,0.10922666666666667,447.39242666666667,0.10922666666666667,0,611.4262775721841,25.783032,1,2,6.068948000000001,0.10922666666666667,0,26.67450210342084,22.921750336767204,PIM,15.001652,2,1,6.856404,0.10922666666666667,0,15.893122103420845,38.47112440170458,PIM,original sweep
4,8192,8196,82.05634704478452,4.970759511441808,82.05634704478452,169.08345360101083,1.5648687350835322,32768,0.10922666666666667,0.10922666666666667,65536,0.21845333333333333,447.39242666666667,0.21845333333333333,0,616.4758802676774,51.566064,1,4,6.068948000000001,0.21845333333333333,0,53.349386068416855,11.55544469578507,PIM,16.773428,4,1,6.90562,0.21845333333333333,0,18.556750068416868,33.22111242511717,PIM,original sweep
8,8192,8200,84.62178295661941,9.94637091113295,84.62178295661941,179.18993682437178,3.1312649164677806,65536,0.21845333333333333,0.21845333333333333,131072,0.43690666666666667,447.39242666666667,0.43690666666666667,0,626.5823634910384,103.13212799999998,1,8,6.068948000000001,0.43690666666666667,0,106.70029958313442,5.872358052779818,PIM,21.974944,8,1,7.796122,0.43690666666666667,0,25.543115583134448,24.53038124702207,PIM,original sweep
16,8192,8208,89.7599326126632,19.912149375263233,89.7599326126632,199.43201460058964,6.268639618138424,131072,0.43690666666666667,0.43690666666666667,262144,0.8738133333333333,447.39242666666667,0.8738133333333333,0,646.8244412672564,206.26425599999996,1,16,6.068948000000001,0.8738133333333333,0,213.4067089514717,3.0309470796175537,PIM,43.949888,8,2,7.796122,0.8738133333333333,0,51.092340951471755,12.659910061306832,PIM,original sweep
32,8192,8224,100.06534325424681,39.9019289625158,100.06534325424681,240.03261547100942,12.561718377088305,262144,0.8738133333333333,0.8738133333333333,524288,1.7476266666666667,447.39242666666667,1.7476266666666667,0,687.4250421376761,413.1191039999999,1,32,6.068948000000001,1.7476266666666667,0,427.4284490437548,1.6082809735186954,PIM,87.94283999999999,8,4,7.796122,1.7476266666666667,0,102.25218504375495,6.722839632654487,PIM,original sweep
48,8192,8240,110.40956900182509,59.96933876175769,110.40956900182509,280.7884767654079,18.879236276849642,393216,1.3107199999999999,1.3107199999999999,786432,2.6214399999999998,447.39242666666667,2.6214399999999998,0,728.1809034320745,620.5645440000004,1,48,6.068948000000001,2.6214399999999998,0,642.0652202768499,1.1341229526777554,PIM,133.85214,8,6,7.796122,2.6214399999999998,0,155.35281627684964,4.687271984399723,PIM,original sweep
64,8192,8256,120.79260985539801,80.11437877298891,120.79260985539801,321.69959848378494,25.221193317422436,524288,1.7476266666666667,1.7476266666666667,1048576,3.4952533333333333,447.39242666666667,3.4952533333333333,0,769.0920251504516,828.6005759999993,1,64,6.068948000000001,3.4952533333333333,0,857.317022650755,0.8970917464959242,GPU,178.62947200000005,8,8,7.796122,3.4952533333333333,0,207.3459186507558,3.7092219135785154,PIM,original sweep
96,8192,8288,141.67513688052787,120.63734943141935,141.67513688052787,403.9876231924751,37.978424821002385,786432,2.6214399999999998,2.6214399999999998,1572864,5.2428799999999995,447.39242666666667,5.2428799999999995,0,851.3800498591418,1246.444415999999,1,96,6.068948000000001,5.2428799999999995,0,1289.665720821001,0.6601556016524602,GPU,268.5348000000001,8,12,7.796122,5.2428799999999995,0,311.75610482100245,2.7309170107445664,PIM,original sweep
128,8192,8320,162.7129243296364,161.4708409378071,162.7129243296364,486.8966895970799,50.83341288782816,1048576,3.4952533333333333,3.4952533333333333,2097152,6.990506666666667,447.39242666666667,6.990506666666667,0,934.2891162637466,1668.422400000003,1,128,6.068948000000001,6.068948000000001,0.921558666666666,1727.1678782211645,0.5409370612114351,GPU,358.5754720000001,8,16,7.796122,6.990506666666667,0,416.3993915544949,2.2437331447000313,PIM,original sweep
192,8192,8384,205.25428049978942,244.0693864944546,205.25428049978942,654.5779474940334,76.83665871121718,1572864,5.2428799999999995,5.2428799999999995,3145728,10.485759999999999,447.39242666666667,10.485759999999999,0,1101.9703741607,2514.150144000007,1,192,6.068948000000001,6.068948000000001,4.416811999999998,2605.889374711224,0.42287688220948244,GPU,540.6131520000001,8,24,7.796122,7.796122,2.6896379999999986,630.6252087112173,1.7474251884296719,PIM,original sweep
256,8192,8448,248.41667836585708,327.91001544293135,248.41667836585708,824.7433721746454,103.2309307875895,2097152,6.990506666666667,6.990506666666667,4194304,13.981013333333333,447.39242666666667,13.981013333333333,0,1272.135798841312,3371.0991360000066,1,256,6.068948000000001,6.068948000000001,7.912065333333333,3496.2231454542625,0.3638600129100238,GPU,724.6563840000005,8,32,7.796122,7.796122,6.184891333333333,848.0532194542566,1.5000659978155182,PIM,original sweep
384,8192,8576,364.78345846153854,499.3175235153727,364.78345846153854,1228.88444043845,157.19255369928402,3145728,10.485759999999999,10.485759999999999,6291456,20.971519999999998,447.39242666666667,20.971519999999998,0,1676.2768671051167,5144.646912000014,1,384,6.068948000000001,6.068948000000001,14.902571999999997,5337.713557699297,0.3140439907434146,GPU,1107.7291199999995,8,48,7.796122,7.796122,13.175397999999998,1299.0685916992836,1.2903682513888008,PIM,original sweep
512,8192,8704,493.637316923077,675.6933651551312,493.637316923077,1662.967999001285,212.7182816229117,4194304,13.981013333333333,13.981013333333333,8388608,27.962026666666667,447.39242666666667,27.962026666666667,0,2110.360425667952,6932.762624000068,1,512,6.068948000000001,6.068948000000001,21.893078666666668,7195.336010956313,0.29329560460477644,GPU,1492.0322560000013,8,64,7.796122,7.796122,20.165904666666666,1752.8784689562463,1.2039399553607208,PIM,original sweep
768,8192,8960,762.2340923076924,1043.3500491365999,762.2340923076924,2567.8182337519847,328.4620525059666,6291456,20.971519999999998,20.971519999999998,12582912,41.943039999999996,447.39242666666667,41.943039999999996,0,3015.2106604186515,10684.990464000064,1,768,6.068948000000001,6.068948000000001,35.874092,11091.26964850603,0.27185441847271236,GPU,2337.26784,8,96,7.796122,7.796122,34.146918,2741.8198505059668,1.099711441604099,PIM,original sweep
1024,8192,9216,1045.3496123076925,1430.8800673873368,1045.3496123076925,3521.579292002722,450.46224343675414,8388608,27.962026666666667,27.962026666666667,16777216,55.92405333333333,447.39242666666667,55.92405333333333,0,3968.971718669389,14627.782656000407,1,1024,6.068948000000001,6.068948000000001,49.855105333333334,15184.024058103827,0.26139129544852896,GPU,3189.8858239999977,8,128,7.796122,7.796122,48.127931333333336,3744.4000521034186,1.059975340092151,PIM,original sweep
1536,8192,9728,1655.1368861538463,2265.5601066966165,1655.1368861538463,5575.833879004309,713.2318854415274,12582912,41.943039999999996,41.943039999999996,25165824,83.88607999999999,447.39242666666667,83.88607999999999,0,6023.226305670975,23085.060095999514,1,1536,6.068948000000001,6.068948000000001,77.81713199999999,23959.995193441042,0.25138679106746276,GPU,4969.831680000002,8,192,7.796122,7.796122,76.089958,5843.039603441529,1.0308378368894362,PIM,experiment2 direct simulation
2048,8192,10240,2322.9991384615387,3179.733483082971,2322.9991384615387,7825.731760006049,1001.0272076372314,16777216,55.92405333333333,55.92405333333333,33554432,111.84810666666667,447.39242666666667,111.84810666666667,0,8273.124186672716,31975.438335999854,1,2048,6.068948000000001,6.068948000000001,105.77915866666666,33194.09280897042,0.24923483326638696,GPU,6966.229503999983,8,256,7.796122,7.796122,104.05198466666667,8183.156802970547,1.0109942148083377,PIM,experiment2 direct simulation
