q,cached,total_kv,link_GBps_one_way,pim_mode,gpu_qk_us,gpu_softmax_us,gpu_pv_us,gpu_attention_us,pim_scan_us,pim_softmax_us,q_input_us,output_us,new_kv_transfer_us,cached_kv_readback_us,pim_kv_overlap_window_us,pim_new_kv_hidden_us,pim_new_kv_exposed_us,gpu_new_kv_hidden_us,gpu_new_kv_exposed_us,gpu_service_us,pim_service_us,gpu_over_pim_latency_ratio,signed_faster_side_latency_reduction,winner,shape_data_source,link_pricing,heatmap
128,1024,1152,32,mq,23.599584444756424,22.357501052927137,23.599584444756424,69.55666994243998,47.23505599999999,7.038472553699283,32.768,32.768,65.536,524.288,1.0996700000000001,1.0996700000000001,64.43633,65.536,0,593.84466994244,184.24585855369926,3.22311000423036,0.6897406546200747,PIM,original sweep,Analytical transfer and overlap terms; native scan and GPU operator costs unchanged,link_Q
192,1024,1216,32,mq,31.36260564368946,35.39937666713463,31.36260564368946,98.12458795451356,73.15958400000001,11.144248210023866,49.152,49.152,98.304,524.288,1.0996700000000001,1.0996700000000001,97.20433,98.304,0,622.4125879545136,279.81216221002387,2.224394333107428,0.5504394229403459,PIM,original sweep,Analytical transfer and overlap terms; native scan and GPU operator costs unchanged,link_Q
256,1024,1280,32,mq,39.746668538537136,49.68333567317142,39.746668538537136,129.1766727502457,101.38495999999998,15.64105011933174,65.536,65.536,131.072,524.288,1.0996700000000001,1.0996700000000001,129.97233,131.072,0,653.4646727502457,378.0703401193317,1.7284208873512539,0.4214372162948887,PIM,original sweep,Analytical transfer and overlap terms; native scan and GPU operator costs unchanged,link_Q
384,1024,1408,32,mq,59.88982153846154,81.97750386073284,59.88982153846154,201.75714693765593,169.31534400000004,25.807732696897375,98.304,98.304,196.608,524.288,1.0996700000000001,1.0996700000000001,195.50833,196.608,0,726.045146937656,587.2394066968974,1.236369934745205,0.19118059094013554,PIM,original sweep,Analytical transfer and overlap terms; native scan and GPU operator costs unchanged,link_Q
512,1024,1536,32,mq,87.1124676923077,119.24000561561141,87.1124676923077,293.4649410002268,239.5834880000002,37.53852028639618,131.072,131.072,262.144,524.288,1.0996700000000001,1.0996700000000001,261.04433,262.144,0,817.7529410002269,800.3103382863965,1.02179479869169,0.02132991743508211,PIM,original sweep,Analytical transfer and overlap terms; native scan and GPU operator costs unchanged,link_Q
768,1024,1792,32,mq,152.4468184615385,208.67000982731997,152.4468184615385,513.563646750397,451.8767039999996,65.69241050119332,196.608,196.608,393.216,524.288,1.0996700000000001,1.0996700000000001,392.11633,393.216,0,1037.8516467503969,1302.901444501193,0.7965695725724913,-0.2034304274275087,GPU,original sweep,Analytical transfer and overlap terms; native scan and GPU operator costs unchanged,link_Q
1024,1024,2048,32,mq,232.29991384615388,317.9733483082971,232.29991384615388,782.5731760006049,684.102400000002,100.10272076372314,262.144,262.144,524.288,524.288,1.0996700000000001,1.0996700000000001,523.1883300000001,524.288,0,1306.861176000605,1831.681450763725,0.7134762299720321,-0.28652377002796786,GPU,original sweep,Analytical transfer and overlap terms; native scan and GPU operator costs unchanged,link_Q
1536,1024,2560,32,mq,435.5623384615385,596.200028078057,435.5623384615385,1467.324705001134,1269.3298559999976,187.6926014319809,393.216,393.216,786.432,524.288,1.0996700000000001,1.0996700000000001,785.3323300000001,786.432,0,1991.612705001134,3028.7867874319786,0.6575612100744025,-0.3424387899255975,GPU,supplement,Analytical transfer and overlap terms; native scan and GPU operator costs unchanged,link_Q
2048,1024,3072,32,mq,696.8997415384616,953.9200449248913,696.8997415384616,2347.7195280018145,1939.1104000000041,300.3081622911694,524.288,524.288,1048.576,524.288,1.0996700000000001,1.0996700000000001,1047.47633,1048.576,0,2872.0075280018145,4335.470892291174,0.662444195648616,-0.33755580435138394,GPU,supplement,Analytical transfer and overlap terms; native scan and GPU operator costs unchanged,link_Q
128,1024,1152,48,mq,23.599584444756424,22.357501052927137,23.599584444756424,69.55666994243998,47.23505599999999,7.038472553699283,21.845333333333333,21.845333333333333,43.690666666666665,349.5253333333333,1.0996700000000001,1.0996700000000001,42.59099666666666,43.690666666666665,0,419.08200327577333,140.5551918870326,2.981618805035669,0.6646117208842741,PIM,original sweep,Analytical transfer and overlap terms; native scan and GPU operator costs unchanged,link_Q
192,1024,1216,48,mq,31.36260564368946,35.39937666713463,31.36260564368946,98.12458795451356,73.15958400000001,11.144248210023866,32.768,32.768,65.536,349.5253333333333,1.0996700000000001,1.0996700000000001,64.43633,65.536,0,447.6499212878469,214.27616221002387,2.089126091632538,0.5213309507715953,PIM,original sweep,Analytical transfer and overlap terms; native scan and GPU operator costs unchanged,link_Q
256,1024,1280,48,mq,39.746668538537136,49.68333567317142,39.746668538537136,129.1766727502457,101.38495999999998,15.64105011933174,43.690666666666665,43.690666666666665,87.38133333333333,349.5253333333333,1.0996700000000001,1.0996700000000001,86.28166333333333,87.38133333333333,0,478.702006083579,290.68900678599834,1.646784002519894,0.3927558207574224,PIM,original sweep,Analytical transfer and overlap terms; native scan and GPU operator costs unchanged,link_Q
384,1024,1408,48,mq,59.88982153846154,81.97750386073284,59.88982153846154,201.75714693765593,169.31534400000004,25.807732696897375,65.536,65.536,131.072,349.5253333333333,1.0996700000000001,1.0996700000000001,129.97233,131.072,0,551.2824802709893,456.16740669689744,1.2085091397976433,0.1725341852462587,PIM,original sweep,Analytical transfer and overlap terms; native scan and GPU operator costs unchanged,link_Q
512,1024,1536,48,mq,87.1124676923077,119.24000561561141,87.1124676923077,293.4649410002268,239.5834880000002,37.53852028639618,87.38133333333333,87.38133333333333,174.76266666666666,349.5253333333333,1.0996700000000001,1.0996700000000001,173.66299666666666,174.76266666666666,0,642.9902743335601,625.5476716197297,1.0278837305375406,0.027127319665774318,PIM,original sweep,Analytical transfer and overlap terms; native scan and GPU operator costs unchanged,link_Q
768,1024,1792,48,mq,152.4468184615385,208.67000982731997,152.4468184615385,513.563646750397,451.8767039999996,65.69241050119332,131.072,131.072,262.144,349.5253333333333,1.0996700000000001,1.0996700000000001,261.04433,262.144,0,863.0889800837303,1040.7574445011928,0.829289268737718,-0.17071073126228198,GPU,original sweep,Analytical transfer and overlap terms; native scan and GPU operator costs unchanged,link_Q
1024,1024,2048,48,mq,232.29991384615388,317.9733483082971,232.29991384615388,782.5731760006049,684.102400000002,100.10272076372314,174.76266666666666,174.76266666666666,349.5253333333333,349.5253333333333,1.0996700000000001,1.0996700000000001,348.4256633333333,349.5253333333333,0,1132.0985093339382,1482.156117430392,0.7638186666170179,-0.2361813333829821,GPU,original sweep,Analytical transfer and overlap terms; native scan and GPU operator costs unchanged,link_Q
1536,1024,2560,48,mq,435.5623384615385,596.200028078057,435.5623384615385,1467.324705001134,1269.3298559999976,187.6926014319809,262.144,262.144,524.288,349.5253333333333,1.0996700000000001,1.0996700000000001,523.1883300000001,524.288,0,1816.8500383344672,2504.4987874319786,0.725434584936413,-0.27456541506358695,GPU,supplement,Analytical transfer and overlap terms; native scan and GPU operator costs unchanged,link_Q
2048,1024,3072,48,mq,696.8997415384616,953.9200449248913,696.8997415384616,2347.7195280018145,1939.1104000000041,300.3081622911694,349.5253333333333,349.5253333333333,699.0506666666666,349.5253333333333,1.0996700000000001,1.0996700000000001,697.9509966666667,699.0506666666666,0,2697.244861335148,3636.420225624507,0.7417307940178811,-0.2582692059821189,GPU,supplement,Analytical transfer and overlap terms; native scan and GPU operator costs unchanged,link_Q
128,1024,1152,64,mq,23.599584444756424,22.357501052927137,23.599584444756424,69.55666994243998,47.23505599999999,7.038472553699283,16.384,16.384,32.768,262.144,1.0996700000000001,1.0996700000000001,31.66833,32.768,0,331.70066994243996,118.70985855369926,2.794213336480329,0.6421175194662736,PIM,original sweep,Analytical transfer and overlap terms; native scan and GPU operator costs unchanged,link_Q
192,1024,1216,64,mq,31.36260564368946,35.39937666713463,31.36260564368946,98.12458795451356,73.15958400000001,11.144248210023866,24.576,24.576,49.152,262.144,1.0996700000000001,1.0996700000000001,48.05233,49.152,0,360.2685879545136,181.5081622100239,1.984861636897878,0.4961865444873574,PIM,original sweep,Analytical transfer and overlap terms; native scan and GPU operator costs unchanged,link_Q
256,1024,1280,64,mq,39.746668538537136,49.68333567317142,39.746668538537136,129.1766727502457,101.38495999999998,15.64105011933174,32.768,32.768,65.536,262.144,1.0996700000000001,1.0996700000000001,64.43633,65.536,0,391.3206727502457,246.99834011933171,1.584304868450484,0.3688083525375759,PIM,original sweep,Analytical transfer and overlap terms; native scan and GPU operator costs unchanged,link_Q
384,1024,1408,64,mq,59.88982153846154,81.97750386073284,59.88982153846154,201.75714693765593,169.31534400000004,25.807732696897375,49.152,49.152,98.304,262.144,1.0996700000000001,1.0996700000000001,97.20433,98.304,0,463.90114693765594,390.63140669689744,1.1875674586954312,0.15794257186996194,PIM,original sweep,Analytical transfer and overlap terms; native scan and GPU operator costs unchanged,link_Q
512,1024,1536,64,mq,87.1124676923077,119.24000561561141,87.1124676923077,293.4649410002268,239.5834880000002,37.53852028639618,65.536,65.536,131.072,262.144,1.0996700000000001,1.0996700000000001,129.97233,131.072,0,555.6089410002269,538.1663382863965,1.0324111737820139,0.031393668148013636,PIM,original sweep,Analytical transfer and overlap terms; native scan and GPU operator costs unchanged,link_Q
768,1024,1792,64,mq,152.4468184615385,208.67000982731997,152.4468184615385,513.563646750397,451.8767039999996,65.69241050119332,98.304,98.304,196.608,262.144,1.0996700000000001,1.0996700000000001,195.50833,196.608,0,775.707646750397,909.6854445011929,0.8527207414819528,-0.1472792585180473,GPU,original sweep,Analytical transfer and overlap terms; native scan and GPU operator costs unchanged,link_Q
1024,1024,2048,64,mq,232.29991384615388,317.9733483082971,232.29991384615388,782.5731760006049,684.102400000002,100.10272076372314,131.072,131.072,262.144,262.144,1.0996700000000001,1.0996700000000001,261.04433,262.144,0,1044.717176000605,1307.3934507637252,0.7990839906612078,-0.20091600933879214,GPU,original sweep,Analytical transfer and overlap terms; native scan and GPU operator costs unchanged,link_Q
1536,1024,2560,64,mq,435.5623384615385,596.200028078057,435.5623384615385,1467.324705001134,1269.3298559999976,187.6926014319809,196.608,196.608,393.216,262.144,1.0996700000000001,1.0996700000000001,392.11633,393.216,0,1729.468705001134,2242.3547874319784,0.77127344642093,-0.22872655357906996,GPU,supplement,Analytical transfer and overlap terms; native scan and GPU operator costs unchanged,link_Q
2048,1024,3072,64,mq,696.8997415384616,953.9200449248913,696.8997415384616,2347.7195280018145,1939.1104000000041,300.3081622911694,262.144,262.144,524.288,262.144,1.0996700000000001,1.0996700000000001,523.1883300000001,524.288,0,2609.8635280018143,3286.8948922911736,0.7940209874440416,-0.20597901255595844,GPU,supplement,Analytical transfer and overlap terms; native scan and GPU operator costs unchanged,link_Q
128,1024,1152,96,mq,23.599584444756424,22.357501052927137,23.599584444756424,69.55666994243998,47.23505599999999,7.038472553699283,10.922666666666666,10.922666666666666,21.845333333333333,174.76266666666666,1.0996700000000001,1.0996700000000001,20.745663333333333,21.845333333333333,0,244.31933660910664,96.86452522036595,2.522278781145959,0.6035331195445156,PIM,original sweep,Analytical transfer and overlap terms; native scan and GPU operator costs unchanged,link_Q
192,1024,1216,96,mq,31.36260564368946,35.39937666713463,31.36260564368946,98.12458795451356,73.15958400000001,11.144248210023866,16.384,16.384,32.768,174.76266666666666,1.0996700000000001,1.0996700000000001,31.66833,32.768,0,272.8872546211802,148.74016221002387,1.8346575031689043,0.4549391380828551,PIM,original sweep,Analytical transfer and overlap terms; native scan and GPU operator costs unchanged,link_Q
256,1024,1280,96,mq,39.746668538537136,49.68333567317142,39.746668538537136,129.1766727502457,101.38495999999998,15.64105011933174,21.845333333333333,21.845333333333333,43.690666666666665,174.76266666666666,1.0996700000000001,1.0996700000000001,42.59099666666666,43.690666666666665,0,303.9393394169124,203.30767345266503,1.4949722962014853,0.3310912834031376,PIM,original sweep,Analytical transfer and overlap terms; native scan and GPU operator costs unchanged,link_Q
384,1024,1408,96,mq,59.88982153846154,81.97750386073284,59.88982153846154,201.75714693765593,169.31534400000004,25.807732696897375,32.768,32.768,65.536,174.76266666666666,1.0996700000000001,1.0996700000000001,64.43633,65.536,0,376.5198136043226,325.0954066968974,1.1581825084208919,0.1365782225778592,PIM,original sweep,Analytical transfer and overlap terms; native scan and GPU operator costs unchanged,link_Q
512,1024,1536,96,mq,87.1124676923077,119.24000561561141,87.1124676923077,293.4649410002268,239.5834880000002,37.53852028639618,43.690666666666665,43.690666666666665,87.38133333333333,174.76266666666666,1.0996700000000001,1.0996700000000001,86.28166333333333,87.38133333333333,0,468.2276076668935,450.78500495306304,1.0386938396845002,0.03725240124294312,PIM,original sweep,Analytical transfer and overlap terms; native scan and GPU operator costs unchanged,link_Q
768,1024,1792,96,mq,152.4468184615385,208.67000982731997,152.4468184615385,513.563646750397,451.8767039999996,65.69241050119332,65.536,65.536,131.072,174.76266666666666,1.0996700000000001,1.0996700000000001,129.97233,131.072,0,688.3263134170636,778.613444501193,0.8840411352748082,-0.11595886472519175,GPU,original sweep,Analytical transfer and overlap terms; native scan and GPU operator costs unchanged,link_Q
1024,1024,2048,96,mq,232.29991384615388,317.9733483082971,232.29991384615388,782.5731760006049,684.102400000002,100.10272076372314,87.38133333333333,87.38133333333333,174.76266666666666,174.76266666666666,1.0996700000000001,1.0996700000000001,173.66299666666666,174.76266666666666,0,957.3358426672715,1132.6307840970585,0.8452320527650735,-0.15476794723492648,GPU,original sweep,Analytical transfer and overlap terms; native scan and GPU operator costs unchanged,link_Q
1536,1024,2560,96,mq,435.5623384615385,596.200028078057,435.5623384615385,1467.324705001134,1269.3298559999976,187.6926014319809,131.072,131.072,262.144,174.76266666666666,1.0996700000000001,1.0996700000000001,261.04433,262.144,0,1642.0873716678007,1980.2107874319784,0.8292487759837575,-0.17075122401624251,GPU,supplement,Analytical transfer and overlap terms; native scan and GPU operator costs unchanged,link_Q
2048,1024,3072,96,mq,696.8997415384616,953.9200449248913,696.8997415384616,2347.7195280018145,1939.1104000000041,300.3081622911694,174.76266666666666,174.76266666666666,349.5253333333333,174.76266666666666,1.0996700000000001,1.0996700000000001,348.4256633333333,349.5253333333333,0,2522.482194668481,2937.3695589578406,0.8587554762988152,-0.14124452370118482,GPU,supplement,Analytical transfer and overlap terms; native scan and GPU operator costs unchanged,link_Q
128,1024,1152,128,mq,23.599584444756424,22.357501052927137,23.599584444756424,69.55666994243998,47.23505599999999,7.038472553699283,8.192,8.192,16.384,131.072,1.0996700000000001,1.0996700000000001,15.28433,16.384,0,200.62866994243998,85.94185855369928,2.3344697603564235,0.5716372013114783,PIM,original sweep,Analytical transfer and overlap terms; native scan and GPU operator costs unchanged,link_Q
192,1024,1216,128,mq,31.36260564368946,35.39937666713463,31.36260564368946,98.12458795451356,73.15958400000001,11.144248210023866,12.288,12.288,24.576,131.072,1.0996700000000001,1.0996700000000001,23.47633,24.576,0,229.19658795451357,132.35616221002388,1.7316654104160445,0.4225212365016039,PIM,original sweep,Analytical transfer and overlap terms; native scan and GPU operator costs unchanged,link_Q
256,1024,1280,128,mq,39.746668538537136,49.68333567317142,39.746668538537136,129.1766727502457,101.38495999999998,15.64105011933174,16.384,16.384,32.768,131.072,1.0996700000000001,1.0996700000000001,31.66833,32.768,0,260.2486727502457,181.4623401193317,1.434174565251959,0.3027348105114961,PIM,original sweep,Analytical transfer and overlap terms; native scan and GPU operator costs unchanged,link_Q
384,1024,1408,128,mq,59.88982153846154,81.97750386073284,59.88982153846154,201.75714693765593,169.31534400000004,25.807732696897375,24.576,24.576,49.152,131.072,1.0996700000000001,1.0996700000000001,48.05233,49.152,0,332.82914693765593,292.3274066968974,1.1385492407242992,0.12168928296518793,PIM,original sweep,Analytical transfer and overlap terms; native scan and GPU operator costs unchanged,link_Q
512,1024,1536,128,mq,87.1124676923077,119.24000561561141,87.1124676923077,293.4649410002268,239.5834880000002,37.53852028639618,32.768,32.768,65.536,131.072,1.0996700000000001,1.0996700000000001,64.43633,65.536,0,424.5369410002268,407.09433828639635,1.0428465863397967,0.04108618362570514,PIM,original sweep,Analytical transfer and overlap terms; native scan and GPU operator costs unchanged,link_Q
768,1024,1792,128,mq,152.4468184615385,208.67000982731997,152.4468184615385,513.563646750397,451.8767039999996,65.69241050119332,49.152,49.152,98.304,131.072,1.0996700000000001,1.0996700000000001,97.20433,98.304,0,644.635646750397,713.077444501193,0.9040191240396449,-0.09598087596035512,GPU,original sweep,Analytical transfer and overlap terms; native scan and GPU operator costs unchanged,link_Q
1024,1024,2048,128,mq,232.29991384615388,317.9733483082971,232.29991384615388,782.5731760006049,684.102400000002,100.10272076372314,65.536,65.536,131.072,131.072,1.0996700000000001,1.0996700000000001,129.97233,131.072,0,913.6451760006049,1045.2494507637252,0.8740929500924761,-0.1259070499075239,GPU,original sweep,Analytical transfer and overlap terms; native scan and GPU operator costs unchanged,link_Q
1536,1024,2560,128,mq,435.5623384615385,596.200028078057,435.5623384615385,1467.324705001134,1269.3298559999976,187.6926014319809,98.304,98.304,196.608,131.072,1.0996700000000001,1.0996700000000001,195.50833,196.608,0,1598.3967050011338,1849.1387874319785,0.864400614959212,-0.135599385040788,GPU,supplement,Analytical transfer and overlap terms; native scan and GPU operator costs unchanged,link_Q
2048,1024,3072,128,mq,696.8997415384616,953.9200449248913,696.8997415384616,2347.7195280018145,1939.1104000000041,300.3081622911694,131.072,131.072,262.144,131.072,1.0996700000000001,1.0996700000000001,261.04433,262.144,0,2478.7915280018146,2762.606892291174,0.8972653818097237,-0.10273461819027627,GPU,supplement,Analytical transfer and overlap terms; native scan and GPU operator costs unchanged,link_Q
128,1024,1152,150,mq,23.599584444756424,22.357501052927137,23.599584444756424,69.55666994243998,47.23505599999999,7.038472553699283,6.9905066666666675,6.9905066666666675,13.981013333333335,111.84810666666668,1.0996700000000001,1.0996700000000001,12.881343333333335,13.981013333333335,0,181.40477660910665,81.13588522036595,2.235814351644889,0.5527356735749103,PIM,original sweep,Analytical transfer and overlap terms; native scan and GPU operator costs unchanged,link_Q
192,1024,1216,150,mq,31.36260564368946,35.39937666713463,31.36260564368946,98.12458795451356,73.15958400000001,11.144248210023866,10.48576,10.48576,20.97152,111.84810666666668,1.0996700000000001,1.0996700000000001,19.871850000000002,20.97152,0,209.97269462118024,125.14720221002386,1.6778057432622504,0.4039834444387795,PIM,original sweep,Analytical transfer and overlap terms; native scan and GPU operator costs unchanged,link_Q
256,1024,1280,150,mq,39.746668538537136,49.68333567317142,39.746668538537136,129.1766727502457,101.38495999999998,15.64105011933174,13.981013333333335,13.981013333333335,27.96202666666667,111.84810666666668,1.0996700000000001,1.0996700000000001,26.86235666666667,27.96202666666667,0,241.0247794169124,171.85039345266506,1.4025267825953562,0.2870011379394025,PIM,original sweep,Analytical transfer and overlap terms; native scan and GPU operator costs unchanged,link_Q
384,1024,1408,150,mq,59.88982153846154,81.97750386073284,59.88982153846154,201.75714693765593,169.31534400000004,25.807732696897375,20.97152,20.97152,41.94304,111.84810666666668,1.0996700000000001,1.0996700000000001,40.84337,41.94304,0,313.6052536043226,277.90948669689743,1.128443858940148,0.11382388049041656,PIM,original sweep,Analytical transfer and overlap terms; native scan and GPU operator costs unchanged,link_Q
512,1024,1536,150,mq,87.1124676923077,119.24000561561141,87.1124676923077,293.4649410002268,239.5834880000002,37.53852028639618,27.96202666666667,27.96202666666667,55.92405333333334,111.84810666666668,1.0996700000000001,1.0996700000000001,54.82438333333334,55.92405333333334,0,405.3130476668935,387.87044495306304,1.0449701773898787,0.04303489072023575,PIM,original sweep,Analytical transfer and overlap terms; native scan and GPU operator costs unchanged,link_Q
768,1024,1792,150,mq,152.4468184615385,208.67000982731997,152.4468184615385,513.563646750397,451.8767039999996,65.69241050119332,41.94304,41.94304,83.88608,111.84810666666668,1.0996700000000001,1.0996700000000001,82.78641,83.88608,0,625.4117534170637,684.241604501193,0.9140218152519155,-0.08597818474808452,GPU,original sweep,Analytical transfer and overlap terms; native scan and GPU operator costs unchanged,link_Q
1024,1024,2048,150,mq,232.29991384615388,317.9733483082971,232.29991384615388,782.5731760006049,684.102400000002,100.10272076372314,55.92405333333334,55.92405333333334,111.84810666666668,111.84810666666668,1.0996700000000001,1.0996700000000001,110.74843666666668,111.84810666666668,0,894.4212826672716,1006.8016640970585,0.8883788282863296,-0.11162117171367042,GPU,original sweep,Analytical transfer and overlap terms; native scan and GPU operator costs unchanged,link_Q
1536,1024,2560,150,mq,435.5623384615385,596.200028078057,435.5623384615385,1467.324705001134,1269.3298559999976,187.6926014319809,83.88608,83.88608,167.77216,111.84810666666668,1.0996700000000001,1.0996700000000001,166.67249,167.77216,0,1579.1728116678005,1791.4671074319783,0.8814969614103068,-0.11850303858969323,GPU,supplement,Analytical transfer and overlap terms; native scan and GPU operator costs unchanged,link_Q
2048,1024,3072,150,mq,696.8997415384616,953.9200449248913,696.8997415384616,2347.7195280018145,1939.1104000000041,300.3081622911694,111.84810666666668,111.84810666666668,223.69621333333336,111.84810666666668,1.0996700000000001,1.0996700000000001,222.59654333333336,223.69621333333336,0,2459.5676346684813,2685.7113189578404,0.9157974713465811,-0.08420252865341891,GPU,supplement,Analytical transfer and overlap terms; native scan and GPU operator costs unchanged,link_Q
128,1024,1152,192,mq,23.599584444756424,22.357501052927137,23.599584444756424,69.55666994243998,47.23505599999999,7.038472553699283,5.461333333333333,5.461333333333333,10.922666666666666,87.38133333333333,1.0996700000000001,1.0996700000000001,9.822996666666667,10.922666666666666,0,156.93800327577333,75.0191918870326,2.0919713919619114,0.5219819908425368,PIM,original sweep,Analytical transfer and overlap terms; native scan and GPU operator costs unchanged,link_Q
192,1024,1216,192,mq,31.36260564368946,35.39937666713463,31.36260564368946,98.12458795451356,73.15958400000001,11.144248210023866,8.192,8.192,16.384,87.38133333333333,1.0996700000000001,1.0996700000000001,15.28433,16.384,0,185.5059212878469,115.97216221002387,1.5995728436268906,0.37483309748333304,PIM,original sweep,Analytical transfer and overlap terms; native scan and GPU operator costs unchanged,link_Q
256,1024,1280,192,mq,39.746668538537136,49.68333567317142,39.746668538537136,129.1766727502457,101.38495999999998,15.64105011933174,10.922666666666666,10.922666666666666,21.845333333333333,87.38133333333333,1.0996700000000001,1.0996700000000001,20.745663333333333,21.845333333333333,0,216.55800608357902,159.6170067859984,1.3567351652817454,0.26293647751635024,PIM,original sweep,Analytical transfer and overlap terms; native scan and GPU operator costs unchanged,link_Q
384,1024,1408,192,mq,59.88982153846154,81.97750386073284,59.88982153846154,201.75714693765593,169.31534400000004,25.807732696897375,16.384,16.384,32.768,87.38133333333333,1.0996700000000001,1.0996700000000001,31.66833,32.768,0,289.13848027098925,259.55940669689744,1.1139587809608187,0.1023007160664655,PIM,original sweep,Analytical transfer and overlap terms; native scan and GPU operator costs unchanged,link_Q
512,1024,1536,192,mq,87.1124676923077,119.24000561561141,87.1124676923077,293.4649410002268,239.5834880000002,37.53852028639618,21.845333333333333,21.845333333333333,43.690666666666665,87.38133333333333,1.0996700000000001,1.0996700000000001,42.59099666666666,43.690666666666665,0,380.84627433356013,363.4036716197297,1.0479978714471618,0.04579958867748695,PIM,original sweep,Analytical transfer and overlap terms; native scan and GPU operator costs unchanged,link_Q
768,1024,1792,192,mq,152.4468184615385,208.67000982731997,152.4468184615385,513.563646750397,451.8767039999996,65.69241050119332,32.768,32.768,65.536,87.38133333333333,1.0996700000000001,1.0996700000000001,64.43633,65.536,0,600.9449800837303,647.5414445011929,0.92804095426918,-0.07195904573082,GPU,original sweep,Analytical transfer and overlap terms; native scan and GPU operator costs unchanged,link_Q
1024,1024,2048,192,mq,232.29991384615388,317.9733483082971,232.29991384615388,782.5731760006049,684.102400000002,100.10272076372314,43.690666666666665,43.690666666666665,87.38133333333333,87.38133333333333,1.0996700000000001,1.0996700000000001,86.28166333333333,87.38133333333333,0,869.9545093339383,957.8681174303919,0.9082195069481032,-0.09178049305189682,GPU,original sweep,Analytical transfer and overlap terms; native scan and GPU operator costs unchanged,link_Q
1536,1024,2560,192,mq,435.5623384615385,596.200028078057,435.5623384615385,1467.324705001134,1269.3298559999976,187.6926014319809,65.536,65.536,131.072,87.38133333333333,1.0996700000000001,1.0996700000000001,129.97233,131.072,0,1554.7060383344672,1718.0667874319786,0.9049159495471714,-0.09508405045282861,GPU,supplement,Analytical transfer and overlap terms; native scan and GPU operator costs unchanged,link_Q
2048,1024,3072,192,mq,696.8997415384616,953.9200449248913,696.8997415384616,2347.7195280018145,1939.1104000000041,300.3081622911694,87.38133333333333,87.38133333333333,174.76266666666666,87.38133333333333,1.0996700000000001,1.0996700000000001,173.66299666666666,174.76266666666666,0,2435.100861335148,2587.8442256245066,0.9409766002231071,-0.05902339977689281,GPU,supplement,Analytical transfer and overlap terms; native scan and GPU operator costs unchanged,link_Q
128,1024,1152,225,mq,23.599584444756424,22.357501052927137,23.599584444756424,69.55666994243998,47.23505599999999,7.038472553699283,4.6603377777777775,4.6603377777777775,9.320675555555555,74.56540444444444,1.0996700000000001,1.0996700000000001,8.221005555555555,9.320675555555555,0,144.12207438688444,71.81520966481038,2.006846113233651,0.5017056896362172,PIM,original sweep,Analytical transfer and overlap terms; native scan and GPU operator costs unchanged,link_Q
192,1024,1216,225,mq,31.36260564368946,35.39937666713463,31.36260564368946,98.12458795451356,73.15958400000001,11.144248210023866,6.9905066666666675,6.9905066666666675,13.981013333333335,74.56540444444444,1.0996700000000001,1.0996700000000001,12.881343333333335,13.981013333333335,0,172.689992398958,111.16618887669054,1.553439891606897,0.3562673358635152,PIM,original sweep,Analytical transfer and overlap terms; native scan and GPU operator costs unchanged,link_Q
256,1024,1280,225,mq,39.746668538537136,49.68333567317142,39.746668538537136,129.1766727502457,101.38495999999998,15.64105011933174,9.320675555555555,9.320675555555555,18.64135111111111,74.56540444444444,1.0996700000000001,1.0996700000000001,17.54168111111111,18.64135111111111,0,203.74207719469013,153.20904234155392,1.329830629320698,0.24802453940257158,PIM,original sweep,Analytical transfer and overlap terms; native scan and GPU operator costs unchanged,link_Q
384,1024,1408,225,mq,59.88982153846154,81.97750386073284,59.88982153846154,201.75714693765593,169.31534400000004,25.807732696897375,13.981013333333335,13.981013333333335,27.96202666666667,74.56540444444444,1.0996700000000001,1.0996700000000001,26.86235666666667,27.96202666666667,0,276.32255138210036,249.94746003023076,1.1055225420121475,0.09545037572918895,PIM,original sweep,Analytical transfer and overlap terms; native scan and GPU operator costs unchanged,link_Q
512,1024,1536,225,mq,87.1124676923077,119.24000561561141,87.1124676923077,293.4649410002268,239.5834880000002,37.53852028639618,18.64135111111111,18.64135111111111,37.28270222222222,74.56540444444444,1.0996700000000001,1.0996700000000001,36.18303222222222,37.28270222222222,0,368.03034544467124,350.58774273084083,1.0497524601914612,0.04739446877065383,PIM,original sweep,Analytical transfer and overlap terms; native scan and GPU operator costs unchanged,link_Q
768,1024,1792,225,mq,152.4468184615385,208.67000982731997,152.4468184615385,513.563646750397,451.8767039999996,65.69241050119332,27.96202666666667,27.96202666666667,55.92405333333334,74.56540444444444,1.0996700000000001,1.0996700000000001,54.82438333333334,55.92405333333334,0,588.1290511948414,628.3175511678596,0.9360379160214138,-0.06396208397858613,GPU,original sweep,Analytical transfer and overlap terms; native scan and GPU operator costs unchanged,link_Q
1024,1024,2048,225,mq,232.29991384615388,317.9733483082971,232.29991384615388,782.5731760006049,684.102400000002,100.10272076372314,37.28270222222222,37.28270222222222,74.56540444444444,74.56540444444444,1.0996700000000001,1.0996700000000001,73.46573444444444,74.56540444444444,0,857.1385804450493,932.2362596526141,0.9194435118458609,-0.08055648815413909,GPU,original sweep,Analytical transfer and overlap terms; native scan and GPU operator costs unchanged,link_Q
1536,1024,2560,225,mq,435.5623384615385,596.200028078057,435.5623384615385,1467.324705001134,1269.3298559999976,187.6926014319809,55.92405333333334,55.92405333333334,111.84810666666668,74.56540444444444,1.0996700000000001,1.0996700000000001,110.74843666666668,111.84810666666668,0,1541.8901094455784,1679.6190007653117,0.9179999206623778,-0.08200007933762221,GPU,supplement,Analytical transfer and overlap terms; native scan and GPU operator costs unchanged,link_Q
2048,1024,3072,225,mq,696.8997415384616,953.9200449248913,696.8997415384616,2347.7195280018145,1939.1104000000041,300.3081622911694,74.56540444444444,74.56540444444444,149.13080888888888,74.56540444444444,1.0996700000000001,1.0996700000000001,148.03113888888888,149.13080888888888,0,2422.284932446259,2536.5805100689518,0.9549410802578524,-0.04505891974214759,GPU,supplement,Analytical transfer and overlap terms; native scan and GPU operator costs unchanged,link_Q
128,1024,1152,256,mq,23.599584444756424,22.357501052927137,23.599584444756424,69.55666994243998,47.23505599999999,7.038472553699283,4.096,4.096,8.192,65.536,1.0996700000000001,1.0996700000000001,7.0923300000000005,8.192,0,135.09266994243998,69.55785855369928,1.9421625787709846,0.48511004643452266,PIM,original sweep,Analytical transfer and overlap terms; native scan and GPU operator costs unchanged,link_Q
192,1024,1216,256,mq,31.36260564368946,35.39937666713463,31.36260564368946,98.12458795451356,73.15958400000001,11.144248210023866,6.144,6.144,12.288,65.536,1.0996700000000001,1.0996700000000001,11.18833,12.288,0,163.66058795451357,107.78016221002386,1.518466706661652,0.3414409445970012,PIM,original sweep,Analytical transfer and overlap terms; native scan and GPU operator costs unchanged,link_Q
256,1024,1280,256,mq,39.746668538537136,49.68333567317142,39.746668538537136,129.1766727502457,101.38495999999998,15.64105011933174,8.192,8.192,16.384,65.536,1.0996700000000001,1.0996700000000001,15.28433,16.384,0,194.7126727502457,148.69434011933174,1.309482745570429,0.23633968955857748,PIM,original sweep,Analytical transfer and overlap terms; native scan and GPU operator costs unchanged,link_Q
384,1024,1408,256,mq,59.88982153846154,81.97750386073284,59.88982153846154,201.75714693765593,169.31534400000004,25.807732696897375,12.288,12.288,24.576,65.536,1.0996700000000001,1.0996700000000001,23.47633,24.576,0,267.29314693765593,243.1754066968974,1.099178369097249,0.0902295495304405,PIM,original sweep,Analytical transfer and overlap terms; native scan and GPU operator costs unchanged,link_Q
512,1024,1536,256,mq,87.1124676923077,119.24000561561141,87.1124676923077,293.4649410002268,239.5834880000002,37.53852028639618,16.384,16.384,32.768,65.536,1.0996700000000001,1.0996700000000001,31.66833,32.768,0,359.0009410002268,341.5583382863964,1.051067711598962,0.04858650973235023,PIM,original sweep,Analytical transfer and overlap terms; native scan and GPU operator costs unchanged,link_Q
768,1024,1792,256,mq,152.4468184615385,208.67000982731997,152.4468184615385,513.563646750397,451.8767039999996,65.69241050119332,24.576,24.576,49.152,65.536,1.0996700000000001,1.0996700000000001,48.05233,49.152,0,579.0996467503969,614.7734445011929,0.9419724484362845,-0.058027551563715536,GPU,original sweep,Analytical transfer and overlap terms; native scan and GPU operator costs unchanged,link_Q
1024,1024,2048,256,mq,232.29991384615388,317.9733483082971,232.29991384615388,782.5731760006049,684.102400000002,100.10272076372314,32.768,32.768,65.536,65.536,1.0996700000000001,1.0996700000000001,64.43633,65.536,0,848.109176000605,914.1774507637252,0.9277292666670729,-0.07227073333292708,GPU,original sweep,Analytical transfer and overlap terms; native scan and GPU operator costs unchanged,link_Q
1536,1024,2560,256,mq,435.5623384615385,596.200028078057,435.5623384615385,1467.324705001134,1269.3298559999976,187.6926014319809,49.152,49.152,98.304,65.536,1.0996700000000001,1.0996700000000001,97.20433,98.304,0,1532.860705001134,1652.5307874319785,0.9275837501237656,-0.0724162498762344,GPU,supplement,Analytical transfer and overlap terms; native scan and GPU operator costs unchanged,link_Q
2048,1024,3072,256,mq,696.8997415384616,953.9200449248913,696.8997415384616,2347.7195280018145,1939.1104000000041,300.3081622911694,65.536,65.536,131.072,65.536,1.0996700000000001,1.0996700000000001,129.97233,131.072,0,2413.2555280018146,2500.462892291174,0.9651235119072489,-0.03487648809275116,GPU,supplement,Analytical transfer and overlap terms; native scan and GPU operator costs unchanged,link_Q
128,1024,1152,300,mq,23.599584444756424,22.357501052927137,23.599584444756424,69.55666994243998,47.23505599999999,7.038472553699283,3.4952533333333338,3.4952533333333338,6.9905066666666675,55.92405333333334,1.0996700000000001,1.0996700000000001,5.890836666666667,6.9905066666666675,0,125.48072327577333,67.15487188703261,1.868527476113066,0.46481921578150276,PIM,original sweep,Analytical transfer and overlap terms; native scan and GPU operator costs unchanged,link_Q
192,1024,1216,300,mq,31.36260564368946,35.39937666713463,31.36260564368946,98.12458795451356,73.15958400000001,11.144248210023866,5.24288,5.24288,10.48576,55.92405333333334,1.0996700000000001,1.0996700000000001,9.386090000000001,10.48576,0,154.0486412878469,104.17568221002387,1.4787389726642386,0.3237481269609716,PIM,original sweep,Analytical transfer and overlap terms; native scan and GPU operator costs unchanged,link_Q
256,1024,1280,300,mq,39.746668538537136,49.68333567317142,39.746668538537136,129.1766727502457,101.38495999999998,15.64105011933174,6.9905066666666675,6.9905066666666675,13.981013333333335,55.92405333333334,1.0996700000000001,1.0996700000000001,12.881343333333335,13.981013333333335,0,185.10072608357905,143.88836678599841,1.286418980339632,0.2226482854474158,PIM,original sweep,Analytical transfer and overlap terms; native scan and GPU operator costs unchanged,link_Q
384,1024,1408,300,mq,59.88982153846154,81.97750386073284,59.88982153846154,201.75714693765593,169.31534400000004,25.807732696897375,10.48576,10.48576,20.97152,55.92405333333334,1.0996700000000001,1.0996700000000001,19.871850000000002,20.97152,0,257.6812002709893,235.9664466968974,1.092024751307057,0.08426984021828388,PIM,original sweep,Analytical transfer and overlap terms; native scan and GPU operator costs unchanged,link_Q
512,1024,1536,300,mq,87.1124676923077,119.24000561561141,87.1124676923077,293.4649410002268,239.5834880000002,37.53852028639618,13.981013333333335,13.981013333333335,27.96202666666667,55.92405333333334,1.0996700000000001,1.0996700000000001,26.86235666666667,27.96202666666667,0,349.38899433356016,331.94639161972975,1.0525464447096995,0.04992316013588577,PIM,original sweep,Analytical transfer and overlap terms; native scan and GPU operator costs unchanged,link_Q
768,1024,1792,300,mq,152.4468184615385,208.67000982731997,152.4468184615385,513.563646750397,451.8767039999996,65.69241050119332,20.97152,20.97152,41.94304,55.92405333333334,1.0996700000000001,1.0996700000000001,40.84337,41.94304,0,569.4877000837303,600.355524501193,0.9485840919959729,-0.05141590800402709,GPU,original sweep,Analytical transfer and overlap terms; native scan and GPU operator costs unchanged,link_Q
1024,1024,2048,300,mq,232.29991384615388,317.9733483082971,232.29991384615388,782.5731760006049,684.102400000002,100.10272076372314,27.96202666666667,27.96202666666667,55.92405333333334,55.92405333333334,1.0996700000000001,1.0996700000000001,54.82438333333334,55.92405333333334,0,838.4972293339382,894.9535574303918,0.9369170303556845,-0.06308296964431553,GPU,original sweep,Analytical transfer and overlap terms; native scan and GPU operator costs unchanged,link_Q
1536,1024,2560,300,mq,435.5623384615385,596.200028078057,435.5623384615385,1467.324705001134,1269.3298559999976,187.6926014319809,41.94304,41.94304,83.88608,55.92405333333334,1.0996700000000001,1.0996700000000001,82.78641,83.88608,0,1523.2487583344673,1623.6949474319783,0.9381372780297335,-0.06186272197026654,GPU,supplement,Analytical transfer and overlap terms; native scan and GPU operator costs unchanged,link_Q
2048,1024,3072,300,mq,696.8997415384616,953.9200449248913,696.8997415384616,2347.7195280018145,1939.1104000000041,300.3081622911694,55.92405333333334,55.92405333333334,111.84810666666668,55.92405333333334,1.0996700000000001,1.0996700000000001,110.74843666666668,111.84810666666668,0,2403.6435813351477,2462.015105624507,0.9762911591581998,-0.023708840841800267,GPU,supplement,Analytical transfer and overlap terms; native scan and GPU operator costs unchanged,link_Q
128,1024,1152,350,mq,23.599584444756424,22.357501052927137,23.599584444756424,69.55666994243998,47.23505599999999,7.038472553699283,2.9959314285714287,2.9959314285714287,5.991862857142857,47.93490285714286,1.0996700000000001,1.0996700000000001,4.892192857142858,5.991862857142857,0,117.49157279958284,65.15758426798499,1.803191050121728,0.44542759352510486,PIM,original sweep,Analytical transfer and overlap terms; native scan and GPU operator costs unchanged,link_Q
192,1024,1216,350,mq,31.36260564368946,35.39937666713463,31.36260564368946,98.12458795451356,73.15958400000001,11.144248210023866,4.4938971428571435,4.4938971428571435,8.987794285714287,47.93490285714286,1.0996700000000001,1.0996700000000001,7.888124285714287,8.987794285714287,0,146.05949081165642,101.17975078145244,1.4435644452924568,0.307270275836278,PIM,original sweep,Analytical transfer and overlap terms; native scan and GPU operator costs unchanged,link_Q
256,1024,1280,350,mq,39.746668538537136,49.68333567317142,39.746668538537136,129.1766727502457,101.38495999999998,15.64105011933174,5.991862857142857,5.991862857142857,11.983725714285715,47.93490285714286,1.0996700000000001,1.0996700000000001,10.884055714285715,11.983725714285715,0,177.11157560738854,139.89379154790316,1.2660431434996247,0.21013750192131864,PIM,original sweep,Analytical transfer and overlap terms; native scan and GPU operator costs unchanged,link_Q
384,1024,1408,350,mq,59.88982153846154,81.97750386073284,59.88982153846154,201.75714693765593,169.31534400000004,25.807732696897375,8.987794285714287,8.987794285714287,17.975588571428574,47.93490285714286,1.0996700000000001,1.0996700000000001,16.875918571428574,17.975588571428574,0,249.69204979479878,229.97458383975456,1.0857375872839203,0.0789671356026288,PIM,original sweep,Analytical transfer and overlap terms; native scan and GPU operator costs unchanged,link_Q
512,1024,1536,350,mq,87.1124676923077,119.24000561561141,87.1124676923077,293.4649410002268,239.5834880000002,37.53852028639618,11.983725714285715,11.983725714285715,23.96745142857143,47.93490285714286,1.0996700000000001,1.0996700000000001,22.86778142857143,23.96745142857143,0,341.39984385736966,323.95724114353925,1.0538422992252299,0.05109141971698616,PIM,original sweep,Analytical transfer and overlap terms; native scan and GPU operator costs unchanged,link_Q
768,1024,1792,350,mq,152.4468184615385,208.67000982731997,152.4468184615385,513.563646750397,451.8767039999996,65.69241050119332,17.975588571428574,17.975588571428574,35.95117714285715,47.93490285714286,1.0996700000000001,1.0996700000000001,34.851507142857145,35.95117714285715,0,561.4985496075399,588.3717987869072,0.9543260753918287,-0.045673924608171323,GPU,original sweep,Analytical transfer and overlap terms; native scan and GPU operator costs unchanged,link_Q
1024,1024,2048,350,mq,232.29991384615388,317.9733483082971,232.29991384615388,782.5731760006049,684.102400000002,100.10272076372314,23.96745142857143,23.96745142857143,47.93490285714286,47.93490285714286,1.0996700000000001,1.0996700000000001,46.835232857142856,47.93490285714286,0,830.5080788577478,878.9752564780109,0.9448594516591201,-0.05514054834087993,GPU,original sweep,Analytical transfer and overlap terms; native scan and GPU operator costs unchanged,link_Q
1536,1024,2560,350,mq,435.5623384615385,596.200028078057,435.5623384615385,1467.324705001134,1269.3298559999976,187.6926014319809,35.95117714285715,35.95117714285715,71.9023542857143,47.93490285714286,1.0996700000000001,1.0996700000000001,70.80268428571429,71.9023542857143,0,1515.2596078582767,1599.7274960034072,0.9471985770350536,-0.05280142296494638,GPU,supplement,Analytical transfer and overlap terms; native scan and GPU operator costs unchanged,link_Q
2048,1024,3072,350,mq,696.8997415384616,953.9200449248913,696.8997415384616,2347.7195280018145,1939.1104000000041,300.3081622911694,47.93490285714286,47.93490285714286,95.86980571428572,47.93490285714286,1.0996700000000001,1.0996700000000001,94.77013571428571,95.86980571428572,0,2395.6544308589573,2430.0585037197447,0.9858422861803021,-0.014157713819697902,GPU,supplement,Analytical transfer and overlap terms; native scan and GPU operator costs unchanged,link_Q
128,1024,1152,400,mq,23.599584444756424,22.357501052927137,23.599584444756424,69.55666994243998,47.23505599999999,7.038472553699283,2.62144,2.62144,5.24288,41.94304,1.0996700000000001,1.0996700000000001,4.14321,5.24288,0,111.49970994243998,63.659618553699275,1.7514982413598001,0.4290602317569922,PIM,original sweep,Analytical transfer and overlap terms; native scan and GPU operator costs unchanged,link_Q
192,1024,1216,400,mq,31.36260564368946,35.39937666713463,31.36260564368946,98.12458795451356,73.15958400000001,11.144248210023866,3.9321599999999997,3.9321599999999997,7.864319999999999,41.94304,1.0996700000000001,1.0996700000000001,6.76465,7.864319999999999,0,140.06762795451357,98.93280221002388,1.4157855112318036,0.2936783205741734,PIM,original sweep,Analytical transfer and overlap terms; native scan and GPU operator costs unchanged,link_Q
256,1024,1280,400,mq,39.746668538537136,49.68333567317142,39.746668538537136,129.1766727502457,101.38495999999998,15.64105011933174,5.24288,5.24288,10.48576,41.94304,1.0996700000000001,1.0996700000000001,9.386090000000001,10.48576,0,171.1197127502457,136.8978601193317,1.249980917167612,0.1999877868008217,PIM,original sweep,Analytical transfer and overlap terms; native scan and GPU operator costs unchanged,link_Q
384,1024,1408,400,mq,59.88982153846154,81.97750386073284,59.88982153846154,201.75714693765593,169.31534400000004,25.807732696897375,7.864319999999999,7.864319999999999,15.728639999999999,41.94304,1.0996700000000001,1.0996700000000001,14.628969999999999,15.728639999999999,0,243.70018693765593,225.4806866968974,1.0808029304312439,0.07476194610150005,PIM,original sweep,Analytical transfer and overlap terms; native scan and GPU operator costs unchanged,link_Q
512,1024,1536,400,mq,87.1124676923077,119.24000561561141,87.1124676923077,293.4649410002268,239.5834880000002,37.53852028639618,10.48576,10.48576,20.97152,41.94304,1.0996700000000001,1.0996700000000001,19.871850000000002,20.97152,0,335.4079810002268,317.9653782863964,1.0548569243853951,0.05200413735479543,PIM,original sweep,Analytical transfer and overlap terms; native scan and GPU operator costs unchanged,link_Q
768,1024,1792,400,mq,152.4468184615385,208.67000982731997,152.4468184615385,513.563646750397,451.8767039999996,65.69241050119332,15.728639999999999,15.728639999999999,31.457279999999997,41.94304,1.0996700000000001,1.0996700000000001,30.357609999999998,31.457279999999997,0,555.506686750397,579.384004501193,0.9587884415770976,-0.04121155842290231,GPU,original sweep,Analytical transfer and overlap terms; native scan and GPU operator costs unchanged,link_Q
1024,1024,2048,400,mq,232.29991384615388,317.9733483082971,232.29991384615388,782.5731760006049,684.102400000002,100.10272076372314,20.97152,20.97152,41.94304,41.94304,1.0996700000000001,1.0996700000000001,40.84337,41.94304,0,824.5162160006049,866.9915307637252,0.9510083856001406,-0.048991614399859454,GPU,original sweep,Analytical transfer and overlap terms; native scan and GPU operator costs unchanged,link_Q
1536,1024,2560,400,mq,435.5623384615385,596.200028078057,435.5623384615385,1467.324705001134,1269.3298559999976,187.6926014319809,31.457279999999997,31.457279999999997,62.914559999999994,41.94304,1.0996700000000001,1.0996700000000001,61.81488999999999,62.914559999999994,0,1509.267745001134,1581.7519074319785,0.9541747589553885,-0.045825241044611505,GPU,supplement,Analytical transfer and overlap terms; native scan and GPU operator costs unchanged,link_Q
2048,1024,3072,400,mq,696.8997415384616,953.9200449248913,696.8997415384616,2347.7195280018145,1939.1104000000041,300.3081622911694,41.94304,41.94304,83.88608,41.94304,1.0996700000000001,1.0996700000000001,82.78641,83.88608,0,2389.6625680018146,2406.0910522911736,0.9931721269343838,-0.00682787306561616,GPU,supplement,Analytical transfer and overlap terms; native scan and GPU operator costs unchanged,link_Q
128,1024,1152,450,mq,23.599584444756424,22.357501052927137,23.599584444756424,69.55666994243998,47.23505599999999,7.038472553699283,2.3301688888888887,2.3301688888888887,4.6603377777777775,37.28270222222222,1.0996700000000001,1.0996700000000001,3.5606677777777773,4.6603377777777775,0,106.8393721646622,62.494534109254836,1.7095794646277764,0.4150608259571437,PIM,original sweep,Analytical transfer and overlap terms; native scan and GPU operator costs unchanged,link_Q
192,1024,1216,450,mq,31.36260564368946,35.39937666713463,31.36260564368946,98.12458795451356,73.15958400000001,11.144248210023866,3.4952533333333338,3.4952533333333338,6.9905066666666675,37.28270222222222,1.0996700000000001,1.0996700000000001,5.890836666666667,6.9905066666666675,0,135.40729017673578,97.1851755433572,1.3932916148957981,0.2822751609864614,PIM,original sweep,Analytical transfer and overlap terms; native scan and GPU operator costs unchanged,link_Q
256,1024,1280,450,mq,39.746668538537136,49.68333567317142,39.746668538537136,129.1766727502457,101.38495999999998,15.64105011933174,4.6603377777777775,4.6603377777777775,9.320675555555555,37.28270222222222,1.0996700000000001,1.0996700000000001,8.221005555555555,9.320675555555555,0,166.4593749724679,134.56769123044282,1.2369936160040944,0.1915883905445393,PIM,original sweep,Analytical transfer and overlap terms; native scan and GPU operator costs unchanged,link_Q
384,1024,1408,450,mq,59.88982153846154,81.97750386073284,59.88982153846154,201.75714693765593,169.31534400000004,25.807732696897375,6.9905066666666675,6.9905066666666675,13.981013333333335,37.28270222222222,1.0996700000000001,1.0996700000000001,12.881343333333335,13.981013333333335,0,239.03984915987814,221.98543336356408,1.0768267337991615,0.07134549262917028,PIM,original sweep,Analytical transfer and overlap terms; native scan and GPU operator costs unchanged,link_Q
512,1024,1536,450,mq,87.1124676923077,119.24000561561141,87.1124676923077,293.4649410002268,239.5834880000002,37.53852028639618,9.320675555555555,9.320675555555555,18.64135111111111,37.28270222222222,1.0996700000000001,1.0996700000000001,17.54168111111111,18.64135111111111,0,330.747643222449,313.3050405086186,1.0556729080563598,0.05273689192124988,PIM,original sweep,Analytical transfer and overlap terms; native scan and GPU operator costs unchanged,link_Q
768,1024,1792,450,mq,152.4468184615385,208.67000982731997,152.4468184615385,513.563646750397,451.8767039999996,65.69241050119332,13.981013333333335,13.981013333333335,27.96202666666667,37.28270222222222,1.0996700000000001,1.0996700000000001,26.86235666666667,27.96202666666667,0,550.8463489726192,572.3934978345262,0.9623560558541913,-0.0376439441458087,GPU,original sweep,Analytical transfer and overlap terms; native scan and GPU operator costs unchanged,link_Q
1024,1024,2048,450,mq,232.29991384615388,317.9733483082971,232.29991384615388,782.5731760006049,684.102400000002,100.10272076372314,18.64135111111111,18.64135111111111,37.28270222222222,37.28270222222222,1.0996700000000001,1.0996700000000001,36.18303222222222,37.28270222222222,0,819.8558782228272,857.6708552081697,0.9559096863841033,-0.04409031361589663,GPU,original sweep,Analytical transfer and overlap terms; native scan and GPU operator costs unchanged,link_Q
1536,1024,2560,450,mq,435.5623384615385,596.200028078057,435.5623384615385,1467.324705001134,1269.3298559999976,187.6926014319809,27.96202666666667,27.96202666666667,55.92405333333334,37.28270222222222,1.0996700000000001,1.0996700000000001,54.82438333333334,55.92405333333334,0,1504.6074072233562,1567.7708940986452,0.9597112772580183,-0.04028872274198164,GPU,supplement,Analytical transfer and overlap terms; native scan and GPU operator costs unchanged,link_Q
2048,1024,3072,450,mq,696.8997415384616,953.9200449248913,696.8997415384616,2347.7195280018145,1939.1104000000041,300.3081622911694,37.28270222222222,37.28270222222222,74.56540444444444,37.28270222222222,1.0996700000000001,1.0996700000000001,73.46573444444444,74.56540444444444,0,2385.002230224037,2387.4497011800627,0.9989748596777489,-0.0010251403222510413,GPU,supplement,Analytical transfer and overlap terms; native scan and GPU operator costs unchanged,link_Q
