model,config,k,workload,agents,rung,makespan_s,energy_nj,link_bytes,event_count,policy,kv_mapping,decode_attn,pim_prefill_mode,energy_gpu_nj,energy_pim_nj,energy_link_nj,energy_die_nj,energy_tlb_nj,gpu_time_s_unoverlapped,pim_time_s_unoverlapped,pim_pool_time_s_unoverlapped,die_time_s_unoverlapped,prefill_rows_gpu,prefill_rows_pim,prefill_requests_gpu,prefill_requests_pim,energy_prefill_nj,energy_decode_nj,prefill_time_s,decode_time_s,power_prefill_w,power_decode_w,power_overall_w,requests,tiers,history_rows,cacheblend_batch_size,gemv_buffer_bytes,pim_sweep_query_capacity,pim_pe_freq_ghz,pim_batch_command,engine,workload_kind_reported,overlap_passed,overlap_events_checked
GPT-13B,baseline,8,wl_baseline_alltoall_N16_C32_D2.json,32,A1,52.393738686013386,71540571108984.23,280625152000.0,8702720.0,no-reuse-physical,private,pim,gpu,4889659631947.446,66645074370515.125,5837003161.539519,104191.75424062418,,25.687462462756542,25.047876094044973,10.05732503556206,0.0045710968973859106,13291520.0,0.0,32,0,57824514446196.83,13716056661641.496,45.47397589901171,6.919762787001673,1271.5957490634448,1982.1570599798915,1365.4412321616235,32,2,4096.0,8.0,512.0,8.0,0.666,replicate,dag,supervisor,True,8702720.0
GPT-13B,baseline,8,wl_baseline_alltoall_N16_C32_D2.json,32,A2,198.52977144018766,4428908771442.866,35844731699200.0,35288.0,recompute,none,gpu,gpu,3683338352098.9224,,745570419343.4127,,,79.04733244286032,,0.0,0.0,724800.0,0.0,32,0,1126039292103.4688,3302869479338.8,198.52977144018766,0.0,5.671891343725835,,22.308537099067742,32,2,4096.0,,,,,,dag,supervisor,,
GPT-13B,baseline,8,wl_baseline_alltoall_N16_C32_D2.json,32,A3,17.152017751847897,14266046873125.805,148175282208.0,4597032.0,recompute,naive,pim,gpu,1306538397885.869,12956426361145.7,3082045869.904839,40376.25555196369,27637.260199993623,10.219384808693349,5.5612622646827586e-05,10.0917819087502,0.00177138563243776,724800.0,0.0,32,0,373889889203.31714,13892156983676.371,4.534846980908308,12.617170770939587,82.44818199542176,1101.0516728261607,831.7416107844706,32,2,4096.0,8.0,512.0,8.0,0.666,replicate,dag,supervisor,True,4597032.0
GPT-13B,baseline,8,wl_baseline_alltoall_N16_C32_D2.json,32,A3a,15.830002181712954,14386736243835.93,148175282208.0,4597032.0,recompute,naive-mask,pim,gpu,1306538397885.869,13077115759058.512,3082045869.904839,40376.25555196369,497.21540000090624,10.219384808693349,5.5612622646827586e-05,10.161755248943594,0.00177138563243776,724800.0,0.0,32,0,373889889203.31714,14012846354365.742,4.534846980908308,11.295155200804647,82.44818199542176,1240.6068004596777,908.8271801033417,32,2,4096.0,8.0,512.0,8.0,0.666,replicate,dag,supervisor,True,4597032.0
GPT-13B,baseline,8,wl_baseline_alltoall_N16_C32_D2.json,32,A3b,12.898179124492524,14278087615058.207,148175282208.0,7483432.0,recompute,naive,pim,gpu,1306538397885.869,12968466980948.355,3082045869.904839,162376.74195280223,27637.260199993623,10.219384808693349,5.5612622646827586e-05,9.628837510647502,0.007123786587118426,724800.0,0.0,32,0,373889889203.31714,13904197725618.045,4.534846980905934,8.36333214358659,82.44818199546492,1662.5188964042832,1106.9847516650902,32,2,4096.0,8.0,512.0,8.0,0.666,replicate,dag,supervisor,True,7483432.0
GPT-13B,baseline,8,wl_baseline_alltoall_N16_C32_D2.json,32,A4,11.647593269281224,14397347551560.652,148175282208.0,7209512.0,recompute,master-diff,pim,gpu,1306538397885.869,13087726959610.719,3082045869.904839,147893.2859529248,200.3993000001259,10.219384808693349,5.5612622646827586e-05,9.770288556324319,0.006488368926071017,724800.0,0.0,32,0,373889889203.31714,14023457662820.672,4.518052837812932,7.129540431468292,82.75465175487129,1966.9511376812004,1236.0791812272062,32,2,4096.0,8.0,512.0,8.0,0.666,replicate,dag,supervisor,True,7209512.0
GPT-13B,baseline,8,wl_baseline_alltoall_N16_C32_D2.json,32,A4b,11.647974519763986,14398205211257.426,148175282208.0,7414312.0,recompute,master-diff,pim,gpu,1306538397885.869,13088584610728.22,3082045869.904839,156583.3595527554,200.3993000001259,10.219384808693349,5.5612622646827586e-05,9.788526037265205,0.006869619522681122,724800.0,0.0,32,0,373889889203.31714,14024315322745.412,4.518052837812932,7.129921681951054,82.75465175487129,1966.9662512909613,1236.1123547125655,32,2,4096.0,8.0,512.0,8.0,0.666,replicate,dag,supervisor,True,7414312.0
GPT-13B,baseline,8,wl_baseline_alltoall_N16_C32_D2.json,32,A5,9.079139119922969,7033016519469.469,19791896608.0,9001392.0,recompute,master-diff,pim,pim,1215306438113.7646,5817298137222.677,411671449.4459931,272396.8686803959,236.1405000001862,8.330729395890183,5.5612622646827586e-05,6.6317493745474705,0.011950585632759383,338560.0,386240.0,1,31,2665505664849.027,4367510854414.36,2.4292191171512822,6.649920002771687,1097.268519759895,656.7764503323319,774.6347342598204,32,2,4096.0,8.0,512.0,8.0,1.3004,mq,dag,supervisor,True,9001392.0
GPT-13B,baseline,8,wl_baseline_alltoall_N16_C32_D2.json,32,A6,9.079139119922969,7033016519469.469,19791896608.0,9001392.0,recompute,master-diff,pim,dynamic,1215306438113.7646,5817298137222.677,411671449.4459931,272396.8686803959,236.1405000001862,8.330729395890183,5.5612622646827586e-05,6.6317493745474705,0.011950585632759383,338560.0,386240.0,1,31,2665505664849.027,4367510854414.36,2.4292191171512822,6.649920002771687,1097.268519759895,656.7764503323319,774.6347342598204,32,2,4096.0,8.0,512.0,8.0,1.3004,mq,dag,supervisor,True,9001392.0
GPT-175B,baseline,8,wl_baseline_alltoall_N16_C32_D2.json,32,A1,137.58093394176868,399783755353510.94,404100218880.0,20886528.0,no-reuse-physical,private,pim,gpu,67498540691168.48,332251593386950.06,33621138211.971924,150036.12610665223,,104.31984404991634,30.9139745553643,11.92848428474385,0.0016455948830218677,31899648.0,0.0,32,0,313470643032070.3,86313112265746.14,108.0066548902677,29.57427905150098,2902.327114477801,2918.519572884246,2905.8078317939026,32,2,4096.0,8.0,512.0,8.0,0.666,replicate,dag,supervisor,True,20886528.0
GPT-175B,baseline,8,wl_baseline_alltoall_N16_C32_D2.json,32,A2,377.3705625694912,34796303809101.953,51616413646848.0,60320.0,recompute,none,gpu,gpu,30501818193689.21,,4294485615417.974,,,205.31585041336362,,0.0,0.0,1739520.0,0.0,32,0,8414504617900.802,26381799191205.65,377.3705625694912,0.0,22.297723915206838,,92.20725530941318,32,2,4096.0,,,,,,dag,supervisor,,
GPT-175B,baseline,8,wl_baseline_alltoall_N16_C32_D2.json,32,A3,56.289040554880884,91354781441572.25,213372395552.0,10148096.0,recompute,naive,pim,gpu,16809496387181.504,74527532360607.33,17752583310.70256,41459.008561794566,66329.75220005782,40.12877609121871,2.0020544152973957e-05,12.132060786356837,0.00045472203342510097,1739520.0,0.0,32,0,4081456226943.5713,87273325213005.84,12.309718013820252,43.97932254106063,331.56374681867425,1984.4172254250714,1622.9585820085679,32,2,4096.0,8.0,512.0,8.0,0.666,replicate,dag,supervisor,True,10148096.0
GPT-175B,baseline,8,wl_baseline_alltoall_N16_C32_D2.json,32,A3a,53.116202163727415,92049008361148.62,213372395552.0,10148096.0,recompute,naive-mask,pim,gpu,16809496387181.504,75221759345293.66,17752583310.70256,41459.008561794566,1193.624200003332,40.12877609121871,2.0020544152973957e-05,12.216028794572534,0.00045472203342510097,1739520.0,0.0,32,0,4081456226943.5713,87967552131595.94,12.309718013820252,40.80648414990716,331.56374681867425,2155.7248551097255,1732.9742077080969,32,2,4096.0,8.0,512.0,8.0,0.666,replicate,dag,supervisor,True,10148096.0
GPT-175B,baseline,8,wl_baseline_alltoall_N16_C32_D2.json,32,A3b,45.35524930240001,91503176728882.83,213372395552.0,17543936.0,recompute,naive,pim,gpu,16809496387181.504,74675927461660.52,17752583310.70256,229409.00663998185,66329.75220005782,40.12877609121871,2.0020544152973957e-05,12.048470756224212,0.002516155923601833,1739520.0,0.0,32,0,4081456226943.5713,87421720514690.47,12.309718013820252,33.04553128857976,331.56374681867425,2645.4929639730935,2017.4770977180112,32,2,4096.0,8.0,512.0,8.0,0.666,replicate,dag,supervisor,True,17543936.0
GPT-175B,baseline,8,wl_baseline_alltoall_N16_C32_D2.json,32,A4,42.07700169685154,92174542928285.61,213372395552.0,15435008.0,recompute,master-diff,pim,gpu,16809496387181.504,75347293754572.1,17752583310.70256,200454.76766306834,480.75360000176914,40.12877609121871,2.0020544152973957e-05,11.760078375289593,0.002198586090650817,1739520.0,0.0,32,0,4081456226943.5713,88093086708727.53,12.269412070382716,29.807589626468825,332.65295871803414,2955.391154154303,2190.6157570914247,32,2,4096.0,8.0,512.0,8.0,0.666,replicate,dag,supervisor,True,15435008.0
GPT-175B,baseline,8,wl_baseline_alltoall_N16_C32_D2.json,32,A4b,42.07700169685154,92174542928285.61,213372395552.0,15435008.0,recompute,master-diff,pim,gpu,16809496387181.504,75347293754572.1,17752583310.70256,200454.76766306834,480.75360000176914,40.12877609121871,2.0020544152973957e-05,11.760078375289593,0.002198586090650817,1739520.0,0.0,32,0,4081456226943.5713,88093086708727.53,12.269412070382716,29.807589626468825,332.65295871803414,2955.391154154303,2190.6157570914247,32,2,4096.0,8.0,512.0,8.0,0.666,replicate,dag,supervisor,True,15435008.0
GPT-175B,baseline,8,wl_baseline_alltoall_N16_C32_D2.json,32,A5,36.63411206677872,49666935764729.17,28500320288.0,19244000.0,recompute,master-diff,pim,pim,16282084550170.195,33382479622582.91,2371226648.028201,367226.2208085754,566.7909000022395,35.59600310051918,2.0020544152973957e-05,8.218753398048403,0.00402773389021634,812544.0,926976.0,1,31,17197042803956.447,32469892970754.95,7.416396282063811,29.21771578471491,2318.786935043728,1111.3083996710448,1355.7565056904746,32,2,4096.0,8.0,512.0,8.0,1.3004,mq,dag,supervisor,True,19244000.0
GPT-175B,baseline,8,wl_baseline_alltoall_N16_C32_D2.json,32,A6,36.63411206677872,49666935764729.17,28500320288.0,19244000.0,recompute,master-diff,pim,dynamic,16282084550170.195,33382479622582.91,2371226648.028201,367226.2208085754,566.7909000022395,35.59600310051918,2.0020544152973957e-05,8.218753398048403,0.00402773389021634,812544.0,926976.0,1,31,17197042803956.447,32469892970754.95,7.416396282063811,29.21771578471491,2318.786935043728,1111.3083996710448,1355.7565056904746,32,2,4096.0,8.0,512.0,8.0,1.3004,mq,dag,supervisor,True,19244000.0
LLAMA-33B,baseline,8,wl_baseline_alltoall_N16_C32_D2.json,32,A1,124.8781992472153,165989577978437.3,547219046400.0,12625920.0,no-reuse-physical,private,pim,gpu,12286771372168.879,153691424265178.97,11382156165.059887,191876.8250854912,,62.03006504392769,59.47914492647162,22.72763381949847,0.008418013174210872,19937280.0,0.0,32,0,137778683632419.12,28210894379529.637,108.50165498772763,16.376544259487673,1269.8302495754829,1722.6402550211892,1329.2118158257215,32,2,4096.0,8.0,512.0,8.0,0.666,replicate,dag,supervisor,True,12625920.0
LLAMA-33B,baseline,8,wl_baseline_alltoall_N16_C32_D2.json,32,A2,358.112053148236,9282919595072.836,69897226813440.0,46148.0,recompute,none,gpu,gpu,7829057277352.791,,1453862317719.4238,,,125.12129710348441,,0.0,0.0,1087200.0,0.0,32,0,2329476966325.1577,6953442628747.267,358.112053148236,0.0,6.504882887482427,,25.921829532027193,32,2,4096.0,,,,,,dag,supervisor,,
LLAMA-33B,baseline,8,wl_baseline_alltoall_N16_C32_D2.json,32,A3,32.50240319255698,29437282851731.293,288941776928.0,7511852.0,recompute,naive,pim,gpu,3194526359207.941,26236746360101.516,6009988960.0426,101327.09484643278,41455.92860001107,21.87937565225155,0.00010844461416154819,22.692807734784388,0.004445418663487574,1087200.0,0.0,32,0,862838315486.458,28574444535524.42,8.038408038802547,24.463995153754436,107.33945220513985,1168.020364455442,905.6955781802743,32,2,4096.0,8.0,512.0,8.0,0.666,replicate,dag,supervisor,True,7511852.0
LLAMA-33B,baseline,8,wl_baseline_alltoall_N16_C32_D2.json,32,A3a,30.519378557393665,29681678841372.05,288941776928.0,7511852.0,recompute,naive-mask,pim,gpu,3194526359207.941,26481142390412.79,6009988960.0426,101327.09484643278,745.8357999991568,21.87937565225155,0.00010844461416154819,22.85024775015943,0.004445418663487574,1087200.0,0.0,32,0,862838315486.458,28818840525437.22,8.038408038802547,22.480970518591118,107.33945220513985,1281.9215478978037,972.5518750505923,32,2,4096.0,8.0,512.0,8.0,0.666,replicate,dag,supervisor,True,7511852.0
LLAMA-33B,baseline,8,wl_baseline_alltoall_N16_C32_D2.json,32,A3b,26.575683657055063,29451244850926.758,288941776928.0,11241452.0,recompute,naive,pim,gpu,3194526359207.941,26250708154930.26,6009988960.0426,305667.725887479,41455.92860001107,21.87937565225155,0.00010844461416154819,21.747638323446584,0.013410243484226784,1087200.0,0.0,32,0,862838315486.458,28588406532204.2,8.03840803879419,18.53727561826087,107.33945220525145,1542.2118719560963,1108.202717603779,32,2,4096.0,8.0,512.0,8.0,0.666,replicate,dag,supervisor,True,11241452.0
LLAMA-33B,baseline,8,wl_baseline_alltoall_N16_C32_D2.json,32,A4,24.77333064954584,29696026788113.258,288941776928.0,11444972.0,recompute,master-diff,pim,gpu,3194526359207.941,26495490127648.836,6009988960.0426,311316.2737284713,300.4198000004591,21.87937565225155,0.00010844461416154819,22.04066989057577,0.013658056372084428,1087200.0,0.0,32,0,862838315486.458,28833188470382.336,8.013216824154691,16.76011382539115,107.67689611063011,1720.3456235900246,1198.709499671481,32,2,4096.0,8.0,512.0,8.0,0.666,replicate,dag,supervisor,True,11444972.0
LLAMA-33B,baseline,8,wl_baseline_alltoall_N16_C32_D2.json,32,A4b,24.77333064954584,29696026788113.258,288941776928.0,11444972.0,recompute,master-diff,pim,gpu,3194526359207.941,26495490127648.836,6009988960.0426,311316.2737284713,300.4198000004591,21.87937565225155,0.00010844461416154819,22.04066989057577,0.013658056372084428,1087200.0,0.0,32,0,862838315486.458,28833188470382.336,8.013216824154691,16.76011382539115,107.67689611063011,1720.3456235900246,1198.709499671481,32,2,4096.0,8.0,512.0,8.0,0.666,replicate,dag,supervisor,True,11444972.0
LLAMA-33B,baseline,8,wl_baseline_alltoall_N16_C32_D2.json,32,A5,20.614147220286043,14781534571091.62,38594175008.0,13825592.0,recompute,master-diff,pim,pim,3016848539461.944,11763882734774.436,802758840.1946788,537152.6165148787,354.0669000007073,19.046392533162695,0.00010844461416154819,15.113545576786072,0.023565940286359985,507840.0,579360.0,1,31,5503375147706.63,9278159421746.506,4.824494168788204,15.789653051497838,1140.715472994124,587.6100881688697,717.0577765421872,32,2,4096.0,8.0,512.0,8.0,1.3004,mq,dag,supervisor,True,13825592.0
LLAMA-33B,baseline,8,wl_baseline_alltoall_N16_C32_D2.json,32,A6,20.614147220286043,14781534571091.62,38594175008.0,13825592.0,recompute,master-diff,pim,dynamic,3016848539461.944,11763882734774.436,802758840.1946788,537152.6165148787,354.0669000007073,19.046392533162695,0.00010844461416154819,15.113545576786072,0.023565940286359985,507840.0,579360.0,1,31,5503375147706.63,9278159421746.506,4.824494168788204,15.789653051497838,1140.715472994124,587.6100881688697,717.0577765421872,32,2,4096.0,8.0,512.0,8.0,1.3004,mq,dag,supervisor,True,13825592.0
LLAMA-65B,baseline,8,wl_baseline_alltoall_N16_C32_D2.json,32,A1,74.36583152628127,281609818660986.75,224500121600.0,17489920.0,no-reuse-physical,private,pim,gpu,25529861205124.816,256061278956976.62,18678410117.864075,83353.40339085179,,47.021418357312236,25.76310770522151,9.940403570142854,0.0009142193794700246,26583040.0,0.0,32,0,235960959453164.84,45648859252270.26,57.77655565810828,16.58927586817299,4084.026068453432,2751.7089724120465,3786.817317593825,32,2,4096.0,8.0,512.0,8.0,0.666,replicate,dag,supervisor,True,17489920.0
LLAMA-65B,baseline,8,wl_baseline_alltoall_N16_C32_D2.json,32,A2,256.78530707921846,16463530197013.703,28675785359360.0,55728.0,recompute,none,gpu,gpu,14077704855113.639,,2385825341898.949,,,161.19935588132705,,0.0,0.0,1449600.0,0.0,32,0,4108880931911.5366,12354649265100.123,256.78530707921846,0.0,16.001230672609875,,64.1139883908338,32,2,4096.0,,,,,,dag,supervisor,,
LLAMA-65B,baseline,8,wl_baseline_alltoall_N16_C32_D2.json,32,A3,36.812654348703425,47883569893702.86,118540230688.0,8541232.0,recompute,naive,pim,gpu,6469502413899.477,41404204853568.56,9862547193.828981,23034.26995239449,55274.90430003674,23.54346061295012,1.1122524529196102e-05,10.11005065528693,0.00025263966587591797,1449600.0,0.0,32,0,1701258993058.7446,46182310899816.875,8.21883922466379,28.593815124039637,206.9950447446961,1615.1153911948634,1300.7366825584354,32,2,4096.0,8.0,512.0,8.0,0.666,replicate,dag,supervisor,True,8541232.0
LLAMA-65B,baseline,8,wl_baseline_alltoall_N16_C32_D2.json,32,A3a,34.168623208811844,48269251496458.17,118540230688.0,8541232.0,recompute,naive-mask,pim,gpu,6469502413899.477,41789886511185.664,9862547193.828981,23034.26995239449,994.8146999972473,23.54346061295012,1.1122524529196102e-05,10.18002399548054,0.00025263966587591797,1449600.0,0.0,32,0,1701258993058.7446,46567992503159.0,8.21883922466379,25.949783984148056,206.9950447446961,1794.542587776684,1412.6776838936219,32,2,4096.0,8.0,512.0,8.0,0.666,replicate,dag,supervisor,True,8541232.0
LLAMA-65B,baseline,8,wl_baseline_alltoall_N16_C32_D2.json,32,A3b,27.700589019568156,47966011722549.68,118540230688.0,14704432.0,recompute,naive,pim,gpu,6469502413899.477,41486646580281.31,9862547193.828981,127450.93555020627,55274.90430003674,23.54346061295012,1.1122524529196102e-05,10.040392296720952,0.0013978807159744403,1449600.0,0.0,32,0,1701258993058.7446,46264752733866.36,8.218839224648837,19.481749794919317,206.9950447450727,2374.773992115012,1731.5881510196657,32,2,4096.0,8.0,512.0,8.0,0.666,replicate,dag,supervisor,True,14704432.0
LLAMA-65B,baseline,8,wl_baseline_alltoall_N16_C32_D2.json,32,A4,24.9687957026089,48338992922196.586,118540230688.0,12946992.0,recompute,master-diff,pim,gpu,6469502413899.477,41859627852005.875,9862547193.828981,111365.24723028993,400.56830000110506,23.54346061295012,1.1122524529196102e-05,9.800065312697765,0.0012214530310156325,1449600.0,0.0,32,0,1701258993058.7446,46637733935035.38,8.185250938465163,16.783544764143738,207.84445166659143,2778.7773435485424,1935.9761479063172,32,2,4096.0,8.0,512.0,8.0,0.666,replicate,dag,supervisor,True,12946992.0
LLAMA-65B,baseline,8,wl_baseline_alltoall_N16_C32_D2.json,32,A4b,24.9687957026089,48338992922196.586,118540230688.0,12946992.0,recompute,master-diff,pim,gpu,6469502413899.477,41859627852005.875,9862547193.828981,111365.24723028993,400.56830000110506,23.54346061295012,1.1122524529196102e-05,9.800065312697765,0.0012214530310156325,1449600.0,0.0,32,0,1701258993058.7446,46637733935035.38,8.185250938465163,16.783544764143738,207.84445166659143,2778.7773435485424,1935.9761479063172,32,2,4096.0,8.0,512.0,8.0,0.666,replicate,dag,supervisor,True,12946992.0
LLAMA-65B,baseline,8,wl_baseline_alltoall_N16_C32_D2.json,32,A5,20.60372842947871,24722306117183.24,15833522208.0,16121152.0,recompute,master-diff,pim,pim,6175165456710.454,18545823104813.395,1317349047.668714,204016.05452462655,472.3527000014712,19.76614978743131,1.1122524529196102e-05,6.848961164995083,0.0022376462529040504,677120.0,772480.0,1,31,8986346479830.932,15735959635905.443,4.311745198777615,16.291983230701096,2084.1552702090494,965.871337643666,1199.8947764139566,32,2,4096.0,8.0,512.0,8.0,1.3004,mq,dag,supervisor,True,16121152.0
LLAMA-65B,baseline,8,wl_baseline_alltoall_N16_C32_D2.json,32,A6,20.60372842947871,24722306117183.24,15833522208.0,16121152.0,recompute,master-diff,pim,dynamic,6175165456710.454,18545823104813.395,1317349047.668714,204016.05452462655,472.3527000014712,19.76614978743131,1.1122524529196102e-05,6.848961164995083,0.0022376462529040504,677120.0,772480.0,1,31,8986346479830.932,15735959635905.443,4.311745198777615,16.291983230701096,2084.1552702090494,965.871337643666,1199.8947764139566,32,2,4096.0,8.0,512.0,8.0,1.3004,mq,dag,supervisor,True,16121152.0
LLAMA-7B,baseline,8,wl_baseline_alltoall_N16_C32_D2.json,32,A1,195.81197563146787,38854823971361.36,359200194560.0,6995968.0,no-reuse-physical,private,pim,gpu,2495001304124.8438,36356086851097.53,3735682023.4788604,133365.44542707287,,24.598489928871,161.07172004389338,142.1747461143942,0.05851004028603574,10633216.0,0.0,32,0,36716471127714.61,2138352835856.6978,180.69870359196295,15.11327203950492,203.19166877159418,141.48841033676953,198.42925258304382,32,2,4096.0,8.0,512.0,8.0,0.666,replicate,dag,supervisor,True,6995968.0
LLAMA-7B,baseline,8,wl_baseline_alltoall_N16_C32_D2.json,32,A2,217.53241037463525,2681003620262.351,45881256574976.0,32736.0,recompute,none,gpu,gpu,2203838551882.427,,477165068379.8258,,,64.59488845803473,,0.0,0.0,579840.0,0.0,32,0,689221718031.7269,1991781902230.4912,217.53241037463528,0.0,3.1683633571877694,,12.324616895685176,32,2,4096.0,,,,,,dag,supervisor,,
LLAMA-7B,baseline,8,wl_baseline_alltoall_N16_C32_D2.json,32,A3,19.539024811316686,2370113173950.205,189664354336.0,7840192.0,recompute,naive,pim,gpu,682808710569.4406,1685331672603.9324,1972509285.1024587,259315.44504987006,22109.69549999174,9.532530350722185,0.0007118415698789303,130.24983985227945,0.11376677885471004,579840.0,0.0,32,0,207886323826.14178,2162226850142.364,4.011231378714118,15.527793432602568,51.826061425752,139.24881597165603,121.3015079737999,32,2,4096.0,8.0,512.0,8.0,0.666,replicate,dag,supervisor,True,7840192.0
LLAMA-7B,baseline,8,wl_baseline_alltoall_N16_C32_D2.json,32,A3a,18.456418915017395,2385813114443.927,189664354336.0,7840192.0,recompute,naive-mask,pim,gpu,682808710569.4406,1701031634986.9963,1972509285.1024587,259315.44504987006,397.64430000035355,9.532530350722185,0.0007118415698789303,130.29778647119625,0.11376677885471004,579840.0,0.0,32,0,207886323826.14178,2177926790828.916,4.011231378714118,14.445187536303276,51.826061425752,150.7717906296063,129.26739068014257,32,2,4096.0,8.0,512.0,8.0,0.666,replicate,dag,supervisor,True,7840192.0
LLAMA-7B,baseline,8,wl_baseline_alltoall_N16_C32_D2.json,32,A3b,19.539024811316686,2370113173950.205,189664354336.0,7840192.0,recompute,naive,pim,gpu,682808710569.4406,1685331672603.9324,1972509285.1024587,259315.44504987006,22109.69549999174,9.532530350722185,0.0007118415698789303,130.24983985227945,0.11376677885471004,579840.0,0.0,32,0,207886323826.14178,2162226850142.364,4.011231378714118,15.527793432602568,51.826061425752,139.24881597165603,121.3015079737999,32,2,4096.0,8.0,512.0,8.0,0.666,replicate,dag,supervisor,True,7840192.0
LLAMA-7B,baseline,8,wl_baseline_alltoall_N16_C32_D2.json,32,A4,24.00929547343293,2385806242023.6055,189664354336.0,7653824.0,recompute,master-diff,pim,gpu,682808710569.4406,1701024773809.7615,1972509285.1024587,248192.15084505943,160.47310000007087,9.532530350722185,0.0007118415698789303,129.9516958909233,0.10888677121726523,579840.0,0.0,32,0,207886323826.14178,2177919918253.478,3.9977960642376704,20.01149940919526,52.000232249411425,108.83341991118999,99.3701062433747,32,2,4096.0,8.0,512.0,8.0,0.666,replicate,dag,supervisor,True,7653824.0
LLAMA-7B,baseline,8,wl_baseline_alltoall_N16_C32_D2.json,32,A4b,21.106820852583002,2385806241992.2925,189664354336.0,7653824.0,recompute,master-diff,pim,gpu,682808710569.4406,1701024773752.6511,1972509285.1024587,248192.15084505943,160.47310000007087,9.532530350722185,0.0007118415698789303,130.26096056812656,0.10888677121726523,579840.0,0.0,32,0,207886323826.14178,2177919918246.962,3.9977960642376704,17.10902478834533,52.000232249411425,127.29655519176998,113.03484587544236,32,2,4096.0,8.0,512.0,8.0,0.666,replicate,dag,supervisor,True,7653824.0
LLAMA-7B,baseline,8,wl_baseline_alltoall_N16_C32_D2.json,32,A5,16.404597482233143,1432276724605.8528,25333620768.0,8923488.0,recompute,master-diff,pim,pim,624539990612.2676,807472867775.5082,263469655.98224542,396433.4425068422,189.26990000009872,8.021606020480755,0.0007118415698789303,91.8069906732994,0.173923137426535,270848.0,308992.0,1,31,490427778411.5309,941848946298.0452,4.822669660515742,11.5819278217174,101.69217734873509,81.3205677669631,87.3094707844595,32,2,4096.0,8.0,512.0,8.0,1.3004,mq,dag,supervisor,True,8923488.0
LLAMA-7B,baseline,8,wl_baseline_alltoall_N16_C32_D2.json,32,A6,15.308875152301715,1151693406841.0168,123289493536.0,7682624.0,recompute,master-diff,pim,dynamic,679850597680.2612,470560346754.6755,1282210732.7850597,251664.8379491441,160.8777000000699,9.433821983573171,0.0007118415698789303,48.681300531977364,0.11041030725545631,572160.0,7680.0,17,15,209844460679.12375,941848946298.0452,3.726947330537306,11.58192782176441,56.30464883679237,81.32056776663303,75.23043955766128,32,2,4096.0,8.0,512.0,8.0,1.3004,mq,dag,supervisor,True,7682624.0
LLAMA3-8B,baseline,8,wl_baseline_alltoall_N16_C32_D2.json,32,A1,358.93765707131945,72032647114914.88,359200194560.0,6995968.0,no-reuse-physical,private,pim,gpu,3017831591160.9727,69011079721249.26,3735682023.4788604,133365.44542707287,,28.846955957068662,321.0410633033591,124.49451312039379,0.05851004028603574,10633216.0,0.0,32,0,69808817632077.83,2223829489954.6963,344.2293507093474,14.708306361972063,202.7974008846835,151.1954833701553,200.68289212854108,32,2,4096.0,8.0,512.0,8.0,0.666,replicate,dag,supervisor,True,6995968.0
LLAMA3-8B,baseline,8,wl_baseline_alltoall_N16_C32_D2.json,32,A2,103.7619792682093,2455644809413.0225,11470314143744.0,32736.0,recompute,none,gpu,gpu,2336353542318.3003,,119291267094.95645,,,65.52759878907756,,0.0,0.0,579840.0,0.0,32,0,356408733701.24255,2099236075712.0166,103.7619792682093,0.0,3.434868303542851,,23.66613307428866,32,2,4096.0,,,,,,dag,supervisor,,
LLAMA3-8B,baseline,8,wl_baseline_alltoall_N16_C32_D2.json,32,A3,28.480937870997973,2480259348699.2256,189664354336.0,6365632.0,recompute,naive,pim,gpu,815323701002.035,1662962967596.9258,1972509285.1024587,140666.97349814634,30107.109900023817,10.465240681759171,0.0007118415698789303,126.42331081244079,0.061713364056611895,579840.0,0.0,32,0,232947140780.46893,2247312207914.816,4.256779540492449,24.224158330505524,54.72379731310217,92.77152903532553,87.08489024951892,32,2,4096.0,8.0,512.0,8.0,0.666,replicate,dag,supervisor,True,6365632.0
LLAMA3-8B,baseline,8,wl_baseline_alltoall_N16_C32_D2.json,32,A3a,27.13693520072137,2495749515379.9297,189664354336.0,6365632.0,recompute,naive-mask,pim,gpu,815323701002.035,1678453163805.8801,1972509285.1024587,140666.97349814634,594.8667000007682,10.465240681759171,0.0007118415698789303,127.47618674041377,0.061713364056611895,579840.0,0.0,32,0,232947140780.46893,2262802374572.884,4.256779540492449,22.880155660228922,54.72379731310217,98.89803234626437,91.96873180113523,32,2,4096.0,8.0,512.0,8.0,0.666,replicate,dag,supervisor,True,6365632.0
LLAMA3-8B,baseline,8,wl_baseline_alltoall_N16_C32_D2.json,32,A3b,20.835464775869255,2480483286238.367,189664354336.0,8524224.0,recompute,naive,pim,gpu,815323701002.035,1663186814573.517,1972509285.1024587,231391.3418820499,30107.109900023817,10.465240681759171,0.0007118415698789303,125.8577315708193,0.10151592634867834,579840.0,0.0,32,0,232947140780.46893,2247536145607.1655,4.256779540492449,16.578685235376806,54.72379731310217,135.56781576449796,119.05101772009219,32,2,4096.0,8.0,512.0,8.0,0.666,replicate,dag,supervisor,True,8524224.0
LLAMA3-8B,baseline,8,wl_baseline_alltoall_N16_C32_D2.json,32,A4,27.866106421291978,2495758667048.973,189664354336.0,6474176.0,recompute,master-diff,pim,gpu,815323701002.035,1678462312125.5308,1972509285.1024587,144374.73823432188,224.83150000029664,10.465240681759171,0.0007118415698789303,127.66625840478314,0.0633400332694127,579840.0,0.0,32,0,232947140780.46893,2262811526193.007,4.243344226016001,23.622762195275975,54.89706429006321,95.78945541963415,89.56251832663676,32,2,4096.0,8.0,512.0,8.0,0.666,replicate,dag,supervisor,True,6474176.0
LLAMA3-8B,baseline,8,wl_baseline_alltoall_N16_C32_D2.json,32,A4b,21.747437497034863,2495954612395.817,189664354336.0,8362944.0,recompute,master-diff,pim,gpu,815323701002.035,1678658178107.665,1972509285.1024587,223758.56057285267,224.83150000029664,10.465240681759171,0.0007118415698789303,126.57573500787585,0.09816727527438315,579840.0,0.0,32,0,232947140780.46893,2263007471694.515,4.243344226016001,17.50409327101886,54.89706429006321,129.2844728747719,114.77005567833571,32,2,4096.0,8.0,512.0,8.0,0.666,replicate,dag,supervisor,True,8362944.0
LLAMA3-8B,baseline,8,wl_baseline_alltoall_N16_C32_D2.json,32,A5,16.956476230716046,1510613483900.8586,25333620768.0,11599552.0,recompute,master-diff,pim,pim,757054981045.3167,753294660942.323,263469655.98224542,371999.85223724146,340.01870000045477,8.954316351518543,0.0007118415698789303,87.83158127409249,0.1632036414827699,270848.0,308992.0,1,31,483676984294.179,1026936499732.9988,5.05695299751663,11.899523233199416,95.64593234932246,86.30064243816659,89.08770096728215,32,2,4096.0,8.0,512.0,8.0,1.3004,mq,dag,supervisor,True,11599552.0
LLAMA3-8B,baseline,8,wl_baseline_alltoall_N16_C32_D2.json,32,A6,15.87364153151863,1261322103629.6697,123289493536.0,8437824.0,recompute,master-diff,pim,dynamic,812365588112.8701,447674077416.20355,1282210732.7850597,227231.24767697093,226.4499000003077,10.366532314610286,0.0007118415698789303,45.47273181855687,0.09969081131257342,572160.0,7680.0,17,15,234385603998.21082,1026936499732.9988,3.9741182981565237,11.899523233362105,58.97801384194713,86.30064243698669,79.46016048839168,32,2,4096.0,8.0,512.0,8.0,1.3004,mq,dag,supervisor,True,8437824.0
