device,name,kind,m,n,k,numOp,time_us,energy_J,energy_offchip_pJ,energy_L2_pJ,energy_L1_pJ,energy_reg_pJ,energy_alu_pJ,energy_link_pJ
GPU,qkv,FC,4,12288,4096,1,39.798422013196685,0.0034105720831999996,2894814248.96,249377587.2,161187102.72,40768634.88,64424509.44,0
GPU,proj,FC,4,4096,4096,1,12.445093359539522,0.00117523349504,965565480.9599999,120874598.39999999,53729034.24,13589544.96,21474836.48,0
GPU,comm_g2g,G2G,4,4096,1,1,0.0,3.4078720000000003e-07,0,0,0,0,0,340787.2
GPU,norm1,NORM,4,4096,1,1,6.942965498806682,3.2047923200000003e-06,2823290.88,235929.59999999998,125829.12,6635.52,13107.2,0
GPU,ff1,FC,4,10922.666666666666,4096,1,34.80803828317686,0.003078740596053332,2573272787.626666,268671385.59999996,143291405.65333334,36238786.56,57266230.61333333,0
GPU,ff2,FC,4,10922.666666666666,4096,1,34.80803828317686,0.003078740596053332,2573272787.626666,268671385.59999996,143291405.65333334,36238786.56,57266230.61333333,0
GPU,glu,ACT,4,10922.666666666666,1,1,8.344359296610977,8.57407488e-06,7528775.68,629145.6,335544.32,17694.72,62914.56,0
GPU,ff3,FC,4,4096,10922.666666666666,1,33.16669942439982,0.0031321865147733324,2573272787.626666,322201190.4,143207519.57333332,36238786.56,57266230.61333333,0
GPU,norm2,NORM,4,4096,1,1,6.942965498806682,3.2047923200000003e-06,2823290.88,235929.59999999998,125829.12,6635.52,13107.2,0
GPU,score,MATMUL,4,4,128,32,0.07884318405166363,2.1779302400000004e-06,1911603.2,159744.0,85196.8,414.72,20971.52,0
GPU,softmax,SOFTMAX,4,4,1,32,0.0024259441246665733,6.690304000000001e-08,58818.56,4915.2,2621.44,138.24,409.6,0
GPU,context,MATMUL,4,128,4,32,0.07884318405166363,2.1871052800000003e-06,1911603.2,159744.0,94371.84,414.72,20971.52,0
GPU,comm_x2g,X2G,4,8192,1,1,0.21845333333333333,6.815744000000001e-07,0,0,0,0,0,681574.4
GPU,qkv,FC,605,12288,4096,1,274.4950153846154,0.030680000757760003,3460413521.92,1521726259.2,9787397898.24,6166256025.6,9744207052.800001,0
GPU,proj,FC,605,4096,4096,1,91.49833846153847,0.01044843855872,1248365117.44,634119782.4,3262465966.08,2055418675.2,3248069017.6,0
GPU,comm_g2g,G2G,605,4096,1,1,0.0,5.1544064e-05,0,0,0,0,0,51544064.0
GPU,norm1,NORM,605,4096,1,1,17.906031694510734,0.0004847248383999999,427022745.59999996,35684352.0,19031654.400000002,1003622.4,1982464.0,0
GPU,ff1,FC,605,10922.666666666666,4096,1,217.89371763864042,0.02755333346645333,3091738787.8399997,1616936959.9999998,8702023871.146666,5481116467.200001,8661517380.266666,0
GPU,ff2,FC,605,10922.666666666666,4096,1,217.89371763864042,0.02755333346645333,3091738787.8399997,1616936959.9999998,8702023871.146666,5481116467.200001,8661517380.266666,0
GPU,glu,ACT,605,10922.666666666666,1,1,25.733907692307696,0.0012968288256000001,1138727321.6,95158272.0,50751078.4,2676326.4000000004,9515827.200000001,0
GPU,ff3,FC,605,4096,10922.666666666666,1,243.99556923076923,0.027594870183253333,3091738787.8399997,1671161446.3999999,8689336101.546667,5481116467.200001,8661517380.266666,0
GPU,norm2,NORM,605,4096,1,1,17.906031694510734,0.0004847248383999999,427022745.59999996,35684352.0,19031654.400000002,1003622.4,1982464.0,0
GPU,score,MATMUL,605,605,128,32,40.5443076923077,0.0020864188752,957465062.4,127590144.0,512120012.8,9487368.0,479756288.0,0
GPU,softmax,SOFTMAX,605,605,1,32,55.49726238944265,0.0015305115759999999,1345566464.0,112442880.0,59969536.0,3162456.0,9370240.0,0
GPU,context,MATMUL,605,128,605,32,40.5443076923077,0.0020259041615999997,957465062.4,91905792.0,487289651.2,9487368.0,479756288.0,0
GPU,comm_x2g,X2G,605,8192,1,1,33.041066666666666,0.000103088128,0,0,0,0,0,103088128.0
GPU,qkv,FC,713,12288,4096,1,323.49577846153846,0.03553919107072,3562051993.6,1663991808.0,11562469294.08,7267009167.360001,11483668807.68,0
GPU,proj,FC,713,4096,4096,1,107.83192615384617,0.01210775764992,1299184353.28,704190873.6,3854156431.36,2422336389.1200004,3827889602.56,0
GPU,comm_g2g,G2G,713,4096,1,1,0.0,6.07453184e-05,0,0,0,0,0,60745318.4
GPU,norm1,NORM,713,4096,1,1,19.876100162291166,0.00057125423104,503251599.35999995,42054451.199999996,22429040.64,1182781.4400000002,2336358.4,0
GPU,ff1,FC,713,10922.666666666666,4096,1,262.9045056703297,0.03194892648448,3184907386.8799996,1816507187.1999998,10280242599.253334,6459563704.320001,10207705606.826666,0
GPU,ff2,FC,713,10922.666666666666,4096,1,262.9045056703297,0.03194892648448,3184907386.8799996,1816507187.1999998,10280242599.253334,6459563704.320001,10207705606.826666,0
GPU,glu,ACT,713,10922.666666666666,1,1,30.327729230769233,0.00152832884736,1342004264.96,112145203.2,59810775.04,3154083.8400000003,11214520.32,0
GPU,ff3,FC,713,4096,10922.666666666666,1,287.5518030769231,0.03197194534911999,3184907386.8799996,1854478745.5999997,10265289905.493332,6459563704.320001,10207705606.826666,0
GPU,norm2,NORM,713,4096,1,1,19.876100162291166,0.00057125423104,503251599.35999995,42054451.199999996,22429040.64,1182781.4400000002,2336358.4,0
GPU,score,MATMUL,713,713,128,32,56.31164307692308,0.0028261414863999996,1269923957.76,162194380.79999998,714516807.6800001,13176924.48,666329415.6800001,0
GPU,softmax,SOFTMAX,713,713,1,32,77.07967429453882,0.00212571447136,1868845783.04,156170956.79999998,83291176.96000001,4392308.16,13014246.4,0
GPU,context,MATMUL,713,128,713,32,56.31164307692308,0.00274664689184,1269923957.76,120139929.6,677076664.32,13176924.48,666329415.6800001,0
GPU,comm_x2g,X2G,713,8192,1,1,38.93930666666667,0.0001214906368,0,0,0,0,0,121490636.8
GPU,qkv,FC,656,12288,4096,1,297.6342646153846,0.032935247872,3508409466.8799996,1588907212.8,10586255523.84,6686056120.320001,10565619548.16,0
GPU,proj,FC,656,4096,4096,1,99.21142153846155,0.01121888239616,1272363089.9199998,667208908.8,3528751841.28,2228685373.44,3521873182.7200003,0
GPU,comm_g2g,G2G,656,4096,1,1,0.0,5.5889100800000006e-05,0,0,0,0,0,55889100.800000004
GPU,norm1,NORM,656,4096,1,1,18.83634180429594,0.0005255859404799999,463019704.32,38692454.4,20635975.68,1088225.28,2149580.8,0
GPU,ff1,FC,656,10922.666666666666,4096,1,241.88689441758243,0.029657151133013333,3135735070.72,1774295449.6,9412297796.266666,5943160995.84,9391661820.586666,0
GPU,ff2,FC,656,10922.666666666666,4096,1,241.88689441758243,0.029657151133013333,3135735070.72,1774295449.6,9412297796.266666,5943160995.84,9391661820.586666,0
GPU,glu,ACT,656,10922.666666666666,1,1,27.90321230769231,0.00140614828032,1234719211.52,103179878.39999999,55029268.480000004,2901934.08,10317987.84,0
GPU,ff3,FC,656,4096,10922.666666666666,1,264.56379076923076,0.02962682631509333,3135735070.72,1757727948.7999997,9398540479.146666,5943160995.84,9391661820.586666,0
GPU,norm2,NORM,656,4096,1,1,18.83634180429594,0.0005255859404799999,463019704.32,38692454.4,20635975.68,1088225.28,2149580.8,0
GPU,score,MATMUL,656,656,128,32,47.6679876923077,0.00241766375424,1099671797.76,143484518.4,599303127.04,11154309.120000001,564050001.92,0
GPU,softmax,SOFTMAX,656,656,1,32,65.24819317703216,0.00179942416384,1581983989.76,132199219.19999999,70506250.24,3718103.04,11016601.6,0
GPU,context,MATMUL,656,128,656,32,47.6679876923077,0.0023505968332799996,1099671797.76,104792064.0,570928660.48,11154309.120000001,564050001.92,0
GPU,comm_x2g,X2G,656,8192,1,1,35.826346666666666,0.00011177820160000001,0,0,0,0,0,111778201.60000001
GPU,qkv,FC,677,12288,4096,1,307.1621907692308,0.03396241063936,3528172503.04,1616569958.3999999,11013728501.76,6900091453.440001,10903848222.72,0
GPU,proj,FC,677,4096,4096,1,102.38739692307693,0.011568967843839999,1282244608.0,680833843.1999999,3671242833.92,2300030484.48,3634616074.2400002,0
GPU,comm_g2g,G2G,677,4096,1,1,0.0,5.76782336e-05,0,0,0,0,0,57678233.6
GPU,norm1,NORM,677,4096,1,1,19.219410673031025,0.00054241110016,477841981.44,39931084.8,21296578.56,1123061.76,2218393.6,0
GPU,ff1,FC,677,10922.666666666666,4096,1,249.6302248791209,0.030561769663146672,3153851187.2,1789847142.3999999,9792347176.960001,6133414625.280001,9692309531.306667,0
GPU,ff2,FC,677,10922.666666666666,4096,1,249.6302248791209,0.030561769663146672,3153851187.2,1789847142.3999999,9792347176.960001,6133414625.280001,9692309531.306667,0
GPU,glu,ACT,677,10922.666666666666,1,1,28.79645538461539,0.0014511621734399998,1274245283.84,106482892.8,56790876.160000004,2994831.3600000003,10648289.28,0
GPU,ff3,FC,677,4096,10922.666666666666,1,273.0330584615385,0.030551097780906665,3153851187.2,1793372979.1999998,9778149457.92,6133414625.280001,9692309531.306667,0
GPU,norm2,NORM,677,4096,1,1,19.219410673031025,0.00054241110016,477841981.44,39931084.8,21296578.56,1123061.76,2218393.6,0
GPU,score,MATMUL,677,677,128,32,50.76875076923077,0.00257193729824,1161006689.28,150261504.0,648048230.4,11879887.680000002,600740986.88,0
GPU,softmax,SOFTMAX,677,677,1,32,69.49253404464412,0.0019164752137599997,1684890736.6399999,140798668.79999998,75092623.36,3959962.56,11733222.4,0
GPU,context,MATMUL,677,128,677,32,50.76875076923077,0.00249667829536,1161006689.28,110330419.2,612720312.32,11879887.680000002,600740986.88,0
GPU,comm_x2g,X2G,677,8192,1,1,36.97322666666666,0.0001153564672,0,0,0,0,0,115356467.2
GPU,qkv,FC,707,12288,4096,1,320.7735138461539,0.03531934400512,3556405411.8399997,1656088166.3999999,11513962168.32,7205856215.040001,11387032043.52,0
GPU,proj,FC,707,4096,4096,1,106.92450461538462,0.012032275906560001,1296361062.3999999,700298035.1999999,3837987389.44,2401952071.6800003,3795677347.84,0
GPU,comm_g2g,G2G,707,4096,1,1,0.0,6.02341376e-05,0,0,0,0,0,60234137.6
GPU,norm1,NORM,707,4096,1,1,19.76665191408114,0.0005664470425599999,499016663.03999996,41700556.8,22240296.96,1172828.1600000001,2316697.6,0
GPU,ff1,FC,707,10922.666666666666,4096,1,260.69212553846154,0.031755911168,3179731353.6,1812063846.3999999,10237104182.613335,6405205524.4800005,10121806260.906666,0
GPU,ff2,FC,707,10922.666666666666,4096,1,260.69212553846154,0.031755911168,3179731353.6,1812063846.3999999,10237104182.613335,6405205524.4800005,10121806260.906666,0
GPU,glu,ACT,707,10922.666666666666,1,1,30.072516923076925,0.00151546773504,1330711101.44,111201484.8,59307458.56,3127541.7600000002,11120148.48,0
GPU,ff3,FC,707,4096,10922.666666666666,1,285.1320123076923,0.03177331490816,3179731353.6,1844294451.1999998,10222277317.973333,6405205524.4800005,10121806260.906666,0
GPU,norm2,NORM,707,4096,1,1,19.76665191408114,0.0005664470425599999,499016663.03999996,41700556.8,22240296.96,1172828.1600000001,2316697.6,0
GPU,score,MATMUL,707,707,128,32,55.36788923076924,0.0027878928515199996,1251440225.28,160177920.0,708156538.88,12956086.08,655162081.28,0
GPU,softmax,SOFTMAX,707,707,1,32,75.78785904815388,0.00209008860256,1837524899.84,153553612.79999998,81895260.16,4318695.36,12796134.4,0
GPU,context,MATMUL,707,128,707,32,55.36788923076924,0.0027066346832,1251440225.28,118477363.2,668598927.36,12956086.08,655162081.28,0
GPU,comm_x2g,X2G,707,8192,1,1,38.611626666666666,0.0001204682752,0,0,0,0,0,120468275.2
GPU,qkv,FC,661,12288,4096,1,299.90281846153846,0.033247302778879995,3513114951.68,1595493580.8,10755527147.52,6737016913.92,10646150184.960001,0
GPU,proj,FC,661,4096,4096,1,99.96760615384616,0.01132473352192,1274715832.32,670452940.8,3585175715.84,2245672304.6400003,3548716728.32,0
GPU,comm_g2g,G2G,661,4096,1,1,0.0,5.63150848e-05,0,0,0,0,0,56315084.800000004
GPU,norm1,NORM,661,4096,1,1,18.9275486778043,0.00052959193088,466548817.91999996,38987366.4,20793262.080000002,1096519.6800000002,2165964.8,0
GPU,ff1,FC,661,10922.666666666666,4096,1,243.73054452747252,0.029932529691306668,3140048431.7866664,1777998233.6000001,9562778938.026667,5988459479.04,9463244608.853333,0
GPU,ff2,FC,661,10922.666666666666,4096,1,243.73054452747252,0.029932529691306668,3140048431.7866664,1777998233.6000001,9562778938.026667,5988459479.04,9463244608.853333,0
GPU,glu,ACT,661,10922.666666666666,1,1,28.115889230769234,0.00141686587392,1244130181.12,103966310.39999999,55448698.88,2924052.48,10396631.040000001,0
GPU,ff3,FC,661,4096,10922.666666666666,1,266.5802830769231,0.029906884143786665,3140048431.7866664,1766214860.8,9548916763.306667,5988459479.04,9463244608.853333,0
GPU,norm2,NORM,661,4096,1,1,18.9275486778043,0.00052959193088,466548817.91999996,38987366.4,20793262.080000002,1096519.6800000002,2165964.8,0
GPU,score,MATMUL,661,661,128,32,48.397403076923084,0.00246122408736,1114128296.96,145085798.4,618003906.5600001,11324992.32,572681093.12,0
GPU,softmax,SOFTMAX,661,661,1,32,66.24662080584024,0.00182695894624,1606191503.36,134222131.2,71585136.64,3774997.4400000004,11185177.6,0
GPU,context,MATMUL,661,128,661,32,48.397403076923084,0.00238861011744,1114128296.96,106098432.0,584377303.04,11324992.32,572681093.12,0
GPU,comm_x2g,X2G,661,8192,1,1,36.09941333333333,0.0001126301696,0,0,0,0,0,112630169.60000001
GPU,qkv,FC,660,12288,4096,1,299.4491076923077,0.03321066160128,3512173854.72,1594176307.2,10747442626.56,6726824755.200001,10630044057.6,0
GPU,proj,FC,660,4096,4096,1,99.81636923076923,0.01131215323136,1274245283.84,669804134.4,3582480875.52,2242274918.4,3543348019.2000003,0
GPU,comm_g2g,G2G,660,4096,1,1,0.0,5.6229887999999996e-05,0,0,0,0,0,56229888.0
GPU,norm1,NORM,660,4096,1,1,18.909307303102622,0.0005287907328,465842995.2,38928384.0,20761804.8,1094860.8,2162688.0,0
GPU,ff1,FC,660,10922.666666666666,4096,1,243.36181450549452,0.029900360471893334,3139185759.5733333,1777257676.8,9555589201.92,5979399782.400001,9448928051.2,0
GPU,ff2,FC,660,10922.666666666666,4096,1,243.36181450549452,0.029900360471893334,3139185759.5733333,1777257676.8,9555589201.92,5979399782.400001,9448928051.2,0
GPU,glu,ACT,660,10922.666666666666,1,1,28.07335384615385,0.0014147223552,1242247987.2,103809024.0,55364812.800000004,2919628.8000000003,10380902.4,0
GPU,ff3,FC,660,4096,10922.666666666666,1,266.17698461538464,0.029873779070293333,3139185759.5733333,1764517478.3999999,9541747998.72,5979399782.400001,9448928051.2,0
GPU,norm2,NORM,660,4096,1,1,18.909307303102622,0.0005287907328,465842995.2,38928384.0,20761804.8,1094860.8,2162688.0,0
GPU,score,MATMUL,660,660,128,32,48.25107692307693,0.0024552498432,1111229644.8,144764928.0,617014886.4,11290752.0,570949632.0,0
GPU,softmax,SOFTMAX,660,660,1,32,66.04632879404745,0.001821435264,1601335296.0,133816320.0,71368704.0,3763584.0000000005,11151360.0,0
GPU,context,MATMUL,660,128,660,32,48.25107692307693,0.0023823672575999997,1111229644.8,105836544.0,583060684.8000001,11290752.0,570949632.0,0
GPU,comm_x2g,X2G,660,8192,1,1,36.044799999999995,0.00011245977599999999,0,0,0,0,0,112459776.0
GPU,qkv,FC,719,12288,4096,1,326.2180430769231,0.03575903813632,3567698575.3599997,1671895449.6,11610976419.84,7328162119.68,11580305571.84,0
GPU,proj,FC,719,4096,4096,1,108.7393476923077,0.01218323939328,1302007644.1599998,708083712.0,3870325473.28,2442720706.56,3860101857.28,0
GPU,comm_g2g,G2G,719,4096,1,1,0.0,6.12564992e-05,0,0,0,0,0,61256499.2
GPU,norm1,NORM,719,4096,1,1,19.985548410501192,0.0005760614195200001,507486535.68,42408345.6,22617784.32,1192734.72,2356019.2,0
GPU,ff1,FC,719,10922.666666666666,4096,1,265.11688580219777,0.03214194180096,3190083420.16,1820950527.9999998,10323381015.893333,6513921884.160001,10293604952.746666,0
GPU,ff2,FC,719,10922.666666666666,4096,1,265.11688580219777,0.03214194180096,3190083420.16,1820950527.9999998,10323381015.893333,6513921884.160001,10293604952.746666,0
GPU,glu,ACT,719,10922.666666666666,1,1,30.58294153846154,0.00154118995968,1353297428.48,113088921.6,60314091.52,3180625.9200000004,11308892.16,0
GPU,ff3,FC,719,4096,10922.666666666666,1,289.9715938461539,0.032170575790079994,3190083420.16,1864663039.9999998,10308302493.013332,6513921884.160001,10293604952.746666,0
GPU,norm2,NORM,719,4096,1,1,19.985548410501192,0.0005760614195200001,507486535.68,42408345.6,22617784.32,1192734.72,2356019.2,0
GPU,score,MATMUL,719,719,128,32,57.263372307692315,0.00286463565856,1288540032.0,164221900.79999998,720882974.72,13399629.120000001,677591121.92,0
GPU,softmax,SOFTMAX,719,719,1,32,78.38240628948478,0.0021616414038400002,1900431349.76,158810419.2,84698890.24,4466543.04,13234201.6,0
GPU,context,MATMUL,719,128,719,32,57.263372307692315,0.00278694592544,1288540032.0,121813555.19999999,685601587.2,13399629.120000001,677591121.92,0
GPU,comm_x2g,X2G,719,8192,1,1,39.26698666666667,0.0001225129984,0,0,0,0,0,122512998.4
GPU,qkv,FC,646,12288,4096,1,293.09715692307697,0.032568836095999996,3498998497.2799997,1575734476.8,10505410314.24,6584134533.120001,10404558274.56,0
GPU,proj,FC,646,4096,4096,1,97.69905230769231,0.01109307949056,1267657605.12,660720844.8,3501803438.08,2194711511.04,3468186091.52,0
GPU,comm_g2g,G2G,646,4096,1,1,0.0,5.50371328e-05,0,0,0,0,0,55037132.800000004
GPU,norm1,NORM,646,4096,1,1,18.653928057279234,0.00051757395968,455961477.12,38102630.4,20321402.88,1071636.48,2116812.8,0
GPU,ff1,FC,646,10922.666666666666,4096,1,238.19959419780218,0.02933545893888,3127108348.586666,1766889881.6000001,9340400435.199999,5852564029.440001,9248496244.053333,0
GPU,ff2,FC,646,10922.666666666666,4096,1,238.19959419780218,0.02933545893888,3127108348.586666,1766889881.6000001,9340400435.199999,5852564029.440001,9248496244.053333,0
GPU,glu,ACT,646,10922.666666666666,1,1,27.477858461538467,0.00138471309312,1215897272.32,101607014.39999999,54190407.68,2857697.2800000003,10160701.44,0
GPU,ff3,FC,646,4096,10922.666666666666,1,260.53080615384613,0.02929577558016,3127108348.586666,1740754124.8,9326852833.28,5852564029.440001,9248496244.053333,0
GPU,norm2,NORM,646,4096,1,1,18.653928057279234,0.00051757395968,455961477.12,38102630.4,20321402.88,1071636.48,2116812.8,0
GPU,score,MATMUL,646,646,128,32,46.22577230769231,0.0023587789734400002,1071034511.36,140304998.4,589638205.44,10816830.72,546984427.52,0
GPU,softmax,SOFTMAX,646,646,1,32,63.27408114558474,0.00174498181504,1534120386.56,128199475.19999999,68373053.44,3605610.24,10683289.6,0
GPU,context,MATMUL,646,128,646,32,46.22577230769231,0.0022890299916800004,1071034511.36,102202368.0,557991854.08,10816830.72,546984427.52,0
GPU,comm_x2g,X2G,646,8192,1,1,35.280213333333336,0.0001100742656,0,0,0,0,0,110074265.60000001
GPU,qkv,FC,3420,12288,4096,1,1379.2807384615385,0.16065965850624,7718877265.92,7777891123.2,55222751723.520004,34857182822.4,55082955571.200005,0
GPU,proj,FC,3420,4096,4096,1,501.5566321678322,0.05321701982208,2572959088.64,2256430694.4,18407583907.84,11619060940.800001,18360985190.4,0
GPU,comm_g2g,G2G,3420,4096,1,1,0.0,0.000291373056,0,0,0,0,0,291373056.0
GPU,norm1,NORM,3420,4096,1,1,69.2555014797136,0.0027400974336,2413913702.4,201719808.0,107583897.60000001,5673369.600000001,11206656.0,0
GPU,ff1,FC,3420,10922.666666666666,4096,1,1268.3041273209549,0.14136516804608,6324798969.173332,5994735206.4,49098844187.30666,30984162508.800003,48962627174.4,0
GPU,ff2,FC,3420,10922.666666666666,4096,1,1268.3041273209549,0.14136516804608,6324798969.173332,5994735206.4,49098844187.30666,30984162508.800003,48962627174.4,0
GPU,glu,ACT,3420,10922.666666666666,1,1,145.47101538461538,0.007330834022400001,6437103206.4,537919488.0,286890393.6,15128985.600000001,53791948.800000004,0
GPU,ff3,FC,3420,4096,10922.666666666666,1,1337.4843524475523,0.14039915429888,5520161068.373333,5905081958.4,49027121588.90666,30984162508.800003,48962627174.4,0
GPU,norm2,NORM,3420,4096,1,1,69.2555014797136,0.0027400974336,2413913702.4,201719808.0,107583897.60000001,5673369.600000001,11206656.0,0
GPU,score,MATMUL,3420,3420,128,32,1295.601230769231,0.058660921267199996,23108194713.6,3612045312.0,16306805145.6,303170688.0,15330705408.0,0
GPU,softmax,SOFTMAX,3420,3420,1,32,1773.4258037343816,0.048907794816,42997837824.0,3593134080.0,1916338176.0,101056896.0,299427840.0,0
GPU,context,MATMUL,3420,128,3420,32,1295.601230769231,0.0564520893696,23108194713.6,2334486528.0,15375532032.0,303170688.0,15330705408.0,0
PIM,score,MATMUL,3420,3420,128,32,3837.36306099996,0.133492268032,118161562624.00002,0,0,0,15330705408.0,0
PIM,softmax,SOFTMAX,3420,3420,1,32,558.3007159904535,0.00030451811327999995,5090273.279999999,0,0,0,299427840.0,0
GPU,comm_x2g,X2G,3420,8192,1,1,186.77759999999998,0.000582746112,0,0,0,0,0,582746112.0
GPU,comm_x2g,X2G,3420,4096,1,1,93.38879999999999,0.000291373056,0,0,0,0,0,291373056.0
GPU,proj,FC,595,4096,4096,1,89.98596923076924,0.010322635653120001,1243659632.6399999,627631718.4,3235517562.88,2021444812.8000002,3194381926.4,0
GPU,comm_g2g,G2G,595,4096,1,1,0.0,5.0692096e-05,0,0,0,0,0,50692096.0
GPU,norm1,NORM,595,4096,1,1,17.72361794749403,0.00047671285760000003,419964518.4,35094528.0,18717081.6,987033.6000000001,1949696.0,0
GPU,ff1,FC,595,10922.666666666666,4096,1,214.29216858676205,0.02723006840832,3083112065.7066665,1607958528.0,8630126510.079998,5390519500.8,8518351803.733333,0
GPU,ff2,FC,595,10922.666666666666,4096,1,214.29216858676205,0.02723006840832,3083112065.7066665,1607958528.0,8630126510.079998,5390519500.8,8518351803.733333,0
GPU,glu,ACT,595,10922.666666666666,1,1,25.30855384615385,0.0012753936383999996,1119905382.3999999,93585408.0,49912217.6,2632089.6,9358540.8,0
GPU,ff3,FC,595,4096,10922.666666666666,1,239.96258461538463,0.02726381944832,3083112065.7066665,1654187622.3999999,8617648455.68,5390519500.8,8518351803.733333,0
GPU,norm2,NORM,595,4096,1,1,17.72361794749403,0.00047671285760000003,419964518.4,35094528.0,18717081.6,987033.6000000001,1949696.0,0
GPU,score,MATMUL,595,3420,128,32,225.4043076923077,0.01092705168,4684935065.599999,657607680.0,2864580198.4,52744608.0,2667184128.0,0
GPU,softmax,SOFTMAX,595,3420,1,32,308.5346062052506,0.008508812256,7480617984.0,625121280.0,333398016.0,17581536.0,52093440.0,0
GPU,context,MATMUL,595,128,3420,32,225.4043076923077,0.010566162950399999,4684935065.599999,458738688.0,2702560460.8,52744608.0,2667184128.0,0
PIM,score,MATMUL,595,3420,128,32,670.2773180000008,0.023369782016,20702597888.0,0,0,0,2667184128.0,0
PIM,softmax,SOFTMAX,595,3420,1,32,97.13126491646779,5.297902848e-05,885588.48,0,0,0,52093440.0,0
GPU,comm_x2g,X2G,595,4096,1,1,16.247466666666668,5.0692096e-05,0,0,0,0,0,50692096.0
GPU,comm_x2g,X2G,3362,4096,1,1,91.80501333333333,0.00028643164160000004,0,0,0,0,0,286431641.6
GPU,qkv,FC,595,12288,4096,1,269.9579076923077,0.030313588981760002,3451002552.3199997,1508553523.2,9706552688.64,6064334438.400001,9583145779.2,0
GPU,comm_x2g,X2G,2825,8192,1,1,154.28266666666667,0.00048136192,0,0,0,0,0,481361920.0
GPU,comm_x2g,X2G,595,8192,1,1,32.494933333333336,0.000101384192,0,0,0,0,0,101384192.0
GPU,qkv,FC,3458,12288,4096,1,1412.0386560000002,0.16159955484672,7772519792.639999,6971051212.8,55916510576.64,35244484853.76,55694988410.880005,0
GPU,proj,FC,3458,4096,4096,1,480.4384581818182,0.05388876120064,2590839930.88,2345926656.0,18638836858.88,11748161617.92,18564996136.96,0
GPU,comm_g2g,G2G,3458,4096,1,1,0.0,0.00029461053440000005,0,0,0,0,0,294610534.40000004
GPU,norm1,NORM,3458,4096,1,1,69.94867371837708,0.00277054296064,2440734965.7599998,203961139.2,108779274.24000001,5736407.04,11331174.4,0
GPU,ff1,FC,3458,10922.666666666666,4096,1,1281.1692218181818,0.14333605227178664,6366520934.399999,6418792447.999999,49715651543.03999,31328430981.12,49506656365.22666,0
GPU,ff2,FC,3458,10922.666666666666,4096,1,1281.1692218181818,0.14333605227178664,6366520934.399999,6418792447.999999,49715651543.03999,31328430981.12,49506656365.22666,0
GPU,glu,ACT,3458,10922.666666666666,1,1,147.08736000000002,0.007412287733759998,6508626575.359999,543896371.1999999,290078064.64,15297085.44,54389637.120000005,0
GPU,ff3,FC,3458,4096,10922.666666666666,1,1281.1692218181818,0.14217365465770665,5552942612.48,6142492671.999999,49643132026.88,31328430981.12,49506656365.22666,0
GPU,norm2,NORM,3458,4096,1,1,69.94867371837708,0.00277054296064,2440734965.7599998,203961139.2,108779274.24000001,5736407.04,11331174.4,0
GPU,score,MATMUL,3458,3458,128,32,1324.5523200000002,0.060046374053119994,23606483496.96,3740349849.6,16716315033.6,309945242.88,15673280430.08,0
GPU,softmax,SOFTMAX,3458,3458,1,32,1813.0542074968412,0.05000067270016,43958653706.24,3673425100.7999997,1959160053.76,103315080.96000001,306118758.40000004,0
GPU,context,MATMUL,3458,128,3458,32,1324.5523200000002,0.05771158556799999,23606483496.96,2380608921.6,15741267476.48,309945242.88,15673280430.08,0
PIM,score,MATMUL,3458,3458,128,32,3913.6509370000263,0.13685252016128002,121179239731.20001,0,0,0,15673280430.08,0
PIM,softmax,SOFTMAX,3458,3458,1,32,570.7763245823389,0.0003113227772928,5204018.8928,0,0,0,306118758.40000004,0
GPU,comm_x2g,X2G,3458,8192,1,1,188.85290666666668,0.0005892210688000001,0,0,0,0,0,589221068.8000001
GPU,comm_x2g,X2G,3458,4096,1,1,94.42645333333334,0.00029461053440000005,0,0,0,0,0,294610534.40000004
GPU,proj,FC,604,4096,4096,1,91.34710153846154,0.01043585826816,1247894568.96,633470976.0,3259771125.76,2052021288.96,3242700308.48,0
GPU,comm_g2g,G2G,604,4096,1,1,0.0,5.14588672e-05,0,0,0,0,0,51458867.2
GPU,norm1,NORM,604,4096,1,1,17.887790319809067,0.00048392364031999997,426316922.88,35625369.6,19000197.12,1001963.52,1979187.2,0
GPU,ff1,FC,604,10922.666666666666,4096,1,217.53356273345258,0.02752100696064,3090876115.626666,1616039116.8,8694834135.039999,5472056770.56,8647200822.613333,0
GPU,ff2,FC,604,10922.666666666666,4096,1,217.53356273345258,0.02752100696064,3090876115.626666,1616039116.8,8694834135.039999,5472056770.56,8647200822.613333,0
GPU,glu,ACT,604,10922.666666666666,1,1,25.691372307692312,0.0012946853068799998,1136845127.68,95000985.6,50667192.32,2671902.72,9500098.56,0
GPU,ff3,FC,604,4096,10922.666666666666,1,243.59227076923077,0.02756176510976,3090876115.626666,1669464063.9999998,8682167336.960001,5472056770.56,8647200822.613333,0
GPU,norm2,NORM,604,4096,1,1,17.887790319809067,0.00048392364031999997,426316922.88,35625369.6,19000197.12,1001963.52,1979187.2,0
GPU,score,MATMUL,604,3458,128,32,231.35616000000005,0.011192240186879998,4794756669.44,682415308.8,2923319132.16,54137341.440000005,2737611735.04,0
GPU,softmax,SOFTMAX,604,3458,1,32,316.68153306191215,0.00873348939008,7678145413.12,641627750.4,342201466.88,18045780.48,53468979.2,0
GPU,context,MATMUL,604,128,3458,32,231.35616000000005,0.01080817891072,4794756669.44,468663091.2,2753010073.6,54137341.440000005,2737611735.04,0
PIM,score,MATMUL,604,3458,128,32,685.1182490000006,0.02400469643264,21267084697.6,0,0,0,2737611735.04,0
PIM,softmax,SOFTMAX,604,3458,1,32,99.69603818615751,5.4377951846399996e-05,908972.6464,0,0,0,53468979.2,0
GPU,comm_x2g,X2G,604,4096,1,1,16.49322666666667,5.14588672e-05,0,0,0,0,0,51458867.2
GPU,comm_x2g,X2G,3397,4096,1,1,92.76074666666668,0.0002894135296,0,0,0,0,0,289413529.6
GPU,qkv,FC,604,12288,4096,1,274.0413046153846,0.030643359580160002,3459472424.96,1520408985.6,9779313377.28,6156063866.88,9728100925.44,0
GPU,comm_x2g,X2G,2854,8192,1,1,155.86645333333334,0.00048630333440000004,0,0,0,0,0,486303334.40000004
GPU,comm_x2g,X2G,604,8192,1,1,32.98645333333334,0.0001029177344,0,0,0,0,0,102917734.4
