request_id,layer,qkv_tokens,attention_queries,total_KV,untouched_cached_KV,updated_KV_tokens,GPU_candidate_us,PIM_candidate_us,GPU_candidate_energy_J,PIM_candidate_energy_J,choice,selection_objective,overlap_window_us,query_input_us,output_us,cached_KV_readback_us,new_KV_write_us,GPU_attention_us,PIM_scan_us,PIM_softmax_us,applicability
Fugue-asplos-request-01,0,3420,3420,3420,0,3420,4364.628265272844,4769.218976990414,0.1646035515648,0.13496227836928,GPU,"minimum full attention service latency, not energy",0,93.38879999999999,93.38879999999999,0.0,186.77759999999998,4364.628265272844,3837.36306099996,558.3007159904535,"Actual per-layer Q/N/residency; cost equations of experiment1/2, with W=0 for scattered updates."
Fugue-asplos-request-01,1,3420,595,3420,0,3420,759.3432215898661,986.681116249802,0.030584772998399998,0.024106891348480004,GPU,"minimum full attention service latency, not energy",0,16.247466666666668,16.247466666666668,0.0,186.77759999999998,759.3432215898661,670.2773180000008,97.13126491646779,"Actual per-layer Q/N/residency; cost equations of experiment1/2, with W=0 for scattered updates."
Fugue-asplos-request-01,2,595,595,3420,2825,595,913.6258882565327,832.3984495831352,0.030584772998399994,0.02362552942848,PIM,"minimum full attention service latency, not energy",0,16.247466666666668,16.247466666666668,154.28266666666667,32.494933333333336,759.3432215898661,670.2773180000008,97.13126491646779,"Actual per-layer Q/N/residency; cost equations of experiment1/2, with W=0 for scattered updates."
Fugue-asplos-request-01,3,595,595,3420,2825,595,913.6258882565327,832.3984495831352,0.030584772998399994,0.02362552942848,PIM,"minimum full attention service latency, not energy",0,16.247466666666668,16.247466666666668,154.28266666666667,32.494933333333336,759.3432215898661,670.2773180000008,97.13126491646779,"Actual per-layer Q/N/residency; cost equations of experiment1/2, with W=0 for scattered updates."
Fugue-asplos-request-01,4,595,595,3420,2825,595,913.6258882565327,832.3984495831352,0.030584772998399994,0.02362552942848,PIM,"minimum full attention service latency, not energy",0,16.247466666666668,16.247466666666668,154.28266666666667,32.494933333333336,759.3432215898661,670.2773180000008,97.13126491646779,"Actual per-layer Q/N/residency; cost equations of experiment1/2, with W=0 for scattered updates."
Fugue-asplos-request-01,5,595,595,3420,2825,595,913.6258882565327,832.3984495831352,0.030584772998399994,0.02362552942848,PIM,"minimum full attention service latency, not energy",0,16.247466666666668,16.247466666666668,154.28266666666667,32.494933333333336,759.3432215898661,670.2773180000008,97.13126491646779,"Actual per-layer Q/N/residency; cost equations of experiment1/2, with W=0 for scattered updates."
Fugue-asplos-request-01,6,595,595,3420,2825,595,913.6258882565327,832.3984495831352,0.030584772998399994,0.02362552942848,PIM,"minimum full attention service latency, not energy",0,16.247466666666668,16.247466666666668,154.28266666666667,32.494933333333336,759.3432215898661,670.2773180000008,97.13126491646779,"Actual per-layer Q/N/residency; cost equations of experiment1/2, with W=0 for scattered updates."
Fugue-asplos-request-01,7,595,595,3420,2825,595,913.6258882565327,832.3984495831352,0.030584772998399994,0.02362552942848,PIM,"minimum full attention service latency, not energy",0,16.247466666666668,16.247466666666668,154.28266666666667,32.494933333333336,759.3432215898661,670.2773180000008,97.13126491646779,"Actual per-layer Q/N/residency; cost equations of experiment1/2, with W=0 for scattered updates."
Fugue-asplos-request-01,8,595,595,3420,2825,595,913.6258882565327,832.3984495831352,0.030584772998399994,0.02362552942848,PIM,"minimum full attention service latency, not energy",0,16.247466666666668,16.247466666666668,154.28266666666667,32.494933333333336,759.3432215898661,670.2773180000008,97.13126491646779,"Actual per-layer Q/N/residency; cost equations of experiment1/2, with W=0 for scattered updates."
Fugue-asplos-request-01,9,595,595,3420,2825,595,913.6258882565327,832.3984495831352,0.030584772998399994,0.02362552942848,PIM,"minimum full attention service latency, not energy",0,16.247466666666668,16.247466666666668,154.28266666666667,32.494933333333336,759.3432215898661,670.2773180000008,97.13126491646779,"Actual per-layer Q/N/residency; cost equations of experiment1/2, with W=0 for scattered updates."
Fugue-asplos-request-01,10,595,595,3420,2825,595,913.6258882565327,832.3984495831352,0.030584772998399994,0.02362552942848,PIM,"minimum full attention service latency, not energy",0,16.247466666666668,16.247466666666668,154.28266666666667,32.494933333333336,759.3432215898661,670.2773180000008,97.13126491646779,"Actual per-layer Q/N/residency; cost equations of experiment1/2, with W=0 for scattered updates."
Fugue-asplos-request-01,11,595,595,3420,2825,595,913.6258882565327,832.3984495831352,0.030584772998399994,0.02362552942848,PIM,"minimum full attention service latency, not energy",0,16.247466666666668,16.247466666666668,154.28266666666667,32.494933333333336,759.3432215898661,670.2773180000008,97.13126491646779,"Actual per-layer Q/N/residency; cost equations of experiment1/2, with W=0 for scattered updates."
Fugue-asplos-request-01,12,595,595,3420,2825,595,913.6258882565327,832.3984495831352,0.030584772998399994,0.02362552942848,PIM,"minimum full attention service latency, not energy",0,16.247466666666668,16.247466666666668,154.28266666666667,32.494933333333336,759.3432215898661,670.2773180000008,97.13126491646779,"Actual per-layer Q/N/residency; cost equations of experiment1/2, with W=0 for scattered updates."
Fugue-asplos-request-01,13,595,595,3420,2825,595,913.6258882565327,832.3984495831352,0.030584772998399994,0.02362552942848,PIM,"minimum full attention service latency, not energy",0,16.247466666666668,16.247466666666668,154.28266666666667,32.494933333333336,759.3432215898661,670.2773180000008,97.13126491646779,"Actual per-layer Q/N/residency; cost equations of experiment1/2, with W=0 for scattered updates."
Fugue-asplos-request-01,14,595,595,3420,2825,595,913.6258882565327,832.3984495831352,0.030584772998399994,0.02362552942848,PIM,"minimum full attention service latency, not energy",0,16.247466666666668,16.247466666666668,154.28266666666667,32.494933333333336,759.3432215898661,670.2773180000008,97.13126491646779,"Actual per-layer Q/N/residency; cost equations of experiment1/2, with W=0 for scattered updates."
Fugue-asplos-request-01,15,595,595,3420,2825,595,913.6258882565327,832.3984495831352,0.030584772998399994,0.02362552942848,PIM,"minimum full attention service latency, not energy",0,16.247466666666668,16.247466666666668,154.28266666666667,32.494933333333336,759.3432215898661,670.2773180000008,97.13126491646779,"Actual per-layer Q/N/residency; cost equations of experiment1/2, with W=0 for scattered updates."
Fugue-asplos-request-01,16,595,595,3420,2825,595,913.6258882565327,832.3984495831352,0.030584772998399994,0.02362552942848,PIM,"minimum full attention service latency, not energy",0,16.247466666666668,16.247466666666668,154.28266666666667,32.494933333333336,759.3432215898661,670.2773180000008,97.13126491646779,"Actual per-layer Q/N/residency; cost equations of experiment1/2, with W=0 for scattered updates."
Fugue-asplos-request-01,17,595,595,3420,2825,595,913.6258882565327,832.3984495831352,0.030584772998399994,0.02362552942848,PIM,"minimum full attention service latency, not energy",0,16.247466666666668,16.247466666666668,154.28266666666667,32.494933333333336,759.3432215898661,670.2773180000008,97.13126491646779,"Actual per-layer Q/N/residency; cost equations of experiment1/2, with W=0 for scattered updates."
Fugue-asplos-request-01,18,595,595,3420,2825,595,913.6258882565327,832.3984495831352,0.030584772998399994,0.02362552942848,PIM,"minimum full attention service latency, not energy",0,16.247466666666668,16.247466666666668,154.28266666666667,32.494933333333336,759.3432215898661,670.2773180000008,97.13126491646779,"Actual per-layer Q/N/residency; cost equations of experiment1/2, with W=0 for scattered updates."
Fugue-asplos-request-01,19,595,595,3420,2825,595,913.6258882565327,832.3984495831352,0.030584772998399994,0.02362552942848,PIM,"minimum full attention service latency, not energy",0,16.247466666666668,16.247466666666668,154.28266666666667,32.494933333333336,759.3432215898661,670.2773180000008,97.13126491646779,"Actual per-layer Q/N/residency; cost equations of experiment1/2, with W=0 for scattered updates."
Fugue-asplos-request-01,20,595,595,3420,2825,595,913.6258882565327,832.3984495831352,0.030584772998399994,0.02362552942848,PIM,"minimum full attention service latency, not energy",0,16.247466666666668,16.247466666666668,154.28266666666667,32.494933333333336,759.3432215898661,670.2773180000008,97.13126491646779,"Actual per-layer Q/N/residency; cost equations of experiment1/2, with W=0 for scattered updates."
Fugue-asplos-request-01,21,595,595,3420,2825,595,913.6258882565327,832.3984495831352,0.030584772998399994,0.02362552942848,PIM,"minimum full attention service latency, not energy",0,16.247466666666668,16.247466666666668,154.28266666666667,32.494933333333336,759.3432215898661,670.2773180000008,97.13126491646779,"Actual per-layer Q/N/residency; cost equations of experiment1/2, with W=0 for scattered updates."
Fugue-asplos-request-01,22,595,595,3420,2825,595,913.6258882565327,832.3984495831352,0.030584772998399994,0.02362552942848,PIM,"minimum full attention service latency, not energy",0,16.247466666666668,16.247466666666668,154.28266666666667,32.494933333333336,759.3432215898661,670.2773180000008,97.13126491646779,"Actual per-layer Q/N/residency; cost equations of experiment1/2, with W=0 for scattered updates."
Fugue-asplos-request-01,23,595,595,3420,2825,595,913.6258882565327,832.3984495831352,0.030584772998399994,0.02362552942848,PIM,"minimum full attention service latency, not energy",0,16.247466666666668,16.247466666666668,154.28266666666667,32.494933333333336,759.3432215898661,670.2773180000008,97.13126491646779,"Actual per-layer Q/N/residency; cost equations of experiment1/2, with W=0 for scattered updates."
Fugue-asplos-request-01,24,595,595,3420,2825,595,913.6258882565327,832.3984495831352,0.030584772998399994,0.02362552942848,PIM,"minimum full attention service latency, not energy",0,16.247466666666668,16.247466666666668,154.28266666666667,32.494933333333336,759.3432215898661,670.2773180000008,97.13126491646779,"Actual per-layer Q/N/residency; cost equations of experiment1/2, with W=0 for scattered updates."
Fugue-asplos-request-01,25,595,595,3420,2825,595,913.6258882565327,832.3984495831352,0.030584772998399994,0.02362552942848,PIM,"minimum full attention service latency, not energy",0,16.247466666666668,16.247466666666668,154.28266666666667,32.494933333333336,759.3432215898661,670.2773180000008,97.13126491646779,"Actual per-layer Q/N/residency; cost equations of experiment1/2, with W=0 for scattered updates."
Fugue-asplos-request-01,26,595,595,3420,2825,595,913.6258882565327,832.3984495831352,0.030584772998399994,0.02362552942848,PIM,"minimum full attention service latency, not energy",0,16.247466666666668,16.247466666666668,154.28266666666667,32.494933333333336,759.3432215898661,670.2773180000008,97.13126491646779,"Actual per-layer Q/N/residency; cost equations of experiment1/2, with W=0 for scattered updates."
Fugue-asplos-request-01,27,595,595,3420,2825,595,913.6258882565327,832.3984495831352,0.030584772998399994,0.02362552942848,PIM,"minimum full attention service latency, not energy",0,16.247466666666668,16.247466666666668,154.28266666666667,32.494933333333336,759.3432215898661,670.2773180000008,97.13126491646779,"Actual per-layer Q/N/residency; cost equations of experiment1/2, with W=0 for scattered updates."
Fugue-asplos-request-01,28,595,595,3420,2825,595,913.6258882565327,832.3984495831352,0.030584772998399994,0.02362552942848,PIM,"minimum full attention service latency, not energy",0,16.247466666666668,16.247466666666668,154.28266666666667,32.494933333333336,759.3432215898661,670.2773180000008,97.13126491646779,"Actual per-layer Q/N/residency; cost equations of experiment1/2, with W=0 for scattered updates."
Fugue-asplos-request-01,29,595,595,3420,2825,595,913.6258882565327,832.3984495831352,0.030584772998399994,0.02362552942848,PIM,"minimum full attention service latency, not energy",0,16.247466666666668,16.247466666666668,154.28266666666667,32.494933333333336,759.3432215898661,670.2773180000008,97.13126491646779,"Actual per-layer Q/N/residency; cost equations of experiment1/2, with W=0 for scattered updates."
Fugue-asplos-request-01,30,595,595,3420,2825,595,913.6258882565327,832.3984495831352,0.030584772998399994,0.02362552942848,PIM,"minimum full attention service latency, not energy",0,16.247466666666668,16.247466666666668,154.28266666666667,32.494933333333336,759.3432215898661,670.2773180000008,97.13126491646779,"Actual per-layer Q/N/residency; cost equations of experiment1/2, with W=0 for scattered updates."
Fugue-asplos-request-01,31,595,595,3420,2825,595,913.6258882565327,832.3984495831352,0.030584772998399994,0.02362552942848,PIM,"minimum full attention service latency, not energy",0,16.247466666666668,16.247466666666668,154.28266666666667,32.494933333333336,759.3432215898661,670.2773180000008,97.13126491646779,"Actual per-layer Q/N/residency; cost equations of experiment1/2, with W=0 for scattered updates."
Fugue-asplos-request-02,0,3458,3458,3458,0,3458,4462.158847496842,4862.133074915699,0.16834785339008,0.1383422850761728,GPU,"minimum full attention service latency, not energy",0,94.42645333333334,94.42645333333334,0.0,188.85290666666668,4462.158847496842,3913.6509370000263,570.7763245823389,"Actual per-layer Q/N/residency; cost equations of experiment1/2, with W=0 for scattered updates."
Fugue-asplos-request-02,1,3458,604,3458,0,3458,779.3938530619122,1006.6536471861581,0.03132312955648,0.024751213187686402,GPU,"minimum full attention service latency, not energy",0,16.49322666666667,16.49322666666667,0.0,188.85290666666668,779.3938530619122,685.1182490000006,99.69603818615751,"Actual per-layer Q/N/residency; cost equations of experiment1/2, with W=0 for scattered updates."
Fugue-asplos-request-02,2,604,604,3458,2854,604,935.2603063952456,850.7871938528249,0.03132312955648,0.0242649098532864,PIM,"minimum full attention service latency, not energy",0,16.49322666666667,16.49322666666667,155.86645333333334,32.98645333333334,779.3938530619122,685.1182490000006,99.69603818615751,"Actual per-layer Q/N/residency; cost equations of experiment1/2, with W=0 for scattered updates."
Fugue-asplos-request-02,3,604,604,3458,2854,604,935.2603063952456,850.7871938528249,0.03132312955648,0.0242649098532864,PIM,"minimum full attention service latency, not energy",0,16.49322666666667,16.49322666666667,155.86645333333334,32.98645333333334,779.3938530619122,685.1182490000006,99.69603818615751,"Actual per-layer Q/N/residency; cost equations of experiment1/2, with W=0 for scattered updates."
Fugue-asplos-request-02,4,604,604,3458,2854,604,935.2603063952456,850.7871938528249,0.03132312955648,0.0242649098532864,PIM,"minimum full attention service latency, not energy",0,16.49322666666667,16.49322666666667,155.86645333333334,32.98645333333334,779.3938530619122,685.1182490000006,99.69603818615751,"Actual per-layer Q/N/residency; cost equations of experiment1/2, with W=0 for scattered updates."
Fugue-asplos-request-02,5,604,604,3458,2854,604,935.2603063952456,850.7871938528249,0.03132312955648,0.0242649098532864,PIM,"minimum full attention service latency, not energy",0,16.49322666666667,16.49322666666667,155.86645333333334,32.98645333333334,779.3938530619122,685.1182490000006,99.69603818615751,"Actual per-layer Q/N/residency; cost equations of experiment1/2, with W=0 for scattered updates."
Fugue-asplos-request-02,6,604,604,3458,2854,604,935.2603063952456,850.7871938528249,0.03132312955648,0.0242649098532864,PIM,"minimum full attention service latency, not energy",0,16.49322666666667,16.49322666666667,155.86645333333334,32.98645333333334,779.3938530619122,685.1182490000006,99.69603818615751,"Actual per-layer Q/N/residency; cost equations of experiment1/2, with W=0 for scattered updates."
Fugue-asplos-request-02,7,604,604,3458,2854,604,935.2603063952456,850.7871938528249,0.03132312955648,0.0242649098532864,PIM,"minimum full attention service latency, not energy",0,16.49322666666667,16.49322666666667,155.86645333333334,32.98645333333334,779.3938530619122,685.1182490000006,99.69603818615751,"Actual per-layer Q/N/residency; cost equations of experiment1/2, with W=0 for scattered updates."
Fugue-asplos-request-02,8,604,604,3458,2854,604,935.2603063952456,850.7871938528249,0.03132312955648,0.0242649098532864,PIM,"minimum full attention service latency, not energy",0,16.49322666666667,16.49322666666667,155.86645333333334,32.98645333333334,779.3938530619122,685.1182490000006,99.69603818615751,"Actual per-layer Q/N/residency; cost equations of experiment1/2, with W=0 for scattered updates."
Fugue-asplos-request-02,9,604,604,3458,2854,604,935.2603063952456,850.7871938528249,0.03132312955648,0.0242649098532864,PIM,"minimum full attention service latency, not energy",0,16.49322666666667,16.49322666666667,155.86645333333334,32.98645333333334,779.3938530619122,685.1182490000006,99.69603818615751,"Actual per-layer Q/N/residency; cost equations of experiment1/2, with W=0 for scattered updates."
Fugue-asplos-request-02,10,604,604,3458,2854,604,935.2603063952456,850.7871938528249,0.03132312955648,0.0242649098532864,PIM,"minimum full attention service latency, not energy",0,16.49322666666667,16.49322666666667,155.86645333333334,32.98645333333334,779.3938530619122,685.1182490000006,99.69603818615751,"Actual per-layer Q/N/residency; cost equations of experiment1/2, with W=0 for scattered updates."
Fugue-asplos-request-02,11,604,604,3458,2854,604,935.2603063952456,850.7871938528249,0.03132312955648,0.0242649098532864,PIM,"minimum full attention service latency, not energy",0,16.49322666666667,16.49322666666667,155.86645333333334,32.98645333333334,779.3938530619122,685.1182490000006,99.69603818615751,"Actual per-layer Q/N/residency; cost equations of experiment1/2, with W=0 for scattered updates."
Fugue-asplos-request-02,12,604,604,3458,2854,604,935.2603063952456,850.7871938528249,0.03132312955648,0.0242649098532864,PIM,"minimum full attention service latency, not energy",0,16.49322666666667,16.49322666666667,155.86645333333334,32.98645333333334,779.3938530619122,685.1182490000006,99.69603818615751,"Actual per-layer Q/N/residency; cost equations of experiment1/2, with W=0 for scattered updates."
Fugue-asplos-request-02,13,604,604,3458,2854,604,935.2603063952456,850.7871938528249,0.03132312955648,0.0242649098532864,PIM,"minimum full attention service latency, not energy",0,16.49322666666667,16.49322666666667,155.86645333333334,32.98645333333334,779.3938530619122,685.1182490000006,99.69603818615751,"Actual per-layer Q/N/residency; cost equations of experiment1/2, with W=0 for scattered updates."
Fugue-asplos-request-02,14,604,604,3458,2854,604,935.2603063952456,850.7871938528249,0.03132312955648,0.0242649098532864,PIM,"minimum full attention service latency, not energy",0,16.49322666666667,16.49322666666667,155.86645333333334,32.98645333333334,779.3938530619122,685.1182490000006,99.69603818615751,"Actual per-layer Q/N/residency; cost equations of experiment1/2, with W=0 for scattered updates."
Fugue-asplos-request-02,15,604,604,3458,2854,604,935.2603063952456,850.7871938528249,0.03132312955648,0.0242649098532864,PIM,"minimum full attention service latency, not energy",0,16.49322666666667,16.49322666666667,155.86645333333334,32.98645333333334,779.3938530619122,685.1182490000006,99.69603818615751,"Actual per-layer Q/N/residency; cost equations of experiment1/2, with W=0 for scattered updates."
Fugue-asplos-request-02,16,604,604,3458,2854,604,935.2603063952456,850.7871938528249,0.03132312955648,0.0242649098532864,PIM,"minimum full attention service latency, not energy",0,16.49322666666667,16.49322666666667,155.86645333333334,32.98645333333334,779.3938530619122,685.1182490000006,99.69603818615751,"Actual per-layer Q/N/residency; cost equations of experiment1/2, with W=0 for scattered updates."
Fugue-asplos-request-02,17,604,604,3458,2854,604,935.2603063952456,850.7871938528249,0.03132312955648,0.0242649098532864,PIM,"minimum full attention service latency, not energy",0,16.49322666666667,16.49322666666667,155.86645333333334,32.98645333333334,779.3938530619122,685.1182490000006,99.69603818615751,"Actual per-layer Q/N/residency; cost equations of experiment1/2, with W=0 for scattered updates."
Fugue-asplos-request-02,18,604,604,3458,2854,604,935.2603063952456,850.7871938528249,0.03132312955648,0.0242649098532864,PIM,"minimum full attention service latency, not energy",0,16.49322666666667,16.49322666666667,155.86645333333334,32.98645333333334,779.3938530619122,685.1182490000006,99.69603818615751,"Actual per-layer Q/N/residency; cost equations of experiment1/2, with W=0 for scattered updates."
Fugue-asplos-request-02,19,604,604,3458,2854,604,935.2603063952456,850.7871938528249,0.03132312955648,0.0242649098532864,PIM,"minimum full attention service latency, not energy",0,16.49322666666667,16.49322666666667,155.86645333333334,32.98645333333334,779.3938530619122,685.1182490000006,99.69603818615751,"Actual per-layer Q/N/residency; cost equations of experiment1/2, with W=0 for scattered updates."
Fugue-asplos-request-02,20,604,604,3458,2854,604,935.2603063952456,850.7871938528249,0.03132312955648,0.0242649098532864,PIM,"minimum full attention service latency, not energy",0,16.49322666666667,16.49322666666667,155.86645333333334,32.98645333333334,779.3938530619122,685.1182490000006,99.69603818615751,"Actual per-layer Q/N/residency; cost equations of experiment1/2, with W=0 for scattered updates."
Fugue-asplos-request-02,21,604,604,3458,2854,604,935.2603063952456,850.7871938528249,0.03132312955648,0.0242649098532864,PIM,"minimum full attention service latency, not energy",0,16.49322666666667,16.49322666666667,155.86645333333334,32.98645333333334,779.3938530619122,685.1182490000006,99.69603818615751,"Actual per-layer Q/N/residency; cost equations of experiment1/2, with W=0 for scattered updates."
Fugue-asplos-request-02,22,604,604,3458,2854,604,935.2603063952456,850.7871938528249,0.03132312955648,0.0242649098532864,PIM,"minimum full attention service latency, not energy",0,16.49322666666667,16.49322666666667,155.86645333333334,32.98645333333334,779.3938530619122,685.1182490000006,99.69603818615751,"Actual per-layer Q/N/residency; cost equations of experiment1/2, with W=0 for scattered updates."
Fugue-asplos-request-02,23,604,604,3458,2854,604,935.2603063952456,850.7871938528249,0.03132312955648,0.0242649098532864,PIM,"minimum full attention service latency, not energy",0,16.49322666666667,16.49322666666667,155.86645333333334,32.98645333333334,779.3938530619122,685.1182490000006,99.69603818615751,"Actual per-layer Q/N/residency; cost equations of experiment1/2, with W=0 for scattered updates."
Fugue-asplos-request-02,24,604,604,3458,2854,604,935.2603063952456,850.7871938528249,0.03132312955648,0.0242649098532864,PIM,"minimum full attention service latency, not energy",0,16.49322666666667,16.49322666666667,155.86645333333334,32.98645333333334,779.3938530619122,685.1182490000006,99.69603818615751,"Actual per-layer Q/N/residency; cost equations of experiment1/2, with W=0 for scattered updates."
Fugue-asplos-request-02,25,604,604,3458,2854,604,935.2603063952456,850.7871938528249,0.03132312955648,0.0242649098532864,PIM,"minimum full attention service latency, not energy",0,16.49322666666667,16.49322666666667,155.86645333333334,32.98645333333334,779.3938530619122,685.1182490000006,99.69603818615751,"Actual per-layer Q/N/residency; cost equations of experiment1/2, with W=0 for scattered updates."
Fugue-asplos-request-02,26,604,604,3458,2854,604,935.2603063952456,850.7871938528249,0.03132312955648,0.0242649098532864,PIM,"minimum full attention service latency, not energy",0,16.49322666666667,16.49322666666667,155.86645333333334,32.98645333333334,779.3938530619122,685.1182490000006,99.69603818615751,"Actual per-layer Q/N/residency; cost equations of experiment1/2, with W=0 for scattered updates."
Fugue-asplos-request-02,27,604,604,3458,2854,604,935.2603063952456,850.7871938528249,0.03132312955648,0.0242649098532864,PIM,"minimum full attention service latency, not energy",0,16.49322666666667,16.49322666666667,155.86645333333334,32.98645333333334,779.3938530619122,685.1182490000006,99.69603818615751,"Actual per-layer Q/N/residency; cost equations of experiment1/2, with W=0 for scattered updates."
Fugue-asplos-request-02,28,604,604,3458,2854,604,935.2603063952456,850.7871938528249,0.03132312955648,0.0242649098532864,PIM,"minimum full attention service latency, not energy",0,16.49322666666667,16.49322666666667,155.86645333333334,32.98645333333334,779.3938530619122,685.1182490000006,99.69603818615751,"Actual per-layer Q/N/residency; cost equations of experiment1/2, with W=0 for scattered updates."
Fugue-asplos-request-02,29,604,604,3458,2854,604,935.2603063952456,850.7871938528249,0.03132312955648,0.0242649098532864,PIM,"minimum full attention service latency, not energy",0,16.49322666666667,16.49322666666667,155.86645333333334,32.98645333333334,779.3938530619122,685.1182490000006,99.69603818615751,"Actual per-layer Q/N/residency; cost equations of experiment1/2, with W=0 for scattered updates."
Fugue-asplos-request-02,30,604,604,3458,2854,604,935.2603063952456,850.7871938528249,0.03132312955648,0.0242649098532864,PIM,"minimum full attention service latency, not energy",0,16.49322666666667,16.49322666666667,155.86645333333334,32.98645333333334,779.3938530619122,685.1182490000006,99.69603818615751,"Actual per-layer Q/N/residency; cost equations of experiment1/2, with W=0 for scattered updates."
Fugue-asplos-request-02,31,604,604,3458,2854,604,935.2603063952456,850.7871938528249,0.03132312955648,0.0242649098532864,PIM,"minimum full attention service latency, not energy",0,16.49322666666667,16.49322666666667,155.86645333333334,32.98645333333334,779.3938530619122,685.1182490000006,99.69603818615751,"Actual per-layer Q/N/residency; cost equations of experiment1/2, with W=0 for scattered updates."
